framework              , test                                                         , time     , p95      , p99      , cv       , group          , family                   , metrics                                                                                         
lite-signal            , avoidablePropagation                                         , 575.31   , 575.31   , 575.31   , 0.000    , baseline       , selective propagation    ,                                                                                                 
lite-signal            , broadPropagation                                             , 516.80   , 516.80   , 516.80   , 0.000    , baseline       , wide fan-out             ,                                                                                                 
lite-signal            , deepPropagation                                              , 226.08   , 226.08   , 226.08   , 0.000    , pull           , linear chain             ,                                                                                                 
lite-signal            , diamond                                                      , 494.11   , 494.11   , 494.11   , 0.000    , baseline       , diamond                  ,                                                                                                 
lite-signal            , mux                                                          , 568.33   , 568.33   , 568.33   , 0.000    , dynamic        , dynamic branch           ,                                                                                                 
lite-signal            , repeatedObservers                                            , 150.98   , 150.98   , 150.98   , 0.000    , baseline       , duplicate observer       ,                                                                                                 
lite-signal            , triangle                                                     , 184.15   , 184.15   , 184.15   , 0.000    , baseline       , glitch-free triangle     ,                                                                                                 
lite-signal            , unstable                                                     , 150.77   , 150.77   , 150.77   , 0.000    , dynamic        , dynamic dependency churn ,                                                                                                 
lite-signal            , manyEffectsFromOneSource                                     , 337.74   , 337.74   , 337.74   , 0.000    , push           , wide fan-out             , checksum=180075672000                                                                           
lite-signal            , manySourcesIntoOneComputedEffectWithDirect                   , 189.86   , 189.86   , 189.86   , 0.000    , pull           , wide fan-in              , checksum=1372929289844                                                                          
lite-signal            , manySourcesIntoOneComputedEffect                             , 183.21   , 183.21   , 183.21   , 0.000    , pull           , wide fan-in              , checksum=1331323690944                                                                          
lite-signal            , manySourcesIntoOneDirectEffect                               , 85.02    , 85.02    , 85.02    , 0.000    , pull           , wide fan-in              , checksum=41605598900                                                                            
lite-signal            , molBench                                                     , 515.21   , 515.21   , 515.21   , 0.000    , dynamic        , mixed app graph          ,                                                                                                 
lite-signal            , createDataSignals                                            , 43.19    , 43.19    , 43.19    , 0.000    , creation       , signal creation          ,                                                                                                 
lite-signal            , createComputations0to1                                       , 52.81    , 52.81    , 52.81    , 0.000    , creation       , computed creation        ,                                                                                                 
lite-signal            , createComputations1to1                                       , 32.10    , 32.10    , 32.10    , 0.000    , creation       , computed creation        ,                                                                                                 
lite-signal            , createComputations2to1                                       , 22.10    , 22.10    , 22.10    , 0.000    , creation       , computed creation        ,                                                                                                 
lite-signal            , createComputations4to1                                       , 6.05     , 6.05     , 6.05     , 0.000    , creation       , computed creation        ,                                                                                                 
lite-signal            , createComputations1000to1                                    , 0.09     , 0.09     , 0.09     , 0.000    , creation       , computed creation        ,                                                                                                 
lite-signal            , createComputations1to2                                       , 44.92    , 44.92    , 44.92    , 0.000    , creation       , computed creation        ,                                                                                                 
lite-signal            , createComputations1to4                                       , 50.58    , 50.58    , 50.58    , 0.000    , creation       , computed creation        ,                                                                                                 
lite-signal            , createComputations1to8                                       , 49.68    , 49.68    , 49.68    , 0.000    , creation       , computed creation        ,                                                                                                 
lite-signal            , createComputations1to1000                                    , 43.15    , 43.15    , 43.15    , 0.000    , creation       , computed creation        ,                                                                                                 
lite-signal            , updateComputations1to1                                       , 7.13     , 7.13     , 7.13     , 0.000    , update         , stable update            ,                                                                                                 
lite-signal            , updateComputations2to1                                       , 5.98     , 5.98     , 5.98     , 0.000    , update         , stable update            ,                                                                                                 
lite-signal            , updateComputations4to1                                       , 4.65     , 4.65     , 4.65     , 0.000    , update         , stable update            ,                                                                                                 
lite-signal            , updateComputations1000to1                                    , 0.24     , 0.24     , 0.24     , 0.000    , update         , stable update            ,                                                                                                 
lite-signal            , updateComputations1to2                                       , 8.87     , 8.87     , 8.87     , 0.000    , update         , stable update            ,                                                                                                 
lite-signal            , updateComputations1to4                                       , 5.34     , 5.34     , 5.34     , 0.000    , update         , stable update            ,                                                                                                 
lite-signal            , updateComputations1to1000                                    , 0.21     , 0.21     , 0.21     , 0.000    , update         , stable update            ,                                                                                                 
lite-signal            , 64x6 - 4 sources - dynamic - read 12% (dashboard selective r , 507.88   , 507.88   , 507.88   , 0.000    , dynamic        , dynamic rectangular DAG  , nodesRecomputed=2642029 nodesVisited=2642029 edgesTraversed=10568081 sinkReads=960008           
lite-signal            , 24x8 - 3 sources - dynamic - read 40% (editor derived state) , 783.11   , 783.11   , 783.11   , 0.000    , dynamic        , dynamic rectangular DAG  , nodesRecomputed=4736332 nodesVisited=4736332 edgesTraversed=14208887 sinkReads=900010           
lite-signal            , 120x7 - 5 sources - dynamic - read 18% (kanban board)        , 429.08   , 429.08   , 429.08   , 0.000    , dynamic        , dynamic rectangular DAG  , nodesRecomputed=1765496 nodesVisited=1765496 edgesTraversed=8827231 sinkReads=660022            
lite-signal            , 40x10 - 4 sources - dynamic - read 60% (entity detail page)  , 830.44   , 830.44   , 830.44   , 0.000    , dynamic        , dynamic rectangular DAG  , nodesRecomputed=3984210 nodesVisited=3984210 edgesTraversed=15936789 sinkReads=720024           
lite-signal            , 256->512x32 - fanIn 4 - layered-dag - 4 sources (layered ful , 188.04   , 188.04   , 188.04   , 0.000    , large_graph    , layered DAG              , nodesRecomputed=249624 nodesVisited=249624 edgesTraversed=998496 sinkReads=61952                
lite-signal            , 256->512x32 - fanIn 4 - layered-dag - 4 sources - warm 320 ( , 259.41   , 259.41   , 259.41   , 0.000    , large_graph    , layered DAG              , nodesRecomputed=235200 nodesVisited=235200 edgesTraversed=940800 sinkReads=61952                
lite-signal            , 256->512x32 - fanIn 8 - layered-dag - 8 sources - burst 16 - , 3471.89  , 3471.89  , 3471.89  , 0.000    , large_graph    , layered DAG              , nodesRecomputed=1529088 nodesVisited=1529088 edgesTraversed=12232704 sinkReads=49664            
lite-signal            , 256->512x32 - fanIn 8 - diamond-mesh - 8 sources - warm 256  , 11.14    , 11.14    , 11.14    , 0.000    , large_graph    , diamond mesh             , nodesRecomputed=24576 nodesVisited=24576 edgesTraversed=196608 sinkReads=49664                  
lite-signal            , 32x8 - 4 sources - pull (pure pull)                          , 31.67    , 31.67    , 31.67    , 0.000    , pull           , stable rectangular DAG   , nodesRecomputed=224 nodesVisited=224 edgesTraversed=896 sinkReads=32                            
lite-signal            , 8x64 - 1 sources - pull (linear chain - 1 source - pull (lin , 40.40    , 40.40    , 40.40    , 0.000    , pull           , stable rectangular DAG   , nodesRecomputed=504 nodesVisited=504 edgesTraversed=504 sinkReads=8                             
lite-signal            , 64x4 - 8 sources - pull (wide tree - 8 sources - pull (branc , 35.83    , 35.83    , 35.83    , 0.000    , pull           , stable rectangular DAG   , nodesRecomputed=192 nodesVisited=192 edgesTraversed=1536 sinkReads=64                           
lite-signal            , 32x8 - 4 sources - push (pure push)                          , 224.98   , 224.98   , 224.98   , 0.000    , pull           , stable rectangular DAG   , nodesRecomputed=910133 nodesVisited=910133 edgesTraversed=3640532 sinkReads=220010              
lite-signal            , 10x5 - 2 sources - read 20% (simple component)               , 377.51   , 377.51   , 377.51   , 0.000    , pull           , stable rectangular DAG   , nodesRecomputed=3180010 nodesVisited=3180010 edgesTraversed=6360020 sinkReads=1200002           
lite-signal            , 10x10 - 6 sources - dynamic - read 20% (dynamic component)   , 296.06   , 296.06   , 296.06   , 0.000    , dynamic        , dynamic rectangular DAG  , nodesRecomputed=1140004 nodesVisited=1140004 edgesTraversed=6839936 sinkReads=30002             
lite-signal            , 1000x12 - 4 sources - dynamic (large web app)                , 561.87   , 561.87   , 561.87   , 0.000    , dynamic        , dynamic rectangular DAG  , nodesRecomputed=1473786 nodesVisited=1473786 edgesTraversed=5891713 sinkReads=7001000           
lite-signal            , 1000x5 - 25 sources (wide dense)                             , 820.15   , 820.15   , 820.15   , 0.000    , pull           , stable rectangular DAG   , nodesRecomputed=735756 nodesVisited=735756 edgesTraversed=18393900 sinkReads=3001000            
lite-signal            , 5x500 - 3 sources (deep)                                     , 346.59   , 346.59   , 346.59   , 0.000    , pull           , stable rectangular DAG   , nodesRecomputed=1246502 nodesVisited=1246502 edgesTraversed=3739506 sinkReads=2505              
reflex                 , avoidablePropagation                                         , 573.14   , 573.14   , 573.14   , 0.000    , baseline       , selective propagation    ,                                                                                                 
reflex                 , broadPropagation                                             , 555.17   , 555.17   , 555.17   , 0.000    , baseline       , wide fan-out             ,                                                                                                 
reflex                 , deepPropagation                                              , 219.05   , 219.05   , 219.05   , 0.000    , pull           , linear chain             ,                                                                                                 
reflex                 , diamond                                                      , 487.89   , 487.89   , 487.89   , 0.000    , baseline       , diamond                  ,                                                                                                 
reflex                 , mux                                                          , 578.37   , 578.37   , 578.37   , 0.000    , dynamic        , dynamic branch           ,                                                                                                 
reflex                 , repeatedObservers                                            , 123.12   , 123.12   , 123.12   , 0.000    , baseline       , duplicate observer       ,                                                                                                 
reflex                 , triangle                                                     , 168.48   , 168.48   , 168.48   , 0.000    , baseline       , glitch-free triangle     ,                                                                                                 
reflex                 , unstable                                                     , 144.69   , 144.69   , 144.69   , 0.000    , dynamic        , dynamic dependency churn ,                                                                                                 
reflex                 , manyEffectsFromOneSource                                     , 458.11   , 458.11   , 458.11   , 0.000    , push           , wide fan-out             , checksum=180075672000                                                                           
reflex                 , manySourcesIntoOneComputedEffectWithDirect                   , 194.93   , 194.93   , 194.93   , 0.000    , pull           , wide fan-in              , checksum=1372929289844                                                                          
reflex                 , manySourcesIntoOneComputedEffect                             , 184.63   , 184.63   , 184.63   , 0.000    , pull           , wide fan-in              , checksum=1331323690944                                                                          
reflex                 , manySourcesIntoOneDirectEffect                               , 81.05    , 81.05    , 81.05    , 0.000    , pull           , wide fan-in              , checksum=41605598900                                                                            
reflex                 , molBench                                                     , 523.21   , 523.21   , 523.21   , 0.000    , dynamic        , mixed app graph          ,                                                                                                 
reflex                 , createDataSignals                                            , 8.34     , 8.34     , 8.34     , 0.000    , creation       , signal creation          ,                                                                                                 
reflex                 , createComputations0to1                                       , 3.36     , 3.36     , 3.36     , 0.000    , creation       , computed creation        ,                                                                                                 
reflex                 , createComputations1to1                                       , 1.22     , 1.22     , 1.22     , 0.000    , creation       , computed creation        ,                                                                                                 
reflex                 , createComputations2to1                                       , 7.71     , 7.71     , 7.71     , 0.000    , creation       , computed creation        ,                                                                                                 
reflex                 , createComputations4to1                                       , 4.59     , 4.59     , 4.59     , 0.000    , creation       , computed creation        ,                                                                                                 
reflex                 , createComputations1000to1                                    , 0.06     , 0.06     , 0.06     , 0.000    , creation       , computed creation        ,                                                                                                 
reflex                 , createComputations1to2                                       , 11.78    , 11.78    , 11.78    , 0.000    , creation       , computed creation        ,                                                                                                 
reflex                 , createComputations1to4                                       , 6.87     , 6.87     , 6.87     , 0.000    , creation       , computed creation        ,                                                                                                 
reflex                 , createComputations1to8                                       , 7.96     , 7.96     , 7.96     , 0.000    , creation       , computed creation        ,                                                                                                 
reflex                 , createComputations1to1000                                    , 7.16     , 7.16     , 7.16     , 0.000    , creation       , computed creation        ,                                                                                                 
reflex                 , updateComputations1to1                                       , 7.11     , 7.11     , 7.11     , 0.000    , update         , stable update            ,                                                                                                 
reflex                 , updateComputations2to1                                       , 7.61     , 7.61     , 7.61     , 0.000    , update         , stable update            ,                                                                                                 
reflex                 , updateComputations4to1                                       , 4.81     , 4.81     , 4.81     , 0.000    , update         , stable update            ,                                                                                                 
reflex                 , updateComputations1000to1                                    , 0.42     , 0.42     , 0.42     , 0.000    , update         , stable update            ,                                                                                                 
reflex                 , updateComputations1to2                                       , 4.81     , 4.81     , 4.81     , 0.000    , update         , stable update            ,                                                                                                 
reflex                 , updateComputations1to4                                       , 3.21     , 3.21     , 3.21     , 0.000    , update         , stable update            ,                                                                                                 
reflex                 , updateComputations1to1000                                    , 0.36     , 0.36     , 0.36     , 0.000    , update         , stable update            ,                                                                                                 
reflex                 , 64x6 - 4 sources - dynamic - read 12% (dashboard selective r , 499.12   , 499.12   , 499.12   , 0.000    , dynamic        , dynamic rectangular DAG  , nodesRecomputed=2642029 nodesVisited=2642029 edgesTraversed=10568081 sinkReads=960008           
reflex                 , 24x8 - 3 sources - dynamic - read 40% (editor derived state) , 721.74   , 721.74   , 721.74   , 0.000    , dynamic        , dynamic rectangular DAG  , nodesRecomputed=4736332 nodesVisited=4736332 edgesTraversed=14208887 sinkReads=900010           
reflex                 , 120x7 - 5 sources - dynamic - read 18% (kanban board)        , 399.43   , 399.43   , 399.43   , 0.000    , dynamic        , dynamic rectangular DAG  , nodesRecomputed=1765496 nodesVisited=1765496 edgesTraversed=8827231 sinkReads=660022            
reflex                 , 40x10 - 4 sources - dynamic - read 60% (entity detail page)  , 737.40   , 737.40   , 737.40   , 0.000    , dynamic        , dynamic rectangular DAG  , nodesRecomputed=3984210 nodesVisited=3984210 edgesTraversed=15936789 sinkReads=720024           
reflex                 , 256->512x32 - fanIn 4 - layered-dag - 4 sources (layered ful , 161.30   , 161.30   , 161.30   , 0.000    , large_graph    , layered DAG              , nodesRecomputed=249624 nodesVisited=249624 edgesTraversed=998496 sinkReads=61952                
reflex                 , 256->512x32 - fanIn 4 - layered-dag - 4 sources - warm 320 ( , 136.55   , 136.55   , 136.55   , 0.000    , large_graph    , layered DAG              , nodesRecomputed=235200 nodesVisited=235200 edgesTraversed=940800 sinkReads=61952                
reflex                 , 256->512x32 - fanIn 8 - layered-dag - 8 sources - burst 16 - , 1421.93  , 1421.93  , 1421.93  , 0.000    , large_graph    , layered DAG              , nodesRecomputed=1529088 nodesVisited=1529088 edgesTraversed=12232704 sinkReads=49664            
reflex                 , 256->512x32 - fanIn 8 - diamond-mesh - 8 sources - warm 256  , 9.44     , 9.44     , 9.44     , 0.000    , large_graph    , diamond mesh             , nodesRecomputed=24576 nodesVisited=24576 edgesTraversed=196608 sinkReads=49664                  
reflex                 , 32x8 - 4 sources - pull (pure pull)                          , 34.77    , 34.77    , 34.77    , 0.000    , pull           , stable rectangular DAG   , nodesRecomputed=224 nodesVisited=224 edgesTraversed=896 sinkReads=32                            
reflex                 , 8x64 - 1 sources - pull (linear chain - 1 source - pull (lin , 36.49    , 36.49    , 36.49    , 0.000    , pull           , stable rectangular DAG   , nodesRecomputed=504 nodesVisited=504 edgesTraversed=504 sinkReads=8                             
reflex                 , 64x4 - 8 sources - pull (wide tree - 8 sources - pull (branc , 38.91    , 38.91    , 38.91    , 0.000    , pull           , stable rectangular DAG   , nodesRecomputed=192 nodesVisited=192 edgesTraversed=1536 sinkReads=64                           
reflex                 , 32x8 - 4 sources - push (pure push)                          , 204.57   , 204.57   , 204.57   , 0.000    , pull           , stable rectangular DAG   , nodesRecomputed=910133 nodesVisited=910133 edgesTraversed=3640532 sinkReads=220010              
reflex                 , 10x5 - 2 sources - read 20% (simple component)               , 389.44   , 389.44   , 389.44   , 0.000    , pull           , stable rectangular DAG   , nodesRecomputed=3180010 nodesVisited=3180010 edgesTraversed=6360020 sinkReads=1200002           
reflex                 , 10x10 - 6 sources - dynamic - read 20% (dynamic component)   , 304.42   , 304.42   , 304.42   , 0.000    , dynamic        , dynamic rectangular DAG  , nodesRecomputed=1140004 nodesVisited=1140004 edgesTraversed=6839936 sinkReads=30002             
reflex                 , 1000x12 - 4 sources - dynamic (large web app)                , 503.49   , 503.49   , 503.49   , 0.000    , dynamic        , dynamic rectangular DAG  , nodesRecomputed=1473786 nodesVisited=1473786 edgesTraversed=5891713 sinkReads=7001000           
reflex                 , 1000x5 - 25 sources (wide dense)                             , 924.69   , 924.69   , 924.69   , 0.000    , pull           , stable rectangular DAG   , nodesRecomputed=735756 nodesVisited=735756 edgesTraversed=18393900 sinkReads=3001000            
reflex                 , 5x500 - 3 sources (deep)                                     , 381.96   , 381.96   , 381.96   , 0.000    , pull           , stable rectangular DAG   , nodesRecomputed=1246502 nodesVisited=1246502 edgesTraversed=3739506 sinkReads=2505              
alien-signals          , avoidablePropagation                                         , 658.22   , 658.22   , 658.22   , 0.000    , baseline       , selective propagation    ,                                                                                                 
alien-signals          , broadPropagation                                             , 533.85   , 533.85   , 533.85   , 0.000    , baseline       , wide fan-out             ,                                                                                                 
alien-signals          , deepPropagation                                              , 205.73   , 205.73   , 205.73   , 0.000    , pull           , linear chain             ,                                                                                                 
alien-signals          , diamond                                                      , 451.72   , 451.72   , 451.72   , 0.000    , baseline       , diamond                  ,                                                                                                 
alien-signals          , mux                                                          , 531.01   , 531.01   , 531.01   , 0.000    , dynamic        , dynamic branch           ,                                                                                                 
alien-signals          , repeatedObservers                                            , 127.02   , 127.02   , 127.02   , 0.000    , baseline       , duplicate observer       ,                                                                                                 
alien-signals          , triangle                                                     , 167.33   , 167.33   , 167.33   , 0.000    , baseline       , glitch-free triangle     ,                                                                                                 
alien-signals          , unstable                                                     , 151.22   , 151.22   , 151.22   , 0.000    , dynamic        , dynamic dependency churn ,                                                                                                 
alien-signals          , manyEffectsFromOneSource                                     , 350.20   , 350.20   , 350.20   , 0.000    , push           , wide fan-out             , checksum=180075672000                                                                           
alien-signals          , manySourcesIntoOneComputedEffectWithDirect                   , 227.15   , 227.15   , 227.15   , 0.000    , pull           , wide fan-in              , checksum=1372929289844                                                                          
alien-signals          , manySourcesIntoOneComputedEffect                             , 221.83   , 221.83   , 221.83   , 0.000    , pull           , wide fan-in              , checksum=1331323690944                                                                          
alien-signals          , manySourcesIntoOneDirectEffect                               , 82.40    , 82.40    , 82.40    , 0.000    , pull           , wide fan-in              , checksum=41605598900                                                                            
alien-signals          , molBench                                                     , 518.22   , 518.22   , 518.22   , 0.000    , dynamic        , mixed app graph          ,                                                                                                 
alien-signals          , createDataSignals                                            , 7.73     , 7.73     , 7.73     , 0.000    , creation       , signal creation          ,                                                                                                 
alien-signals          , createComputations0to1                                       , 6.20     , 6.20     , 6.20     , 0.000    , creation       , computed creation        ,                                                                                                 
alien-signals          , createComputations1to1                                       , 4.86     , 4.86     , 4.86     , 0.000    , creation       , computed creation        ,                                                                                                 
alien-signals          , createComputations2to1                                       , 4.56     , 4.56     , 4.56     , 0.000    , creation       , computed creation        ,                                                                                                 
alien-signals          , createComputations4to1                                       , 7.62     , 7.62     , 7.62     , 0.000    , creation       , computed creation        ,                                                                                                 
alien-signals          , createComputations1000to1                                    , 0.08     , 0.08     , 0.08     , 0.000    , creation       , computed creation        ,                                                                                                 
alien-signals          , createComputations1to2                                       , 8.18     , 8.18     , 8.18     , 0.000    , creation       , computed creation        ,                                                                                                 
alien-signals          , createComputations1to4                                       , 4.96     , 4.96     , 4.96     , 0.000    , creation       , computed creation        ,                                                                                                 
alien-signals          , createComputations1to8                                       , 4.29     , 4.29     , 4.29     , 0.000    , creation       , computed creation        ,                                                                                                 
alien-signals          , createComputations1to1000                                    , 6.28     , 6.28     , 6.28     , 0.000    , creation       , computed creation        ,                                                                                                 
alien-signals          , updateComputations1to1                                       , 10.69    , 10.69    , 10.69    , 0.000    , update         , stable update            ,                                                                                                 
alien-signals          , updateComputations2to1                                       , 5.13     , 5.13     , 5.13     , 0.000    , update         , stable update            ,                                                                                                 
alien-signals          , updateComputations4to1                                       , 4.01     , 4.01     , 4.01     , 0.000    , update         , stable update            ,                                                                                                 
alien-signals          , updateComputations1000to1                                    , 0.11     , 0.11     , 0.11     , 0.000    , update         , stable update            ,                                                                                                 
alien-signals          , updateComputations1to2                                       , 5.64     , 5.64     , 5.64     , 0.000    , update         , stable update            ,                                                                                                 
alien-signals          , updateComputations1to4                                       , 4.76     , 4.76     , 4.76     , 0.000    , update         , stable update            ,                                                                                                 
alien-signals          , updateComputations1to1000                                    , 0.14     , 0.14     , 0.14     , 0.000    , update         , stable update            ,                                                                                                 
alien-signals          , 64x6 - 4 sources - dynamic - read 12% (dashboard selective r , 483.30   , 483.30   , 483.30   , 0.000    , dynamic        , dynamic rectangular DAG  , nodesRecomputed=2642029 nodesVisited=2642029 edgesTraversed=10568081 sinkReads=960008           
alien-signals          , 24x8 - 3 sources - dynamic - read 40% (editor derived state) , 703.34   , 703.34   , 703.34   , 0.000    , dynamic        , dynamic rectangular DAG  , nodesRecomputed=4736332 nodesVisited=4736332 edgesTraversed=14208887 sinkReads=900010           
alien-signals          , 120x7 - 5 sources - dynamic - read 18% (kanban board)        , 418.45   , 418.45   , 418.45   , 0.000    , dynamic        , dynamic rectangular DAG  , nodesRecomputed=1765496 nodesVisited=1765496 edgesTraversed=8827231 sinkReads=660022            
alien-signals          , 40x10 - 4 sources - dynamic - read 60% (entity detail page)  , 837.02   , 837.02   , 837.02   , 0.000    , dynamic        , dynamic rectangular DAG  , nodesRecomputed=3984210 nodesVisited=3984210 edgesTraversed=15936789 sinkReads=720024           
alien-signals          , 256->512x32 - fanIn 4 - layered-dag - 4 sources (layered ful , 175.13   , 175.13   , 175.13   , 0.000    , large_graph    , layered DAG              , nodesRecomputed=249624 nodesVisited=249624 edgesTraversed=998496 sinkReads=61952                
alien-signals          , 256->512x32 - fanIn 4 - layered-dag - 4 sources - warm 320 ( , 202.29   , 202.29   , 202.29   , 0.000    , large_graph    , layered DAG              , nodesRecomputed=235200 nodesVisited=235200 edgesTraversed=940800 sinkReads=61952                
alien-signals          , 256->512x32 - fanIn 8 - layered-dag - 8 sources - burst 16 - , 1624.93  , 1624.93  , 1624.93  , 0.000    , large_graph    , layered DAG              , nodesRecomputed=1529088 nodesVisited=1529088 edgesTraversed=12232704 sinkReads=49664            
alien-signals          , 256->512x32 - fanIn 8 - diamond-mesh - 8 sources - warm 256  , 8.09     , 8.09     , 8.09     , 0.000    , large_graph    , diamond mesh             , nodesRecomputed=24576 nodesVisited=24576 edgesTraversed=196608 sinkReads=49664                  
alien-signals          , 32x8 - 4 sources - pull (pure pull)                          , 49.05    , 49.05    , 49.05    , 0.000    , pull           , stable rectangular DAG   , nodesRecomputed=224 nodesVisited=224 edgesTraversed=896 sinkReads=32                            
alien-signals          , 8x64 - 1 sources - pull (linear chain - 1 source - pull (lin , 36.73    , 36.73    , 36.73    , 0.000    , pull           , stable rectangular DAG   , nodesRecomputed=504 nodesVisited=504 edgesTraversed=504 sinkReads=8                             
alien-signals          , 64x4 - 8 sources - pull (wide tree - 8 sources - pull (branc , 31.65    , 31.65    , 31.65    , 0.000    , pull           , stable rectangular DAG   , nodesRecomputed=192 nodesVisited=192 edgesTraversed=1536 sinkReads=64                           
alien-signals          , 32x8 - 4 sources - push (pure push)                          , 182.29   , 182.29   , 182.29   , 0.000    , pull           , stable rectangular DAG   , nodesRecomputed=910133 nodesVisited=910133 edgesTraversed=3640532 sinkReads=220010              
alien-signals          , 10x5 - 2 sources - read 20% (simple component)               , 320.92   , 320.92   , 320.92   , 0.000    , pull           , stable rectangular DAG   , nodesRecomputed=3180010 nodesVisited=3180010 edgesTraversed=6360020 sinkReads=1200002           
alien-signals          , 10x10 - 6 sources - dynamic - read 20% (dynamic component)   , 281.33   , 281.33   , 281.33   , 0.000    , dynamic        , dynamic rectangular DAG  , nodesRecomputed=1140004 nodesVisited=1140004 edgesTraversed=6839936 sinkReads=30002             
alien-signals          , 1000x12 - 4 sources - dynamic (large web app)                , 447.81   , 447.81   , 447.81   , 0.000    , dynamic        , dynamic rectangular DAG  , nodesRecomputed=1473786 nodesVisited=1473786 edgesTraversed=5891713 sinkReads=7001000           
alien-signals          , 1000x5 - 25 sources (wide dense)                             , 766.02   , 766.02   , 766.02   , 0.000    , pull           , stable rectangular DAG   , nodesRecomputed=735756 nodesVisited=735756 edgesTraversed=18393900 sinkReads=3001000            
alien-signals          , 5x500 - 3 sources (deep)                                     , 236.32   , 236.32   , 236.32   , 0.000    , pull           , stable rectangular DAG   , nodesRecomputed=1246502 nodesVisited=1246502 edgesTraversed=3739506 sinkReads=2505              
@solidjs/signals       , avoidablePropagation                                         , 1999.00  , 1999.00  , 1999.00  , 0.000    , baseline       , selective propagation    ,                                                                                                 
@solidjs/signals       , broadPropagation                                             , 3493.45  , 3493.45  , 3493.45  , 0.000    , baseline       , wide fan-out             ,                                                                                                 
@solidjs/signals       , deepPropagation                                              , 1078.96  , 1078.96  , 1078.96  , 0.000    , pull           , linear chain             ,                                                                                                 
@solidjs/signals       , diamond                                                      , 2327.48  , 2327.48  , 2327.48  , 0.000    , baseline       , diamond                  ,                                                                                                 
@solidjs/signals       , mux                                                          , 1123.71  , 1123.71  , 1123.71  , 0.000    , dynamic        , dynamic branch           ,                                                                                                 
@solidjs/signals       , repeatedObservers                                            , 489.70   , 489.70   , 489.70   , 0.000    , baseline       , duplicate observer       ,                                                                                                 
@solidjs/signals       , triangle                                                     , 761.53   , 761.53   , 761.53   , 0.000    , baseline       , glitch-free triangle     ,                                                                                                 
@solidjs/signals       , unstable                                                     , 585.73   , 585.73   , 585.73   , 0.000    , dynamic        , dynamic dependency churn ,                                                                                                 
@solidjs/signals       , manyEffectsFromOneSource                                     , 2409.49  , 2409.49  , 2409.49  , 0.000    , push           , wide fan-out             , checksum=180075672000                                                                           
@solidjs/signals       , manySourcesIntoOneComputedEffectWithDirect                   , 660.93   , 660.93   , 660.93   , 0.000    , pull           , wide fan-in              , checksum=1372929289844                                                                          
@solidjs/signals       , manySourcesIntoOneComputedEffect                             , 616.22   , 616.22   , 616.22   , 0.000    , pull           , wide fan-in              , checksum=1331323690944                                                                          
@solidjs/signals       , manySourcesIntoOneDirectEffect                               , 189.02   , 189.02   , 189.02   , 0.000    , pull           , wide fan-in              , checksum=41605598900                                                                            
@solidjs/signals       , molBench                                                     , 781.28   , 781.28   , 781.28   , 0.000    , dynamic        , mixed app graph          ,                                                                                                 
@solidjs/signals       , createDataSignals                                            , 17.70    , 17.70    , 17.70    , 0.000    , creation       , signal creation          ,                                                                                                 
@solidjs/signals       , createComputations0to1                                       , 72.72    , 72.72    , 72.72    , 0.000    , creation       , computed creation        ,                                                                                                 
@solidjs/signals       , createComputations1to1                                       , 67.20    , 67.20    , 67.20    , 0.000    , creation       , computed creation        ,                                                                                                 
@solidjs/signals       , createComputations2to1                                       , 70.53    , 70.53    , 70.53    , 0.000    , creation       , computed creation        ,                                                                                                 
@solidjs/signals       , createComputations4to1                                       , 51.94    , 51.94    , 51.94    , 0.000    , creation       , computed creation        ,                                                                                                 
@solidjs/signals       , createComputations1000to1                                    , 37.25    , 37.25    , 37.25    , 0.000    , creation       , computed creation        ,                                                                                                 
@solidjs/signals       , createComputations1to2                                       , 75.43    , 75.43    , 75.43    , 0.000    , creation       , computed creation        ,                                                                                                 
@solidjs/signals       , createComputations1to4                                       , 69.01    , 69.01    , 69.01    , 0.000    , creation       , computed creation        ,                                                                                                 
@solidjs/signals       , createComputations1to8                                       , 74.28    , 74.28    , 74.28    , 0.000    , creation       , computed creation        ,                                                                                                 
@solidjs/signals       , createComputations1to1000                                    , 76.77    , 76.77    , 76.77    , 0.000    , creation       , computed creation        ,                                                                                                 
@solidjs/signals       , updateComputations1to1                                       , 14.08    , 14.08    , 14.08    , 0.000    , update         , stable update            ,                                                                                                 
@solidjs/signals       , updateComputations2to1                                       , 14.02    , 14.02    , 14.02    , 0.000    , update         , stable update            ,                                                                                                 
@solidjs/signals       , updateComputations4to1                                       , 11.20    , 11.20    , 11.20    , 0.000    , update         , stable update            ,                                                                                                 
@solidjs/signals       , updateComputations1000to1                                    , 0.84     , 0.84     , 0.84     , 0.000    , update         , stable update            ,                                                                                                 
@solidjs/signals       , updateComputations1to2                                       , 11.90    , 11.90    , 11.90    , 0.000    , update         , stable update            ,                                                                                                 
@solidjs/signals       , updateComputations1to4                                       , 8.92     , 8.92     , 8.92     , 0.000    , update         , stable update            ,                                                                                                 
@solidjs/signals       , updateComputations1to1000                                    , 8.96     , 8.96     , 8.96     , 0.000    , update         , stable update            ,                                                                                                 
@solidjs/signals       , 64x6 - 4 sources - dynamic - read 12% (dashboard selective r , 3431.56  , 3431.56  , 3431.56  , 0.000    , dynamic        , dynamic rectangular DAG  , nodesRecomputed=6000270 nodesVisited=6000270 edgesTraversed=24001017 sinkReads=960008 fallbackCo
@solidjs/signals       , 24x8 - 3 sources - dynamic - read 40% (editor derived state) , 2759.18  , 2759.18  , 2759.18  , 0.000    , dynamic        , dynamic rectangular DAG  , nodesRecomputed=5670087 nodesVisited=5670087 edgesTraversed=17010146 sinkReads=900010 fallbackCo
@solidjs/signals       , 120x7 - 5 sources - dynamic - read 18% (kanban board)        , 1597.39  , 1597.39  , 1597.39  , 0.000    , dynamic        , dynamic rectangular DAG  , nodesRecomputed=2700620 nodesVisited=2700620 edgesTraversed=13502767 sinkReads=660022 fallbackCo
@solidjs/signals       , 40x10 - 4 sources - dynamic - read 60% (entity detail page)  , 2622.85  , 2622.85  , 2622.85  , 0.000    , dynamic        , dynamic rectangular DAG  , nodesRecomputed=4320213 nodesVisited=4320213 edgesTraversed=17280788 sinkReads=720024 fallbackCo
@solidjs/signals       , 256->512x32 - fanIn 4 - layered-dag - 4 sources (layered ful , 339.78   , 339.78   , 339.78   , 0.000    , large_graph    , layered DAG              , nodesRecomputed=233240 nodesVisited=233240 edgesTraversed=932960 sinkReads=61952 fallbackCount=0
@solidjs/signals       , 256->512x32 - fanIn 4 - layered-dag - 4 sources - warm 320 ( , 311.42   , 311.42   , 311.42   , 0.000    , large_graph    , layered DAG              , nodesRecomputed=235200 nodesVisited=235200 edgesTraversed=940800 sinkReads=61952 fallbackCount=0
@solidjs/signals       , 256->512x32 - fanIn 8 - layered-dag - 8 sources - burst 16 - , 2312.89  , 2312.89  , 2312.89  , 0.000    , large_graph    , layered DAG              , nodesRecomputed=1529088 nodesVisited=1529088 edgesTraversed=12232704 sinkReads=49664 fallbackCou
@solidjs/signals       , 256->512x32 - fanIn 8 - diamond-mesh - 8 sources - warm 256  , 27.74    , 27.74    , 27.74    , 0.000    , large_graph    , diamond mesh             , nodesRecomputed=24576 nodesVisited=24576 edgesTraversed=196608 sinkReads=49664 fallbackCount=0 h
@solidjs/signals       , 32x8 - 4 sources - pull (pure pull)                          , 40.39    , 40.39    , 40.39    , 0.000    , pull           , stable rectangular DAG   , nodesRecomputed=448 nodesVisited=448 edgesTraversed=1792 sinkReads=32 fallbackCount=0 heightAdju
@solidjs/signals       , 8x64 - 1 sources - pull (linear chain - 1 source - pull (lin , 39.34    , 39.34    , 39.34    , 0.000    , pull           , stable rectangular DAG   , nodesRecomputed=1008 nodesVisited=1008 edgesTraversed=1008 sinkReads=8 fallbackCount=0 heightAdj
@solidjs/signals       , 64x4 - 8 sources - pull (wide tree - 8 sources - pull (branc , 40.40    , 40.40    , 40.40    , 0.000    , pull           , stable rectangular DAG   , nodesRecomputed=384 nodesVisited=384 edgesTraversed=3072 sinkReads=64 fallbackCount=0 heightAdju
@solidjs/signals       , 32x8 - 4 sources - push (pure push)                          , 792.30   , 792.30   , 792.30   , 0.000    , pull           , stable rectangular DAG   , nodesRecomputed=910133 nodesVisited=910133 edgesTraversed=3640532 sinkReads=220010 fallbackCount
@solidjs/signals       , 10x5 - 2 sources - read 20% (simple component)               , 3530.24  , 3530.24  , 3530.24  , 0.000    , pull           , stable rectangular DAG   , nodesRecomputed=8400026 nodesVisited=8400026 edgesTraversed=16800052 sinkReads=1200002 fallbackC
@solidjs/signals       , 10x10 - 6 sources - dynamic - read 20% (dynamic component)   , 877.90   , 877.90   , 877.90   , 0.000    , dynamic        , dynamic rectangular DAG  , nodesRecomputed=1290004 nodesVisited=1290004 edgesTraversed=7739922 sinkReads=30002 fallbackCoun
@solidjs/signals       , 1000x12 - 4 sources - dynamic (large web app)                , 1129.93  , 1129.93  , 1129.93  , 0.000    , dynamic        , dynamic rectangular DAG  , nodesRecomputed=1473786 nodesVisited=1473786 edgesTraversed=5891713 sinkReads=7001000 fallbackCo
@solidjs/signals       , 1000x5 - 25 sources (wide dense)                             , 1758.51  , 1758.51  , 1758.51  , 0.000    , pull           , stable rectangular DAG   , nodesRecomputed=735756 nodesVisited=735756 edgesTraversed=18393900 sinkReads=3001000 fallbackCou
@solidjs/signals       , 5x500 - 3 sources (deep)                                     , 782.23   , 782.23   , 782.23   , 0.000    , pull           , stable rectangular DAG   , nodesRecomputed=1246502 nodesVisited=1246502 edgesTraversed=3739506 sinkReads=2505 fallbackCount
Preact Signals         , avoidablePropagation                                         , 595.55   , 595.55   , 595.55   , 0.000    , baseline       , selective propagation    ,                                                                                                 
Preact Signals         , broadPropagation                                             , 577.77   , 577.77   , 577.77   , 0.000    , baseline       , wide fan-out             ,                                                                                                 
Preact Signals         , deepPropagation                                              , 254.44   , 254.44   , 254.44   , 0.000    , pull           , linear chain             ,                                                                                                 
Preact Signals         , diamond                                                      , 544.23   , 544.23   , 544.23   , 0.000    , baseline       , diamond                  ,                                                                                                 
Preact Signals         , mux                                                          , 569.74   , 569.74   , 569.74   , 0.000    , dynamic        , dynamic branch           ,                                                                                                 
Preact Signals         , repeatedObservers                                            , 153.14   , 153.14   , 153.14   , 0.000    , baseline       , duplicate observer       ,                                                                                                 
Preact Signals         , triangle                                                     , 212.81   , 212.81   , 212.81   , 0.000    , baseline       , glitch-free triangle     ,                                                                                                 
Preact Signals         , unstable                                                     , 164.47   , 164.47   , 164.47   , 0.000    , dynamic        , dynamic dependency churn ,                                                                                                 
Preact Signals         , manyEffectsFromOneSource                                     , 513.66   , 513.66   , 513.66   , 0.000    , push           , wide fan-out             , checksum=180075672000                                                                           
Preact Signals         , manySourcesIntoOneComputedEffectWithDirect                   , 334.51   , 334.51   , 334.51   , 0.000    , pull           , wide fan-in              , checksum=1372929289844                                                                          
Preact Signals         , manySourcesIntoOneComputedEffect                             , 389.87   , 389.87   , 389.87   , 0.000    , pull           , wide fan-in              , checksum=1331323690944                                                                          
Preact Signals         , manySourcesIntoOneDirectEffect                               , 101.66   , 101.66   , 101.66   , 0.000    , pull           , wide fan-in              , checksum=41605598900                                                                            
Preact Signals         , molBench                                                     , 523.98   , 523.98   , 523.98   , 0.000    , dynamic        , mixed app graph          ,                                                                                                 
Preact Signals         , createDataSignals                                            , 9.04     , 9.04     , 9.04     , 0.000    , creation       , signal creation          ,                                                                                                 
Preact Signals         , createComputations0to1                                       , 9.19     , 9.19     , 9.19     , 0.000    , creation       , computed creation        ,                                                                                                 
Preact Signals         , createComputations1to1                                       , 19.43    , 19.43    , 19.43    , 0.000    , creation       , computed creation        ,                                                                                                 
Preact Signals         , createComputations2to1                                       , 15.03    , 15.03    , 15.03    , 0.000    , creation       , computed creation        ,                                                                                                 
Preact Signals         , createComputations4to1                                       , 11.49    , 11.49    , 11.49    , 0.000    , creation       , computed creation        ,                                                                                                 
Preact Signals         , createComputations1000to1                                    , 0.11     , 0.11     , 0.11     , 0.000    , creation       , computed creation        ,                                                                                                 
Preact Signals         , createComputations1to2                                       , 10.68    , 10.68    , 10.68    , 0.000    , creation       , computed creation        ,                                                                                                 
Preact Signals         , createComputations1to4                                       , 8.63     , 8.63     , 8.63     , 0.000    , creation       , computed creation        ,                                                                                                 
Preact Signals         , createComputations1to8                                       , 15.86    , 15.86    , 15.86    , 0.000    , creation       , computed creation        ,                                                                                                 
Preact Signals         , createComputations1to1000                                    , 13.77    , 13.77    , 13.77    , 0.000    , creation       , computed creation        ,                                                                                                 
Preact Signals         , updateComputations1to1                                       , 6.45     , 6.45     , 6.45     , 0.000    , update         , stable update            ,                                                                                                 
Preact Signals         , updateComputations2to1                                       , 4.59     , 4.59     , 4.59     , 0.000    , update         , stable update            ,                                                                                                 
Preact Signals         , updateComputations4to1                                       , 5.26     , 5.26     , 5.26     , 0.000    , update         , stable update            ,                                                                                                 
Preact Signals         , updateComputations1000to1                                    , 0.23     , 0.23     , 0.23     , 0.000    , update         , stable update            ,                                                                                                 
Preact Signals         , updateComputations1to2                                       , 17.25    , 17.25    , 17.25    , 0.000    , update         , stable update            ,                                                                                                 
Preact Signals         , updateComputations1to4                                       , 3.33     , 3.33     , 3.33     , 0.000    , update         , stable update            ,                                                                                                 
Preact Signals         , updateComputations1to1000                                    , 0.19     , 0.19     , 0.19     , 0.000    , update         , stable update            ,                                                                                                 
Preact Signals         , 64x6 - 4 sources - dynamic - read 12% (dashboard selective r , 1311.70  , 1311.70  , 1311.70  , 0.000    , dynamic        , dynamic rectangular DAG  , nodesRecomputed=2642029 nodesVisited=2642029 edgesTraversed=10568081 sinkReads=960008           
Preact Signals         , 24x8 - 3 sources - dynamic - read 40% (editor derived state) , 1155.46  , 1155.46  , 1155.46  , 0.000    , dynamic        , dynamic rectangular DAG  , nodesRecomputed=4736332 nodesVisited=4736332 edgesTraversed=14208887 sinkReads=900010           
Preact Signals         , 120x7 - 5 sources - dynamic - read 18% (kanban board)        , 1387.58  , 1387.58  , 1387.58  , 0.000    , dynamic        , dynamic rectangular DAG  , nodesRecomputed=1765496 nodesVisited=1765496 edgesTraversed=8827231 sinkReads=660022            
Preact Signals         , 40x10 - 4 sources - dynamic - read 60% (entity detail page)  , 1212.63  , 1212.63  , 1212.63  , 0.000    , dynamic        , dynamic rectangular DAG  , nodesRecomputed=3984210 nodesVisited=3984210 edgesTraversed=15936789 sinkReads=720024           
Preact Signals         , 256->512x32 - fanIn 4 - layered-dag - 4 sources (layered ful , 544.80   , 544.80   , 544.80   , 0.000    , large_graph    , layered DAG              , nodesRecomputed=249624 nodesVisited=249624 edgesTraversed=998496 sinkReads=61952                
Preact Signals         , 256->512x32 - fanIn 4 - layered-dag - 4 sources - warm 320 ( , 264.90   , 264.90   , 264.90   , 0.000    , large_graph    , layered DAG              , nodesRecomputed=235200 nodesVisited=235200 edgesTraversed=940800 sinkReads=61952                
Preact Signals         , 256->512x32 - fanIn 8 - layered-dag - 8 sources - burst 16 - , 1294.07  , 1294.07  , 1294.07  , 0.000    , large_graph    , layered DAG              , nodesRecomputed=1529088 nodesVisited=1529088 edgesTraversed=12232704 sinkReads=49664            
Preact Signals         , 256->512x32 - fanIn 8 - diamond-mesh - 8 sources - warm 256  , 201.19   , 201.19   , 201.19   , 0.000    , large_graph    , diamond mesh             , nodesRecomputed=24576 nodesVisited=24576 edgesTraversed=196608 sinkReads=49664                  
Preact Signals         , 32x8 - 4 sources - pull (pure pull)                          , 32.46    , 32.46    , 32.46    , 0.000    , pull           , stable rectangular DAG   , nodesRecomputed=224 nodesVisited=224 edgesTraversed=896 sinkReads=32                            
Preact Signals         , 8x64 - 1 sources - pull (linear chain - 1 source - pull (lin , 36.68    , 36.68    , 36.68    , 0.000    , pull           , stable rectangular DAG   , nodesRecomputed=504 nodesVisited=504 edgesTraversed=504 sinkReads=8                             
Preact Signals         , 64x4 - 8 sources - pull (wide tree - 8 sources - pull (branc , 31.97    , 31.97    , 31.97    , 0.000    , pull           , stable rectangular DAG   , nodesRecomputed=192 nodesVisited=192 edgesTraversed=1536 sinkReads=64                           
Preact Signals         , 32x8 - 4 sources - push (pure push)                          , 273.15   , 273.15   , 273.15   , 0.000    , pull           , stable rectangular DAG   , nodesRecomputed=910133 nodesVisited=910133 edgesTraversed=3640532 sinkReads=220010              
Preact Signals         , 10x5 - 2 sources - read 20% (simple component)               , 596.62   , 596.62   , 596.62   , 0.000    , pull           , stable rectangular DAG   , nodesRecomputed=3180010 nodesVisited=3180010 edgesTraversed=6360020 sinkReads=1200002           
Preact Signals         , 10x10 - 6 sources - dynamic - read 20% (dynamic component)   , 359.89   , 359.89   , 359.89   , 0.000    , dynamic        , dynamic rectangular DAG  , nodesRecomputed=1140004 nodesVisited=1140004 edgesTraversed=6839936 sinkReads=30002             
Preact Signals         , 1000x12 - 4 sources - dynamic (large web app)                , 6609.56  , 6609.56  , 6609.56  , 0.000    , dynamic        , dynamic rectangular DAG  , nodesRecomputed=1473786 nodesVisited=1473786 edgesTraversed=5891713 sinkReads=7001000           
Preact Signals         , 1000x5 - 25 sources (wide dense)                             , 4829.92  , 4829.92  , 4829.92  , 0.000    , pull           , stable rectangular DAG   , nodesRecomputed=735756 nodesVisited=735756 edgesTraversed=18393900 sinkReads=3001000            
Preact Signals         , 5x500 - 3 sources (deep)                                     , 307.21   , 307.21   , 307.21   , 0.000    , pull           , stable rectangular DAG   , nodesRecomputed=1246502 nodesVisited=1246502 edgesTraversed=3739506 sinkReads=2505              
@reactively            , avoidablePropagation                                         , 683.59   , 683.59   , 683.59   , 0.000    , baseline       , selective propagation    ,                                                                                                 
@reactively            , broadPropagation                                             , 630.02   , 630.02   , 630.02   , 0.000    , baseline       , wide fan-out             ,                                                                                                 
@reactively            , deepPropagation                                              , 290.10   , 290.10   , 290.10   , 0.000    , pull           , linear chain             ,                                                                                                 
@reactively            , diamond                                                      , 571.39   , 571.39   , 571.39   , 0.000    , baseline       , diamond                  ,                                                                                                 
@reactively            , mux                                                          , 670.64   , 670.64   , 670.64   , 0.000    , dynamic        , dynamic branch           ,                                                                                                 
@reactively            , repeatedObservers                                            , 146.13   , 146.13   , 146.13   , 0.000    , baseline       , duplicate observer       ,                                                                                                 
@reactively            , triangle                                                     , 211.84   , 211.84   , 211.84   , 0.000    , baseline       , glitch-free triangle     ,                                                                                                 
@reactively            , unstable                                                     , 268.67   , 268.67   , 268.67   , 0.000    , dynamic        , dynamic dependency churn ,                                                                                                 
@reactively            , manyEffectsFromOneSource                                     , 375.25   , 375.25   , 375.25   , 0.000    , push           , wide fan-out             , checksum=180075672000                                                                           
@reactively            , manySourcesIntoOneComputedEffectWithDirect                   , 199.91   , 199.91   , 199.91   , 0.000    , pull           , wide fan-in              , checksum=1372929290292                                                                          
@reactively            , manySourcesIntoOneComputedEffect                             , 187.24   , 187.24   , 187.24   , 0.000    , pull           , wide fan-in              , checksum=1331323690944                                                                          
@reactively            , manySourcesIntoOneDirectEffect                               , 79.76    , 79.76    , 79.76    , 0.000    , pull           , wide fan-in              , checksum=41605599348                                                                            
@reactively            , molBench                                                     , 531.78   , 531.78   , 531.78   , 0.000    , dynamic        , mixed app graph          ,                                                                                                 
@reactively            , createDataSignals                                            , 22.27    , 22.27    , 22.27    , 0.000    , creation       , signal creation          ,                                                                                                 
@reactively            , createComputations0to1                                       , 10.87    , 10.87    , 10.87    , 0.000    , creation       , computed creation        ,                                                                                                 
@reactively            , createComputations1to1                                       , 19.00    , 19.00    , 19.00    , 0.000    , creation       , computed creation        ,                                                                                                 
@reactively            , createComputations2to1                                       , 10.78    , 10.78    , 10.78    , 0.000    , creation       , computed creation        ,                                                                                                 
@reactively            , createComputations4to1                                       , 10.16    , 10.16    , 10.16    , 0.000    , creation       , computed creation        ,                                                                                                 
@reactively            , createComputations1000to1                                    , 0.05     , 0.05     , 0.05     , 0.000    , creation       , computed creation        ,                                                                                                 
@reactively            , createComputations1to2                                       , 9.83     , 9.83     , 9.83     , 0.000    , creation       , computed creation        ,                                                                                                 
@reactively            , createComputations1to4                                       , 8.04     , 8.04     , 8.04     , 0.000    , creation       , computed creation        ,                                                                                                 
@reactively            , createComputations1to8                                       , 13.10    , 13.10    , 13.10    , 0.000    , creation       , computed creation        ,                                                                                                 
@reactively            , createComputations1to1000                                    , 11.06    , 11.06    , 11.06    , 0.000    , creation       , computed creation        ,                                                                                                 
@reactively            , updateComputations1to1                                       , 6.70     , 6.70     , 6.70     , 0.000    , update         , stable update            ,                                                                                                 
@reactively            , updateComputations2to1                                       , 4.24     , 4.24     , 4.24     , 0.000    , update         , stable update            ,                                                                                                 
@reactively            , updateComputations4to1                                       , 2.51     , 2.51     , 2.51     , 0.000    , update         , stable update            ,                                                                                                 
@reactively            , updateComputations1000to1                                    , 0.13     , 0.13     , 0.13     , 0.000    , update         , stable update            ,                                                                                                 
@reactively            , updateComputations1to2                                       , 4.71     , 4.71     , 4.71     , 0.000    , update         , stable update            ,                                                                                                 
@reactively            , updateComputations1to4                                       , 3.55     , 3.55     , 3.55     , 0.000    , update         , stable update            ,                                                                                                 
@reactively            , updateComputations1to1000                                    , 0.19     , 0.19     , 0.19     , 0.000    , update         , stable update            ,                                                                                                 
@reactively            , 64x6 - 4 sources - dynamic - read 12% (dashboard selective r , 617.39   , 617.39   , 617.39   , 0.000    , dynamic        , dynamic rectangular DAG  , nodesRecomputed=2642029 nodesVisited=2642029 edgesTraversed=10568081 sinkReads=960008           
@reactively            , 24x8 - 3 sources - dynamic - read 40% (editor derived state) , 916.47   , 916.47   , 916.47   , 0.000    , dynamic        , dynamic rectangular DAG  , nodesRecomputed=4736332 nodesVisited=4736332 edgesTraversed=14208887 sinkReads=900010           
@reactively            , 120x7 - 5 sources - dynamic - read 18% (kanban board)        , 497.72   , 497.72   , 497.72   , 0.000    , dynamic        , dynamic rectangular DAG  , nodesRecomputed=1765496 nodesVisited=1765496 edgesTraversed=8827231 sinkReads=660022            
@reactively            , 40x10 - 4 sources - dynamic - read 60% (entity detail page)  , 979.16   , 979.16   , 979.16   , 0.000    , dynamic        , dynamic rectangular DAG  , nodesRecomputed=3984210 nodesVisited=3984210 edgesTraversed=15936789 sinkReads=720024           
@reactively            , 256->512x32 - fanIn 4 - layered-dag - 4 sources (layered ful , 182.15   , 182.15   , 182.15   , 0.000    , large_graph    , layered DAG              , nodesRecomputed=249624 nodesVisited=249624 edgesTraversed=998496 sinkReads=61952                
@reactively            , 256->512x32 - fanIn 4 - layered-dag - 4 sources - warm 320 ( , 179.33   , 179.33   , 179.33   , 0.000    , large_graph    , layered DAG              , nodesRecomputed=235200 nodesVisited=235200 edgesTraversed=940800 sinkReads=61952                
@reactively            , 256->512x32 - fanIn 8 - layered-dag - 8 sources - burst 16 - , 1357.91  , 1357.91  , 1357.91  , 0.000    , large_graph    , layered DAG              , nodesRecomputed=1529088 nodesVisited=1529088 edgesTraversed=12232704 sinkReads=49664            
@reactively            , 256->512x32 - fanIn 8 - diamond-mesh - 8 sources - warm 256  , 11.28    , 11.28    , 11.28    , 0.000    , large_graph    , diamond mesh             , nodesRecomputed=24576 nodesVisited=24576 edgesTraversed=196608 sinkReads=49664                  
@reactively            , 32x8 - 4 sources - pull (pure pull)                          , 32.80    , 32.80    , 32.80    , 0.000    , pull           , stable rectangular DAG   , nodesRecomputed=224 nodesVisited=224 edgesTraversed=896 sinkReads=32                            
@reactively            , 8x64 - 1 sources - pull (linear chain - 1 source - pull (lin , 38.05    , 38.05    , 38.05    , 0.000    , pull           , stable rectangular DAG   , nodesRecomputed=504 nodesVisited=504 edgesTraversed=504 sinkReads=8                             
@reactively            , 64x4 - 8 sources - pull (wide tree - 8 sources - pull (branc , 36.44    , 36.44    , 36.44    , 0.000    , pull           , stable rectangular DAG   , nodesRecomputed=192 nodesVisited=192 edgesTraversed=1536 sinkReads=64                           
@reactively            , 32x8 - 4 sources - push (pure push)                          , 241.79   , 241.79   , 241.79   , 0.000    , pull           , stable rectangular DAG   , nodesRecomputed=910133 nodesVisited=910133 edgesTraversed=3640532 sinkReads=220042              
@reactively            , 10x5 - 2 sources - read 20% (simple component)               , 415.09   , 415.09   , 415.09   , 0.000    , pull           , stable rectangular DAG   , nodesRecomputed=3180010 nodesVisited=3180010 edgesTraversed=6360020 sinkReads=1200002           
@reactively            , 10x10 - 6 sources - dynamic - read 20% (dynamic component)   , 354.14   , 354.14   , 354.14   , 0.000    , dynamic        , dynamic rectangular DAG  , nodesRecomputed=1140004 nodesVisited=1140004 edgesTraversed=6839936 sinkReads=30002             
@reactively            , 1000x12 - 4 sources - dynamic (large web app)                , 634.47   , 634.47   , 634.47   , 0.000    , dynamic        , dynamic rectangular DAG  , nodesRecomputed=1473786 nodesVisited=1473786 edgesTraversed=5891713 sinkReads=7001000           
@reactively            , 1000x5 - 25 sources (wide dense)                             , 788.33   , 788.33   , 788.33   , 0.000    , pull           , stable rectangular DAG   , nodesRecomputed=735756 nodesVisited=735756 edgesTraversed=18393900 sinkReads=3001000            
@reactively            , 5x500 - 3 sources (deep)                                     , 421.85   , 421.85   , 421.85   , 0.000    , pull           , stable rectangular DAG   , nodesRecomputed=1246502 nodesVisited=1246502 edgesTraversed=3739506 sinkReads=2505              
s-js                   , avoidablePropagation                                         , 828.58   , 828.58   , 828.58   , 0.000    , baseline       , selective propagation    ,                                                                                                 
s-js                   , broadPropagation                                             , 611.70   , 611.70   , 611.70   , 0.000    , baseline       , wide fan-out             ,                                                                                                 
s-js                   , deepPropagation                                              , 225.77   , 225.77   , 225.77   , 0.000    , pull           , linear chain             ,                                                                                                 
s-js                   , diamond                                                      , 506.87   , 506.87   , 506.87   , 0.000    , baseline       , diamond                  ,                                                                                                 
s-js                   , mux                                                          , 810.30   , 810.30   , 810.30   , 0.000    , dynamic        , dynamic branch           ,                                                                                                 
s-js                   , repeatedObservers                                            , 220.17   , 220.17   , 220.17   , 0.000    , baseline       , duplicate observer       ,                                                                                                 
s-js                   , triangle                                                     , 225.47   , 225.47   , 225.47   , 0.000    , baseline       , glitch-free triangle     ,                                                                                                 
s-js                   , unstable                                                     , 237.09   , 237.09   , 237.09   , 0.000    , dynamic        , dynamic dependency churn ,                                                                                                 
s-js                   , manyEffectsFromOneSource                                     , 400.37   , 400.37   , 400.37   , 0.000    , push           , wide fan-out             , checksum=180075672000                                                                           
s-js                   , manySourcesIntoOneComputedEffectWithDirect                   , 303.79   , 303.79   , 303.79   , 0.000    , pull           , wide fan-in              , checksum=1372929289844                                                                          
s-js                   , manySourcesIntoOneComputedEffect                             , 266.06   , 266.06   , 266.06   , 0.000    , pull           , wide fan-in              , checksum=1331323690944                                                                          
s-js                   , manySourcesIntoOneDirectEffect                               , 92.53    , 92.53    , 92.53    , 0.000    , pull           , wide fan-in              , checksum=41605598900                                                                            
s-js                   , molBench                                                     , 1308.38  , 1308.38  , 1308.38  , 0.000    , dynamic        , mixed app graph          ,                                                                                                 
s-js                   , createDataSignals                                            , 44.65    , 44.65    , 44.65    , 0.000    , creation       , signal creation          ,                                                                                                 
s-js                   , createComputations0to1                                       , 14.03    , 14.03    , 14.03    , 0.000    , creation       , computed creation        ,                                                                                                 
s-js                   , createComputations1to1                                       , 45.69    , 45.69    , 45.69    , 0.000    , creation       , computed creation        ,                                                                                                 
s-js                   , createComputations2to1                                       , 54.57    , 54.57    , 54.57    , 0.000    , creation       , computed creation        ,                                                                                                 
s-js                   , createComputations4to1                                       , 59.42    , 59.42    , 59.42    , 0.000    , creation       , computed creation        ,                                                                                                 
s-js                   , createComputations1000to1                                    , 16.58    , 16.58    , 16.58    , 0.000    , creation       , computed creation        ,                                                                                                 
s-js                   , createComputations1to2                                       , 52.57    , 52.57    , 52.57    , 0.000    , creation       , computed creation        ,                                                                                                 
s-js                   , createComputations1to4                                       , 56.46    , 56.46    , 56.46    , 0.000    , creation       , computed creation        ,                                                                                                 
s-js                   , createComputations1to8                                       , 62.90    , 62.90    , 62.90    , 0.000    , creation       , computed creation        ,                                                                                                 
s-js                   , createComputations1to1000                                    , 54.57    , 54.57    , 54.57    , 0.000    , creation       , computed creation        ,                                                                                                 
s-js                   , updateComputations1to1                                       , 51.21    , 51.21    , 51.21    , 0.000    , update         , stable update            ,                                                                                                 
s-js                   , updateComputations2to1                                       , 40.15    , 40.15    , 40.15    , 0.000    , update         , stable update            ,                                                                                                 
s-js                   , updateComputations4to1                                       , 30.27    , 30.27    , 30.27    , 0.000    , update         , stable update            ,                                                                                                 
s-js                   , updateComputations1000to1                                    , 32.22    , 32.22    , 32.22    , 0.000    , update         , stable update            ,                                                                                                 
s-js                   , updateComputations1to2                                       , 44.74    , 44.74    , 44.74    , 0.000    , update         , stable update            ,                                                                                                 
s-js                   , updateComputations1to4                                       , 51.16    , 51.16    , 51.16    , 0.000    , update         , stable update            ,                                                                                                 
s-js                   , updateComputations1to1000                                    , 29.24    , 29.24    , 29.24    , 0.000    , update         , stable update            ,                                                                                                 
s-js                   , 64x6 - 4 sources - dynamic - read 12% (dashboard selective r , 1669.66  , 1669.66  , 1669.66  , 0.000    , dynamic        , dynamic rectangular DAG  , nodesRecomputed=6000270 nodesVisited=6000270 edgesTraversed=24001017 sinkReads=960008           
s-js                   , 24x8 - 3 sources - dynamic - read 40% (editor derived state) , 1384.21  , 1384.21  , 1384.21  , 0.000    , dynamic        , dynamic rectangular DAG  , nodesRecomputed=5670087 nodesVisited=5670087 edgesTraversed=17010146 sinkReads=900010           
s-js                   , 120x7 - 5 sources - dynamic - read 18% (kanban board)        , 1018.46  , 1018.46  , 1018.46  , 0.000    , dynamic        , dynamic rectangular DAG  , nodesRecomputed=2700620 nodesVisited=2700620 edgesTraversed=13502767 sinkReads=660022           
s-js                   , 40x10 - 4 sources - dynamic - read 60% (entity detail page)  , 1477.00  , 1477.00  , 1477.00  , 0.000    , dynamic        , dynamic rectangular DAG  , nodesRecomputed=4320213 nodesVisited=4320213 edgesTraversed=17280788 sinkReads=720024           
s-js                   , 256->512x32 - fanIn 4 - layered-dag - 4 sources (layered ful , 343.64   , 343.64   , 343.64   , 0.000    , large_graph    , layered DAG              , nodesRecomputed=233240 nodesVisited=233240 edgesTraversed=932960 sinkReads=61952                
s-js                   , 256->512x32 - fanIn 4 - layered-dag - 4 sources - warm 320 ( , 316.38   , 316.38   , 316.38   , 0.000    , large_graph    , layered DAG              , nodesRecomputed=235200 nodesVisited=235200 edgesTraversed=940800 sinkReads=61952                
s-js                   , 256->512x32 - fanIn 8 - layered-dag - 8 sources - burst 16 - , 2658.03  , 2658.03  , 2658.03  , 0.000    , large_graph    , layered DAG              , nodesRecomputed=1529088 nodesVisited=1529088 edgesTraversed=12232704 sinkReads=49664            
s-js                   , 256->512x32 - fanIn 8 - diamond-mesh - 8 sources - warm 256  , 20.29    , 20.29    , 20.29    , 0.000    , large_graph    , diamond mesh             , nodesRecomputed=24576 nodesVisited=24576 edgesTraversed=196608 sinkReads=49664                  
s-js                   , 32x8 - 4 sources - pull (pure pull)                          , 307.34   , 307.34   , 307.34   , 0.000    , pull           , stable rectangular DAG   , nodesRecomputed=910133 nodesVisited=910133 edgesTraversed=3640532 sinkReads=32                  
s-js                   , 8x64 - 1 sources - pull (linear chain - 1 source - pull (lin , 113.88   , 113.88   , 113.88   , 0.000    , pull           , stable rectangular DAG   , nodesRecomputed=630441 nodesVisited=630441 edgesTraversed=630441 sinkReads=8                    
s-js                   , 64x4 - 8 sources - pull (wide tree - 8 sources - pull (branc , 273.51   , 273.51   , 273.51   , 0.000    , pull           , stable rectangular DAG   , nodesRecomputed=450147 nodesVisited=450147 edgesTraversed=3601176 sinkReads=64                  
s-js                   , 32x8 - 4 sources - push (pure push)                          , 347.23   , 347.23   , 347.23   , 0.000    , pull           , stable rectangular DAG   , nodesRecomputed=910133 nodesVisited=910133 edgesTraversed=3640532 sinkReads=220010              
s-js                   , 10x5 - 2 sources - read 20% (simple component)               , 1188.89  , 1188.89  , 1188.89  , 0.000    , pull           , stable rectangular DAG   , nodesRecomputed=8400026 nodesVisited=8400026 edgesTraversed=16800052 sinkReads=1200002          
s-js                   , 10x10 - 6 sources - dynamic - read 20% (dynamic component)   , 534.93   , 534.93   , 534.93   , 0.000    , dynamic        , dynamic rectangular DAG  , nodesRecomputed=1290004 nodesVisited=1290004 edgesTraversed=7739922 sinkReads=30002             
s-js                   , 1000x12 - 4 sources - dynamic (large web app)                , 736.73   , 736.73   , 736.73   , 0.000    , dynamic        , dynamic rectangular DAG  , nodesRecomputed=1473786 nodesVisited=1473786 edgesTraversed=5891713 sinkReads=7001000           
s-js                   , 1000x5 - 25 sources (wide dense)                             , 1238.17  , 1238.17  , 1238.17  , 0.000    , pull           , stable rectangular DAG   , nodesRecomputed=735756 nodesVisited=735756 edgesTraversed=18393900 sinkReads=3001000            
s-js                   , 5x500 - 3 sources (deep)                                     , 616.56   , 616.56   , 616.56   , 0.000    , pull           , stable rectangular DAG   , nodesRecomputed=1246502 nodesVisited=1246502 edgesTraversed=3739506 sinkReads=2505              
@amadeus-it-group/tans , avoidablePropagation                                         , 1029.95  , 1029.95  , 1029.95  , 0.000    , baseline       , selective propagation    ,                                                                                                 
@amadeus-it-group/tans , broadPropagation                                             , 1692.05  , 1692.05  , 1692.05  , 0.000    , baseline       , wide fan-out             ,                                                                                                 
@amadeus-it-group/tans , deepPropagation                                              , 560.66   , 560.66   , 560.66   , 0.000    , pull           , linear chain             ,                                                                                                 
@amadeus-it-group/tans , diamond                                                      , 984.00   , 984.00   , 984.00   , 0.000    , baseline       , diamond                  ,                                                                                                 
@amadeus-it-group/tans , mux                                                          , 1134.25  , 1134.25  , 1134.25  , 0.000    , dynamic        , dynamic branch           ,                                                                                                 
@amadeus-it-group/tans , repeatedObservers                                            , 235.80   , 235.80   , 235.80   , 0.000    , baseline       , duplicate observer       ,                                                                                                 
@amadeus-it-group/tans , triangle                                                     , 309.53   , 309.53   , 309.53   , 0.000    , baseline       , glitch-free triangle     ,                                                                                                 
@amadeus-it-group/tans , unstable                                                     , 388.19   , 388.19   , 388.19   , 0.000    , dynamic        , dynamic dependency churn ,                                                                                                 
@amadeus-it-group/tans , manyEffectsFromOneSource                                     , 1048.41  , 1048.41  , 1048.41  , 0.000    , push           , wide fan-out             , checksum=180075672000                                                                           
@amadeus-it-group/tans , manySourcesIntoOneComputedEffectWithDirect                   , 327.66   , 327.66   , 327.66   , 0.000    , pull           , wide fan-in              , checksum=1372929289844                                                                          
@amadeus-it-group/tans , manySourcesIntoOneComputedEffect                             , 348.55   , 348.55   , 348.55   , 0.000    , pull           , wide fan-in              , checksum=1331323690944                                                                          
@amadeus-it-group/tans , manySourcesIntoOneDirectEffect                               , 98.22    , 98.22    , 98.22    , 0.000    , pull           , wide fan-in              , checksum=41605598900                                                                            
@amadeus-it-group/tans , molBench                                                     , 873.50   , 873.50   , 873.50   , 0.000    , dynamic        , mixed app graph          ,                                                                                                 
@amadeus-it-group/tans , createDataSignals                                            , 15.37    , 15.37    , 15.37    , 0.000    , creation       , signal creation          ,                                                                                                 
@amadeus-it-group/tans , createComputations0to1                                       , 25.83    , 25.83    , 25.83    , 0.000    , creation       , computed creation        ,                                                                                                 
@amadeus-it-group/tans , createComputations1to1                                       , 27.00    , 27.00    , 27.00    , 0.000    , creation       , computed creation        ,                                                                                                 
@amadeus-it-group/tans , createComputations2to1                                       , 25.28    , 25.28    , 25.28    , 0.000    , creation       , computed creation        ,                                                                                                 
@amadeus-it-group/tans , createComputations4to1                                       , 25.65    , 25.65    , 25.65    , 0.000    , creation       , computed creation        ,                                                                                                 
@amadeus-it-group/tans , createComputations1000to1                                    , 0.24     , 0.24     , 0.24     , 0.000    , creation       , computed creation        ,                                                                                                 
@amadeus-it-group/tans , createComputations1to2                                       , 32.09    , 32.09    , 32.09    , 0.000    , creation       , computed creation        ,                                                                                                 
@amadeus-it-group/tans , createComputations1to4                                       , 25.47    , 25.47    , 25.47    , 0.000    , creation       , computed creation        ,                                                                                                 
@amadeus-it-group/tans , createComputations1to8                                       , 26.92    , 26.92    , 26.92    , 0.000    , creation       , computed creation        ,                                                                                                 
@amadeus-it-group/tans , createComputations1to1000                                    , 25.70    , 25.70    , 25.70    , 0.000    , creation       , computed creation        ,                                                                                                 
@amadeus-it-group/tans , updateComputations1to1                                       , 7.27     , 7.27     , 7.27     , 0.000    , update         , stable update            ,                                                                                                 
@amadeus-it-group/tans , updateComputations2to1                                       , 8.34     , 8.34     , 8.34     , 0.000    , update         , stable update            ,                                                                                                 
@amadeus-it-group/tans , updateComputations4to1                                       , 5.43     , 5.43     , 5.43     , 0.000    , update         , stable update            ,                                                                                                 
@amadeus-it-group/tans , updateComputations1000to1                                    , 0.38     , 0.38     , 0.38     , 0.000    , update         , stable update            ,                                                                                                 
@amadeus-it-group/tans , updateComputations1to2                                       , 7.15     , 7.15     , 7.15     , 0.000    , update         , stable update            ,                                                                                                 
@amadeus-it-group/tans , updateComputations1to4                                       , 4.85     , 4.85     , 4.85     , 0.000    , update         , stable update            ,                                                                                                 
@amadeus-it-group/tans , updateComputations1to1000                                    , 2.00     , 2.00     , 2.00     , 0.000    , update         , stable update            ,                                                                                                 
@amadeus-it-group/tans , 64x6 - 4 sources - dynamic - read 12% (dashboard selective r , 1141.00  , 1141.00  , 1141.00  , 0.000    , dynamic        , dynamic rectangular DAG  , nodesRecomputed=2642029 nodesVisited=2642029 edgesTraversed=10568081 sinkReads=960008           
@amadeus-it-group/tans , 24x8 - 3 sources - dynamic - read 40% (editor derived state) , 1578.71  , 1578.71  , 1578.71  , 0.000    , dynamic        , dynamic rectangular DAG  , nodesRecomputed=4736332 nodesVisited=4736332 edgesTraversed=14208887 sinkReads=900010           
@amadeus-it-group/tans , 120x7 - 5 sources - dynamic - read 18% (kanban board)        , 764.74   , 764.74   , 764.74   , 0.000    , dynamic        , dynamic rectangular DAG  , nodesRecomputed=1765496 nodesVisited=1765496 edgesTraversed=8827231 sinkReads=660022            
@amadeus-it-group/tans , 40x10 - 4 sources - dynamic - read 60% (entity detail page)  , 1740.81  , 1740.81  , 1740.81  , 0.000    , dynamic        , dynamic rectangular DAG  , nodesRecomputed=3984210 nodesVisited=3984210 edgesTraversed=15936789 sinkReads=720024           
@amadeus-it-group/tans , 256->512x32 - fanIn 4 - layered-dag - 4 sources (layered ful , 308.55   , 308.55   , 308.55   , 0.000    , large_graph    , layered DAG              , nodesRecomputed=249624 nodesVisited=249624 edgesTraversed=998496 sinkReads=61952                
@amadeus-it-group/tans , 256->512x32 - fanIn 4 - layered-dag - 4 sources - warm 320 ( , 255.18   , 255.18   , 255.18   , 0.000    , large_graph    , layered DAG              , nodesRecomputed=235200 nodesVisited=235200 edgesTraversed=940800 sinkReads=61952                
@amadeus-it-group/tans , 256->512x32 - fanIn 8 - layered-dag - 8 sources - burst 16 - , 2172.30  , 2172.30  , 2172.30  , 0.000    , large_graph    , layered DAG              , nodesRecomputed=1529088 nodesVisited=1529088 edgesTraversed=12232704 sinkReads=49664            
@amadeus-it-group/tans , 256->512x32 - fanIn 8 - diamond-mesh - 8 sources - warm 256  , 20.20    , 20.20    , 20.20    , 0.000    , large_graph    , diamond mesh             , nodesRecomputed=24576 nodesVisited=24576 edgesTraversed=196608 sinkReads=49664                  
@amadeus-it-group/tans , 32x8 - 4 sources - pull (pure pull)                          , 33.51    , 33.51    , 33.51    , 0.000    , pull           , stable rectangular DAG   , nodesRecomputed=224 nodesVisited=224 edgesTraversed=896 sinkReads=32                            
@amadeus-it-group/tans , 8x64 - 1 sources - pull (linear chain - 1 source - pull (lin , 40.32    , 40.32    , 40.32    , 0.000    , pull           , stable rectangular DAG   , nodesRecomputed=504 nodesVisited=504 edgesTraversed=504 sinkReads=8                             
@amadeus-it-group/tans , 64x4 - 8 sources - pull (wide tree - 8 sources - pull (branc , 40.27    , 40.27    , 40.27    , 0.000    , pull           , stable rectangular DAG   , nodesRecomputed=192 nodesVisited=192 edgesTraversed=1536 sinkReads=64                           
@amadeus-it-group/tans , 32x8 - 4 sources - push (pure push)                          , 477.99   , 477.99   , 477.99   , 0.000    , pull           , stable rectangular DAG   , nodesRecomputed=910133 nodesVisited=910133 edgesTraversed=3640532 sinkReads=220010              
@amadeus-it-group/tans , 10x5 - 2 sources - read 20% (simple component)               , 750.50   , 750.50   , 750.50   , 0.000    , pull           , stable rectangular DAG   , nodesRecomputed=3180010 nodesVisited=3180010 edgesTraversed=6360020 sinkReads=1200002           
@amadeus-it-group/tans , 10x10 - 6 sources - dynamic - read 20% (dynamic component)   , 581.31   , 581.31   , 581.31   , 0.000    , dynamic        , dynamic rectangular DAG  , nodesRecomputed=1140004 nodesVisited=1140004 edgesTraversed=6839936 sinkReads=30002             
@amadeus-it-group/tans , 1000x12 - 4 sources - dynamic (large web app)                , 1019.10  , 1019.10  , 1019.10  , 0.000    , dynamic        , dynamic rectangular DAG  , nodesRecomputed=1473786 nodesVisited=1473786 edgesTraversed=5891713 sinkReads=7001000           
@amadeus-it-group/tans , 1000x5 - 25 sources (wide dense)                             , 1074.39  , 1074.39  , 1074.39  , 0.000    , pull           , stable rectangular DAG   , nodesRecomputed=735756 nodesVisited=735756 edgesTraversed=18393900 sinkReads=3001000            
@amadeus-it-group/tans , 5x500 - 3 sources (deep)                                     , 742.78   , 742.78   , 742.78   , 0.000    , pull           , stable rectangular DAG   , nodesRecomputed=1246502 nodesVisited=1246502 edgesTraversed=3739506 sinkReads=2505              
$mol_wire              , avoidablePropagation                                         , 1093.66  , 1093.66  , 1093.66  , 0.000    , baseline       , selective propagation    ,                                                                                                 
$mol_wire              , broadPropagation                                             , 2283.69  , 2283.69  , 2283.69  , 0.000    , baseline       , wide fan-out             ,                                                                                                 
$mol_wire              , deepPropagation                                              , 693.34   , 693.34   , 693.34   , 0.000    , pull           , linear chain             ,                                                                                                 
$mol_wire              , diamond                                                      , 1251.39  , 1251.39  , 1251.39  , 0.000    , baseline       , diamond                  ,                                                                                                 
$mol_wire              , mux                                                          , 1507.40  , 1507.40  , 1507.40  , 0.000    , dynamic        , dynamic branch           ,                                                                                                 
$mol_wire              , repeatedObservers                                            , 303.67   , 303.67   , 303.67   , 0.000    , baseline       , duplicate observer       ,                                                                                                 
$mol_wire              , triangle                                                     , 448.91   , 448.91   , 448.91   , 0.000    , baseline       , glitch-free triangle     ,                                                                                                 
$mol_wire              , unstable                                                     , 557.15   , 557.15   , 557.15   , 0.000    , dynamic        , dynamic dependency churn ,                                                                                                 
$mol_wire              , manyEffectsFromOneSource                                     , 1536.69  , 1536.69  , 1536.69  , 0.000    , push           , wide fan-out             , checksum=180075672000                                                                           
$mol_wire              , manySourcesIntoOneComputedEffectWithDirect                   , 381.60   , 381.60   , 381.60   , 0.000    , pull           , wide fan-in              , checksum=1372929289844                                                                          
$mol_wire              , manySourcesIntoOneComputedEffect                             , 345.34   , 345.34   , 345.34   , 0.000    , pull           , wide fan-in              , checksum=1331323690944                                                                          
$mol_wire              , manySourcesIntoOneDirectEffect                               , 102.87   , 102.87   , 102.87   , 0.000    , pull           , wide fan-in              , checksum=41605598900                                                                            
$mol_wire              , molBench                                                     , 568.40   , 568.40   , 568.40   , 0.000    , dynamic        , mixed app graph          ,                                                                                                 
$mol_wire              , createDataSignals                                            , 39.94    , 39.94    , 39.94    , 0.000    , creation       , signal creation          ,                                                                                                 
$mol_wire              , createComputations0to1                                       , 12.73    , 12.73    , 12.73    , 0.000    , creation       , computed creation        ,                                                                                                 
$mol_wire              , createComputations1to1                                       , 16.37    , 16.37    , 16.37    , 0.000    , creation       , computed creation        ,                                                                                                 
$mol_wire              , createComputations2to1                                       , 12.69    , 12.69    , 12.69    , 0.000    , creation       , computed creation        ,                                                                                                 
$mol_wire              , createComputations4to1                                       , 12.76    , 12.76    , 12.76    , 0.000    , creation       , computed creation        ,                                                                                                 
$mol_wire              , createComputations1000to1                                    , 0.08     , 0.08     , 0.08     , 0.000    , creation       , computed creation        ,                                                                                                 
$mol_wire              , createComputations1to2                                       , 17.65    , 17.65    , 17.65    , 0.000    , creation       , computed creation        ,                                                                                                 
$mol_wire              , createComputations1to4                                       , 17.80    , 17.80    , 17.80    , 0.000    , creation       , computed creation        ,                                                                                                 
$mol_wire              , createComputations1to8                                       , 20.86    , 20.86    , 20.86    , 0.000    , creation       , computed creation        ,                                                                                                 
$mol_wire              , createComputations1to1000                                    , 13.57    , 13.57    , 13.57    , 0.000    , creation       , computed creation        ,                                                                                                 
$mol_wire              , updateComputations1to1                                       , 13.27    , 13.27    , 13.27    , 0.000    , update         , stable update            ,                                                                                                 
$mol_wire              , updateComputations2to1                                       , 9.78     , 9.78     , 9.78     , 0.000    , update         , stable update            ,                                                                                                 
$mol_wire              , updateComputations4to1                                       , 5.64     , 5.64     , 5.64     , 0.000    , update         , stable update            ,                                                                                                 
$mol_wire              , updateComputations1000to1                                    , 0.14     , 0.14     , 0.14     , 0.000    , update         , stable update            ,                                                                                                 
$mol_wire              , updateComputations1to2                                       , 7.23     , 7.23     , 7.23     , 0.000    , update         , stable update            ,                                                                                                 
$mol_wire              , updateComputations1to4                                       , 6.92     , 6.92     , 6.92     , 0.000    , update         , stable update            ,                                                                                                 
$mol_wire              , updateComputations1to1000                                    , 0.69     , 0.69     , 0.69     , 0.000    , update         , stable update            ,                                                                                                 
$mol_wire              , 64x6 - 4 sources - dynamic - read 12% (dashboard selective r , 1180.18  , 1180.18  , 1180.18  , 0.000    , dynamic        , dynamic rectangular DAG  , nodesRecomputed=2642029 nodesVisited=2642029 edgesTraversed=10568081 sinkReads=960008           
$mol_wire              , 24x8 - 3 sources - dynamic - read 40% (editor derived state) , 1841.71  , 1841.71  , 1841.71  , 0.000    , dynamic        , dynamic rectangular DAG  , nodesRecomputed=4736332 nodesVisited=4736332 edgesTraversed=14208887 sinkReads=900010           
$mol_wire              , 120x7 - 5 sources - dynamic - read 18% (kanban board)        , 910.88   , 910.88   , 910.88   , 0.000    , dynamic        , dynamic rectangular DAG  , nodesRecomputed=1765496 nodesVisited=1765496 edgesTraversed=8827231 sinkReads=660022            
$mol_wire              , 40x10 - 4 sources - dynamic - read 60% (entity detail page)  , 1869.57  , 1869.57  , 1869.57  , 0.000    , dynamic        , dynamic rectangular DAG  , nodesRecomputed=3984210 nodesVisited=3984210 edgesTraversed=15936789 sinkReads=720024           
$mol_wire              , 256->512x32 - fanIn 4 - layered-dag - 4 sources (layered ful , 243.25   , 243.25   , 243.25   , 0.000    , large_graph    , layered DAG              , nodesRecomputed=249624 nodesVisited=249624 edgesTraversed=998496 sinkReads=61952                
$mol_wire              , 256->512x32 - fanIn 4 - layered-dag - 4 sources - warm 320 ( , 232.58   , 232.58   , 232.58   , 0.000    , large_graph    , layered DAG              , nodesRecomputed=235200 nodesVisited=235200 edgesTraversed=940800 sinkReads=61952                
$mol_wire              , 256->512x32 - fanIn 8 - layered-dag - 8 sources - burst 16 - , 2244.29  , 2244.29  , 2244.29  , 0.000    , large_graph    , layered DAG              , nodesRecomputed=1529088 nodesVisited=1529088 edgesTraversed=12232704 sinkReads=49664            
$mol_wire              , 256->512x32 - fanIn 8 - diamond-mesh - 8 sources - warm 256  , 22.94    , 22.94    , 22.94    , 0.000    , large_graph    , diamond mesh             , nodesRecomputed=24576 nodesVisited=24576 edgesTraversed=196608 sinkReads=49664                  
$mol_wire              , 32x8 - 4 sources - pull (pure pull)                          , 51.83    , 51.83    , 51.83    , 0.000    , pull           , stable rectangular DAG   , nodesRecomputed=224 nodesVisited=224 edgesTraversed=896 sinkReads=32                            
$mol_wire              , 8x64 - 1 sources - pull (linear chain - 1 source - pull (lin , 43.89    , 43.89    , 43.89    , 0.000    , pull           , stable rectangular DAG   , nodesRecomputed=504 nodesVisited=504 edgesTraversed=504 sinkReads=8                             
$mol_wire              , 64x4 - 8 sources - pull (wide tree - 8 sources - pull (branc , 36.74    , 36.74    , 36.74    , 0.000    , pull           , stable rectangular DAG   , nodesRecomputed=192 nodesVisited=192 edgesTraversed=1536 sinkReads=64                           
$mol_wire              , 32x8 - 4 sources - push (pure push)                          , 555.20   , 555.20   , 555.20   , 0.000    , pull           , stable rectangular DAG   , nodesRecomputed=910133 nodesVisited=910133 edgesTraversed=3640532 sinkReads=220010              
$mol_wire              , 10x5 - 2 sources - read 20% (simple component)               , 1065.69  , 1065.69  , 1065.69  , 0.000    , pull           , stable rectangular DAG   , nodesRecomputed=3180010 nodesVisited=3180010 edgesTraversed=6360020 sinkReads=1200002           
$mol_wire              , 10x10 - 6 sources - dynamic - read 20% (dynamic component)   , 647.57   , 647.57   , 647.57   , 0.000    , dynamic        , dynamic rectangular DAG  , nodesRecomputed=1140004 nodesVisited=1140004 edgesTraversed=6839936 sinkReads=30002             
$mol_wire              , 1000x12 - 4 sources - dynamic (large web app)                , 1008.11  , 1008.11  , 1008.11  , 0.000    , dynamic        , dynamic rectangular DAG  , nodesRecomputed=1473786 nodesVisited=1473786 edgesTraversed=5891713 sinkReads=7001000           
$mol_wire              , 1000x5 - 25 sources (wide dense)                             , 1190.96  , 1190.96  , 1190.96  , 0.000    , pull           , stable rectangular DAG   , nodesRecomputed=735756 nodesVisited=735756 edgesTraversed=18393900 sinkReads=3001000            
$mol_wire              , 5x500 - 3 sources (deep)                                     , 607.47   , 607.47   , 607.47   , 0.000    , pull           , stable rectangular DAG   , nodesRecomputed=1246502 nodesVisited=1246502 edgesTraversed=3739506 sinkReads=2505              
Oby                    , avoidablePropagation                                         , 817.50   , 817.50   , 817.50   , 0.000    , baseline       , selective propagation    ,                                                                                                 
Oby                    , broadPropagation                                             , 1380.63  , 1380.63  , 1380.63  , 0.000    , baseline       , wide fan-out             ,                                                                                                 
Oby                    , deepPropagation                                              , 522.57   , 522.57   , 522.57   , 0.000    , pull           , linear chain             ,                                                                                                 
Oby                    , diamond                                                      , 866.12   , 866.12   , 866.12   , 0.000    , baseline       , diamond                  ,                                                                                                 
Oby                    , mux                                                          , 955.99   , 955.99   , 955.99   , 0.000    , dynamic        , dynamic branch           ,                                                                                                 
Oby                    , repeatedObservers                                            , 205.74   , 205.74   , 205.74   , 0.000    , baseline       , duplicate observer       ,                                                                                                 
Oby                    , triangle                                                     , 328.31   , 328.31   , 328.31   , 0.000    , baseline       , glitch-free triangle     ,                                                                                                 
Oby                    , unstable                                                     , 232.74   , 232.74   , 232.74   , 0.000    , dynamic        , dynamic dependency churn ,                                                                                                 
Oby                    , manyEffectsFromOneSource                                     , 555.63   , 555.63   , 555.63   , 0.000    , push           , wide fan-out             , checksum=180075672000                                                                           
Oby                    , manySourcesIntoOneComputedEffectWithDirect                   , 329.59   , 329.59   , 329.59   , 0.000    , pull           , wide fan-in              , checksum=1372929290292                                                                          
Oby                    , manySourcesIntoOneComputedEffect                             , 335.84   , 335.84   , 335.84   , 0.000    , pull           , wide fan-in              , checksum=1331323690944                                                                          
Oby                    , manySourcesIntoOneDirectEffect                               , 87.70    , 87.70    , 87.70    , 0.000    , pull           , wide fan-in              , checksum=41605599348                                                                            
Oby                    , molBench                                                     , 727.16   , 727.16   , 727.16   , 0.000    , dynamic        , mixed app graph          ,                                                                                                 
Oby                    , createDataSignals                                            , 34.27    , 34.27    , 34.27    , 0.000    , creation       , signal creation          ,                                                                                                 
Oby                    , createComputations0to1                                       , 85.24    , 85.24    , 85.24    , 0.000    , creation       , computed creation        ,                                                                                                 
Oby                    , createComputations1to1                                       , 75.34    , 75.34    , 75.34    , 0.000    , creation       , computed creation        ,                                                                                                 
Oby                    , createComputations2to1                                       , 42.08    , 42.08    , 42.08    , 0.000    , creation       , computed creation        ,                                                                                                 
Oby                    , createComputations4to1                                       , 25.45    , 25.45    , 25.45    , 0.000    , creation       , computed creation        ,                                                                                                 
Oby                    , createComputations1000to1                                    , 0.27     , 0.27     , 0.27     , 0.000    , creation       , computed creation        ,                                                                                                 
Oby                    , createComputations1to2                                       , 75.57    , 75.57    , 75.57    , 0.000    , creation       , computed creation        ,                                                                                                 
Oby                    , createComputations1to4                                       , 85.62    , 85.62    , 85.62    , 0.000    , creation       , computed creation        ,                                                                                                 
Oby                    , createComputations1to8                                       , 93.00    , 93.00    , 93.00    , 0.000    , creation       , computed creation        ,                                                                                                 
Oby                    , createComputations1to1000                                    , 85.93    , 85.93    , 85.93    , 0.000    , creation       , computed creation        ,                                                                                                 
Oby                    , updateComputations1to1                                       , 16.14    , 16.14    , 16.14    , 0.000    , update         , stable update            ,                                                                                                 
Oby                    , updateComputations2to1                                       , 11.54    , 11.54    , 11.54    , 0.000    , update         , stable update            ,                                                                                                 
Oby                    , updateComputations4to1                                       , 8.08     , 8.08     , 8.08     , 0.000    , update         , stable update            ,                                                                                                 
Oby                    , updateComputations1000to1                                    , 0.41     , 0.41     , 0.41     , 0.000    , update         , stable update            ,                                                                                                 
Oby                    , updateComputations1to2                                       , 7.87     , 7.87     , 7.87     , 0.000    , update         , stable update            ,                                                                                                 
Oby                    , updateComputations1to4                                       , 7.61     , 7.61     , 7.61     , 0.000    , update         , stable update            ,                                                                                                 
Oby                    , updateComputations1to1000                                    , 0.47     , 0.47     , 0.47     , 0.000    , update         , stable update            ,                                                                                                 
Oby                    , 64x6 - 4 sources - dynamic - read 12% (dashboard selective r , 917.16   , 917.16   , 917.16   , 0.000    , dynamic        , dynamic rectangular DAG  , nodesRecomputed=2642029 nodesVisited=2642029 edgesTraversed=10568081 sinkReads=960008           
Oby                    , 24x8 - 3 sources - dynamic - read 40% (editor derived state) , 1426.70  , 1426.70  , 1426.70  , 0.000    , dynamic        , dynamic rectangular DAG  , nodesRecomputed=4736332 nodesVisited=4736332 edgesTraversed=14208887 sinkReads=900010           
Oby                    , 120x7 - 5 sources - dynamic - read 18% (kanban board)        , 749.26   , 749.26   , 749.26   , 0.000    , dynamic        , dynamic rectangular DAG  , nodesRecomputed=1765496 nodesVisited=1765496 edgesTraversed=8827231 sinkReads=660022            
Oby                    , 40x10 - 4 sources - dynamic - read 60% (entity detail page)  , 1467.53  , 1467.53  , 1467.53  , 0.000    , dynamic        , dynamic rectangular DAG  , nodesRecomputed=3984210 nodesVisited=3984210 edgesTraversed=15936789 sinkReads=720024           
Oby                    , 256->512x32 - fanIn 4 - layered-dag - 4 sources (layered ful , 332.44   , 332.44   , 332.44   , 0.000    , large_graph    , layered DAG              , nodesRecomputed=249624 nodesVisited=249624 edgesTraversed=998496 sinkReads=61952                
Oby                    , 256->512x32 - fanIn 4 - layered-dag - 4 sources - warm 320 ( , 306.25   , 306.25   , 306.25   , 0.000    , large_graph    , layered DAG              , nodesRecomputed=235200 nodesVisited=235200 edgesTraversed=940800 sinkReads=61952                
Oby                    , 256->512x32 - fanIn 8 - layered-dag - 8 sources - burst 16 - , 2576.65  , 2576.65  , 2576.65  , 0.000    , large_graph    , layered DAG              , nodesRecomputed=1529088 nodesVisited=1529088 edgesTraversed=12232704 sinkReads=49664            
Oby                    , 256->512x32 - fanIn 8 - diamond-mesh - 8 sources - warm 256  , 15.94    , 15.94    , 15.94    , 0.000    , large_graph    , diamond mesh             , nodesRecomputed=24576 nodesVisited=24576 edgesTraversed=196608 sinkReads=49664                  
Oby                    , 32x8 - 4 sources - pull (pure pull)                          , 45.57    , 45.57    , 45.57    , 0.000    , pull           , stable rectangular DAG   , nodesRecomputed=224 nodesVisited=224 edgesTraversed=896 sinkReads=32                            
Oby                    , 8x64 - 1 sources - pull (linear chain - 1 source - pull (lin , 38.61    , 38.61    , 38.61    , 0.000    , pull           , stable rectangular DAG   , nodesRecomputed=504 nodesVisited=504 edgesTraversed=504 sinkReads=8                             
Oby                    , 64x4 - 8 sources - pull (wide tree - 8 sources - pull (branc , 35.38    , 35.38    , 35.38    , 0.000    , pull           , stable rectangular DAG   , nodesRecomputed=192 nodesVisited=192 edgesTraversed=1536 sinkReads=64                           
Oby                    , 32x8 - 4 sources - push (pure push)                          , 507.38   , 507.38   , 507.38   , 0.000    , pull           , stable rectangular DAG   , nodesRecomputed=910133 nodesVisited=910133 edgesTraversed=3640532 sinkReads=220042              
Oby                    , 10x5 - 2 sources - read 20% (simple component)               , 843.51   , 843.51   , 843.51   , 0.000    , pull           , stable rectangular DAG   , nodesRecomputed=3180010 nodesVisited=3180010 edgesTraversed=6360020 sinkReads=1200002           
Oby                    , 10x10 - 6 sources - dynamic - read 20% (dynamic component)   , 616.45   , 616.45   , 616.45   , 0.000    , dynamic        , dynamic rectangular DAG  , nodesRecomputed=1140004 nodesVisited=1140004 edgesTraversed=6839936 sinkReads=30002             
Oby                    , 1000x12 - 4 sources - dynamic (large web app)                , 899.84   , 899.84   , 899.84   , 0.000    , dynamic        , dynamic rectangular DAG  , nodesRecomputed=1473786 nodesVisited=1473786 edgesTraversed=5891713 sinkReads=7001000           
Oby                    , 1000x5 - 25 sources (wide dense)                             , 1020.17  , 1020.17  , 1020.17  , 0.000    , pull           , stable rectangular DAG   , nodesRecomputed=735756 nodesVisited=735756 edgesTraversed=18393900 sinkReads=3001000            
Oby                    , 5x500 - 3 sources (deep)                                     , 581.38   , 581.38   , 581.38   , 0.000    , pull           , stable rectangular DAG   , nodesRecomputed=1246502 nodesVisited=1246502 edgesTraversed=3739506 sinkReads=2505              
Signia                 , avoidablePropagation                                         , 1204.42  , 1204.42  , 1204.42  , 0.000    , baseline       , selective propagation    ,                                                                                                 
Signia                 , broadPropagation                                             , 1339.17  , 1339.17  , 1339.17  , 0.000    , baseline       , wide fan-out             ,                                                                                                 
Signia                 , deepPropagation                                              , 638.70   , 638.70   , 638.70   , 0.000    , pull           , linear chain             ,                                                                                                 
Signia                 , diamond                                                      , 941.75   , 941.75   , 941.75   , 0.000    , baseline       , diamond                  ,                                                                                                 
Signia                 , mux                                                          , 1263.31  , 1263.31  , 1263.31  , 0.000    , dynamic        , dynamic branch           ,                                                                                                 
Signia                 , repeatedObservers                                            , 1389.72  , 1389.72  , 1389.72  , 0.000    , baseline       , duplicate observer       ,                                                                                                 
Signia                 , triangle                                                     , 2161.10  , 2161.10  , 2161.10  , 0.000    , baseline       , glitch-free triangle     ,                                                                                                 
Signia                 , unstable                                                     , 1822.47  , 1822.47  , 1822.47  , 0.000    , dynamic        , dynamic dependency churn ,                                                                                                 
Signia                 , manyEffectsFromOneSource                                     , 810.33   , 810.33   , 810.33   , 0.000    , push           , wide fan-out             , checksum=180075672000                                                                           
Signia                 , manySourcesIntoOneComputedEffectWithDirect                   , 518.39   , 518.39   , 518.39   , 0.000    , pull           , wide fan-in              , checksum=1372929289844                                                                          
Signia                 , manySourcesIntoOneComputedEffect                             , 466.96   , 466.96   , 466.96   , 0.000    , pull           , wide fan-in              , checksum=1331323690944                                                                          
Signia                 , manySourcesIntoOneDirectEffect                               , 123.65   , 123.65   , 123.65   , 0.000    , pull           , wide fan-in              , checksum=41605598900                                                                            
Signia                 , molBench                                                     , 558.84   , 558.84   , 558.84   , 0.000    , dynamic        , mixed app graph          ,                                                                                                 
Signia                 , createDataSignals                                            , 10.90    , 10.90    , 10.90    , 0.000    , creation       , signal creation          ,                                                                                                 
Signia                 , createComputations0to1                                       , 15.85    , 15.85    , 15.85    , 0.000    , creation       , computed creation        ,                                                                                                 
Signia                 , createComputations1to1                                       , 23.01    , 23.01    , 23.01    , 0.000    , creation       , computed creation        ,                                                                                                 
Signia                 , createComputations2to1                                       , 21.17    , 21.17    , 21.17    , 0.000    , creation       , computed creation        ,                                                                                                 
Signia                 , createComputations4to1                                       , 21.53    , 21.53    , 21.53    , 0.000    , creation       , computed creation        ,                                                                                                 
Signia                 , createComputations1000to1                                    , 0.12     , 0.12     , 0.12     , 0.000    , creation       , computed creation        ,                                                                                                 
Signia                 , createComputations1to2                                       , 18.44    , 18.44    , 18.44    , 0.000    , creation       , computed creation        ,                                                                                                 
Signia                 , createComputations1to4                                       , 15.73    , 15.73    , 15.73    , 0.000    , creation       , computed creation        ,                                                                                                 
Signia                 , createComputations1to8                                       , 20.19    , 20.19    , 20.19    , 0.000    , creation       , computed creation        ,                                                                                                 
Signia                 , createComputations1to1000                                    , 16.73    , 16.73    , 16.73    , 0.000    , creation       , computed creation        ,                                                                                                 
Signia                 , updateComputations1to1                                       , 23.31    , 23.31    , 23.31    , 0.000    , update         , stable update            ,                                                                                                 
Signia                 , updateComputations2to1                                       , 22.08    , 22.08    , 22.08    , 0.000    , update         , stable update            ,                                                                                                 
Signia                 , updateComputations4to1                                       , 16.34    , 16.34    , 16.34    , 0.000    , update         , stable update            ,                                                                                                 
Signia                 , updateComputations1000to1                                    , 0.65     , 0.65     , 0.65     , 0.000    , update         , stable update            ,                                                                                                 
Signia                 , updateComputations1to2                                       , 19.55    , 19.55    , 19.55    , 0.000    , update         , stable update            ,                                                                                                 
Signia                 , updateComputations1to4                                       , 13.51    , 13.51    , 13.51    , 0.000    , update         , stable update            ,                                                                                                 
Signia                 , updateComputations1to1000                                    , 0.38     , 0.38     , 0.38     , 0.000    , update         , stable update            ,                                                                                                 
Signia                 , 64x6 - 4 sources - dynamic - read 12% (dashboard selective r , 1623.66  , 1623.66  , 1623.66  , 0.000    , dynamic        , dynamic rectangular DAG  , nodesRecomputed=2642029 nodesVisited=2642029 edgesTraversed=10568081 sinkReads=960008           
Signia                 , 24x8 - 3 sources - dynamic - read 40% (editor derived state) , 1446.42  , 1446.42  , 1446.42  , 0.000    , dynamic        , dynamic rectangular DAG  , nodesRecomputed=4736332 nodesVisited=4736332 edgesTraversed=14208887 sinkReads=900010           
Signia                 , 120x7 - 5 sources - dynamic - read 18% (kanban board)        , 1511.37  , 1511.37  , 1511.37  , 0.000    , dynamic        , dynamic rectangular DAG  , nodesRecomputed=1765496 nodesVisited=1765496 edgesTraversed=8827231 sinkReads=660022            
Signia                 , 40x10 - 4 sources - dynamic - read 60% (entity detail page)  , 1554.24  , 1554.24  , 1554.24  , 0.000    , dynamic        , dynamic rectangular DAG  , nodesRecomputed=3984210 nodesVisited=3984210 edgesTraversed=15936789 sinkReads=720024           
Signia                 , 256->512x32 - fanIn 4 - layered-dag - 4 sources (layered ful , 648.52   , 648.52   , 648.52   , 0.000    , large_graph    , layered DAG              , nodesRecomputed=249624 nodesVisited=249624 edgesTraversed=998496 sinkReads=61952                
Signia                 , 256->512x32 - fanIn 4 - layered-dag - 4 sources - warm 320 ( , 729.55   , 729.55   , 729.55   , 0.000    , large_graph    , layered DAG              , nodesRecomputed=235200 nodesVisited=235200 edgesTraversed=940800 sinkReads=61952                
Signia                 , 256->512x32 - fanIn 8 - layered-dag - 8 sources - burst 16 - , 2015.67  , 2015.67  , 2015.67  , 0.000    , large_graph    , layered DAG              , nodesRecomputed=1529088 nodesVisited=1529088 edgesTraversed=12232704 sinkReads=49664            
Signia                 , 256->512x32 - fanIn 8 - diamond-mesh - 8 sources - warm 256  , 220.80   , 220.80   , 220.80   , 0.000    , large_graph    , diamond mesh             , nodesRecomputed=24576 nodesVisited=24576 edgesTraversed=196608 sinkReads=49664                  
Signia                 , 32x8 - 4 sources - pull (pure pull)                          , 33.45    , 33.45    , 33.45    , 0.000    , pull           , stable rectangular DAG   , nodesRecomputed=224 nodesVisited=224 edgesTraversed=896 sinkReads=32                            
Signia                 , 8x64 - 1 sources - pull (linear chain - 1 source - pull (lin , 47.15    , 47.15    , 47.15    , 0.000    , pull           , stable rectangular DAG   , nodesRecomputed=504 nodesVisited=504 edgesTraversed=504 sinkReads=8                             
Signia                 , 64x4 - 8 sources - pull (wide tree - 8 sources - pull (branc , 38.25    , 38.25    , 38.25    , 0.000    , pull           , stable rectangular DAG   , nodesRecomputed=192 nodesVisited=192 edgesTraversed=1536 sinkReads=64                           
Signia                 , 32x8 - 4 sources - push (pure push)                          , 513.61   , 513.61   , 513.61   , 0.000    , pull           , stable rectangular DAG   , nodesRecomputed=910133 nodesVisited=910133 edgesTraversed=3640532 sinkReads=220010              
Signia                 , 10x5 - 2 sources - read 20% (simple component)               , 748.73   , 748.73   , 748.73   , 0.000    , pull           , stable rectangular DAG   , nodesRecomputed=3180010 nodesVisited=3180010 edgesTraversed=6360020 sinkReads=1200002           
Signia                 , 10x10 - 6 sources - dynamic - read 20% (dynamic component)   , 504.56   , 504.56   , 504.56   , 0.000    , dynamic        , dynamic rectangular DAG  , nodesRecomputed=1140004 nodesVisited=1140004 edgesTraversed=6839936 sinkReads=30002             
Signia                 , 1000x12 - 4 sources - dynamic (large web app)                , 12261.52 , 12261.52 , 12261.52 , 0.000    , dynamic        , dynamic rectangular DAG  , nodesRecomputed=1473786 nodesVisited=1473786 edgesTraversed=5891713 sinkReads=7001000           
Signia                 , 1000x5 - 25 sources (wide dense)                             , 4777.19  , 4777.19  , 4777.19  , 0.000    , pull           , stable rectangular DAG   , nodesRecomputed=735756 nodesVisited=735756 edgesTraversed=18393900 sinkReads=3001000            
Signia                 , 5x500 - 3 sources (deep)                                     , 488.84   , 488.84   , 488.84   , 0.000    , pull           , stable rectangular DAG   , nodesRecomputed=1246502 nodesVisited=1246502 edgesTraversed=3739506 sinkReads=2505              
@solidjs/signals       , avoidablePropagation                                         , 1952.16  , 1952.16  , 1952.16  , 0.000    , baseline       , selective propagation    ,                                                                                                 
@solidjs/signals       , broadPropagation                                             , 3183.91  , 3183.91  , 3183.91  , 0.000    , baseline       , wide fan-out             ,                                                                                                 
@solidjs/signals       , deepPropagation                                              , 1084.19  , 1084.19  , 1084.19  , 0.000    , pull           , linear chain             ,                                                                                                 
@solidjs/signals       , diamond                                                      , 2318.22  , 2318.22  , 2318.22  , 0.000    , baseline       , diamond                  ,                                                                                                 
@solidjs/signals       , mux                                                          , 1104.63  , 1104.63  , 1104.63  , 0.000    , dynamic        , dynamic branch           ,                                                                                                 
@solidjs/signals       , repeatedObservers                                            , 490.24   , 490.24   , 490.24   , 0.000    , baseline       , duplicate observer       ,                                                                                                 
@solidjs/signals       , triangle                                                     , 763.18   , 763.18   , 763.18   , 0.000    , baseline       , glitch-free triangle     ,                                                                                                 
@solidjs/signals       , unstable                                                     , 599.55   , 599.55   , 599.55   , 0.000    , dynamic        , dynamic dependency churn ,                                                                                                 
@solidjs/signals       , manyEffectsFromOneSource                                     , 2572.15  , 2572.15  , 2572.15  , 0.000    , push           , wide fan-out             , checksum=180075672000                                                                           
@solidjs/signals       , manySourcesIntoOneComputedEffectWithDirect                   , 762.38   , 762.38   , 762.38   , 0.000    , pull           , wide fan-in              , checksum=1372929289844                                                                          
@solidjs/signals       , manySourcesIntoOneComputedEffect                             , 603.50   , 603.50   , 603.50   , 0.000    , pull           , wide fan-in              , checksum=1331323690944                                                                          
@solidjs/signals       , manySourcesIntoOneDirectEffect                               , 183.13   , 183.13   , 183.13   , 0.000    , pull           , wide fan-in              , checksum=41605598900                                                                            
@solidjs/signals       , molBench                                                     , 781.90   , 781.90   , 781.90   , 0.000    , dynamic        , mixed app graph          ,                                                                                                 
@solidjs/signals       , createDataSignals                                            , 18.92    , 18.92    , 18.92    , 0.000    , creation       , signal creation          ,                                                                                                 
@solidjs/signals       , createComputations0to1                                       , 61.95    , 61.95    , 61.95    , 0.000    , creation       , computed creation        ,                                                                                                 
@solidjs/signals       , createComputations1to1                                       , 66.05    , 66.05    , 66.05    , 0.000    , creation       , computed creation        ,                                                                                                 
@solidjs/signals       , createComputations2to1                                       , 53.70    , 53.70    , 53.70    , 0.000    , creation       , computed creation        ,                                                                                                 
@solidjs/signals       , createComputations4to1                                       , 53.85    , 53.85    , 53.85    , 0.000    , creation       , computed creation        ,                                                                                                 
@solidjs/signals       , createComputations1000to1                                    , 9.26     , 9.26     , 9.26     , 0.000    , creation       , computed creation        ,                                                                                                 
@solidjs/signals       , createComputations1to2                                       , 85.34    , 85.34    , 85.34    , 0.000    , creation       , computed creation        ,                                                                                                 
@solidjs/signals       , createComputations1to4                                       , 70.66    , 70.66    , 70.66    , 0.000    , creation       , computed creation        ,                                                                                                 
@solidjs/signals       , createComputations1to8                                       , 75.93    , 75.93    , 75.93    , 0.000    , creation       , computed creation        ,                                                                                                 
@solidjs/signals       , createComputations1to1000                                    , 83.46    , 83.46    , 83.46    , 0.000    , creation       , computed creation        ,                                                                                                 
@solidjs/signals       , updateComputations1to1                                       , 19.03    , 19.03    , 19.03    , 0.000    , update         , stable update            ,                                                                                                 
@solidjs/signals       , updateComputations2to1                                       , 11.70    , 11.70    , 11.70    , 0.000    , update         , stable update            ,                                                                                                 
@solidjs/signals       , updateComputations4to1                                       , 7.23     , 7.23     , 7.23     , 0.000    , update         , stable update            ,                                                                                                 
@solidjs/signals       , updateComputations1000to1                                    , 0.82     , 0.82     , 0.82     , 0.000    , update         , stable update            ,                                                                                                 
@solidjs/signals       , updateComputations1to2                                       , 11.55    , 11.55    , 11.55    , 0.000    , update         , stable update            ,                                                                                                 
@solidjs/signals       , updateComputations1to4                                       , 11.20    , 11.20    , 11.20    , 0.000    , update         , stable update            ,                                                                                                 
@solidjs/signals       , updateComputations1to1000                                    , 11.16    , 11.16    , 11.16    , 0.000    , update         , stable update            ,                                                                                                 
@solidjs/signals       , 64x6 - 4 sources - dynamic - read 12% (dashboard selective r , 3086.83  , 3086.83  , 3086.83  , 0.000    , dynamic        , dynamic rectangular DAG  , nodesRecomputed=6000270 nodesVisited=6000270 edgesTraversed=24001017 sinkReads=960008 fallbackCo
@solidjs/signals       , 24x8 - 3 sources - dynamic - read 40% (editor derived state) , 2564.12  , 2564.12  , 2564.12  , 0.000    , dynamic        , dynamic rectangular DAG  , nodesRecomputed=5670087 nodesVisited=5670087 edgesTraversed=17010146 sinkReads=900010 fallbackCo
@solidjs/signals       , 120x7 - 5 sources - dynamic - read 18% (kanban board)        , 1619.67  , 1619.67  , 1619.67  , 0.000    , dynamic        , dynamic rectangular DAG  , nodesRecomputed=2700620 nodesVisited=2700620 edgesTraversed=13502767 sinkReads=660022 fallbackCo
@solidjs/signals       , 40x10 - 4 sources - dynamic - read 60% (entity detail page)  , 2215.11  , 2215.11  , 2215.11  , 0.000    , dynamic        , dynamic rectangular DAG  , nodesRecomputed=4320213 nodesVisited=4320213 edgesTraversed=17280788 sinkReads=720024 fallbackCo
@solidjs/signals       , 256->512x32 - fanIn 4 - layered-dag - 4 sources (layered ful , 345.64   , 345.64   , 345.64   , 0.000    , large_graph    , layered DAG              , nodesRecomputed=233240 nodesVisited=233240 edgesTraversed=932960 sinkReads=61952 fallbackCount=0
@solidjs/signals       , 256->512x32 - fanIn 4 - layered-dag - 4 sources - warm 320 ( , 314.59   , 314.59   , 314.59   , 0.000    , large_graph    , layered DAG              , nodesRecomputed=235200 nodesVisited=235200 edgesTraversed=940800 sinkReads=61952 fallbackCount=0
@solidjs/signals       , 256->512x32 - fanIn 8 - layered-dag - 8 sources - burst 16 - , 2211.65  , 2211.65  , 2211.65  , 0.000    , large_graph    , layered DAG              , nodesRecomputed=1529088 nodesVisited=1529088 edgesTraversed=12232704 sinkReads=49664 fallbackCou
@solidjs/signals       , 256->512x32 - fanIn 8 - diamond-mesh - 8 sources - warm 256  , 30.51    , 30.51    , 30.51    , 0.000    , large_graph    , diamond mesh             , nodesRecomputed=24576 nodesVisited=24576 edgesTraversed=196608 sinkReads=49664 fallbackCount=0 h
@solidjs/signals       , 32x8 - 4 sources - pull (pure pull)                          , 53.75    , 53.75    , 53.75    , 0.000    , pull           , stable rectangular DAG   , nodesRecomputed=448 nodesVisited=448 edgesTraversed=1792 sinkReads=32 fallbackCount=0 heightAdju
@solidjs/signals       , 8x64 - 1 sources - pull (linear chain - 1 source - pull (lin , 40.84    , 40.84    , 40.84    , 0.000    , pull           , stable rectangular DAG   , nodesRecomputed=1008 nodesVisited=1008 edgesTraversed=1008 sinkReads=8 fallbackCount=0 heightAdj
@solidjs/signals       , 64x4 - 8 sources - pull (wide tree - 8 sources - pull (branc , 40.67    , 40.67    , 40.67    , 0.000    , pull           , stable rectangular DAG   , nodesRecomputed=384 nodesVisited=384 edgesTraversed=3072 sinkReads=64 fallbackCount=0 heightAdju
@solidjs/signals       , 32x8 - 4 sources - push (pure push)                          , 787.70   , 787.70   , 787.70   , 0.000    , pull           , stable rectangular DAG   , nodesRecomputed=910133 nodesVisited=910133 edgesTraversed=3640532 sinkReads=220010 fallbackCount
@solidjs/signals       , 10x5 - 2 sources - read 20% (simple component)               , 3508.78  , 3508.78  , 3508.78  , 0.000    , pull           , stable rectangular DAG   , nodesRecomputed=8400026 nodesVisited=8400026 edgesTraversed=16800052 sinkReads=1200002 fallbackC
@solidjs/signals       , 10x10 - 6 sources - dynamic - read 20% (dynamic component)   , 954.07   , 954.07   , 954.07   , 0.000    , dynamic        , dynamic rectangular DAG  , nodesRecomputed=1290004 nodesVisited=1290004 edgesTraversed=7739922 sinkReads=30002 fallbackCoun
@solidjs/signals       , 1000x12 - 4 sources - dynamic (large web app)                , 1132.96  , 1132.96  , 1132.96  , 0.000    , dynamic        , dynamic rectangular DAG  , nodesRecomputed=1473786 nodesVisited=1473786 edgesTraversed=5891713 sinkReads=7001000 fallbackCo
@solidjs/signals       , 1000x5 - 25 sources (wide dense)                             , 1658.48  , 1658.48  , 1658.48  , 0.000    , pull           , stable rectangular DAG   , nodesRecomputed=735756 nodesVisited=735756 edgesTraversed=18393900 sinkReads=3001000 fallbackCou
@solidjs/signals       , 5x500 - 3 sources (deep)                                     , 758.80   , 758.80   , 758.80   , 0.000    , pull           , stable rectangular DAG   , nodesRecomputed=1246502 nodesVisited=1246502 edgesTraversed=3739506 sinkReads=2505 fallbackCount
SolidJS                , avoidablePropagation                                         , 1267.50  , 1267.50  , 1267.50  , 0.000    , baseline       , selective propagation    ,                                                                                                 
SolidJS                , broadPropagation                                             , 2423.64  , 2423.64  , 2423.64  , 0.000    , baseline       , wide fan-out             ,                                                                                                 
SolidJS                , deepPropagation                                              , 940.33   , 940.33   , 940.33   , 0.000    , pull           , linear chain             ,                                                                                                 
SolidJS                , diamond                                                      , 1446.18  , 1446.18  , 1446.18  , 0.000    , baseline       , diamond                  ,                                                                                                 
SolidJS                , mux                                                          , 1218.81  , 1218.81  , 1218.81  , 0.000    , dynamic        , dynamic branch           ,                                                                                                 
SolidJS                , repeatedObservers                                            , 255.75   , 255.75   , 255.75   , 0.000    , baseline       , duplicate observer       ,                                                                                                 
SolidJS                , triangle                                                     , 475.20   , 475.20   , 475.20   , 0.000    , baseline       , glitch-free triangle     ,                                                                                                 
SolidJS                , unstable                                                     , 316.60   , 316.60   , 316.60   , 0.000    , dynamic        , dynamic dependency churn ,                                                                                                 
SolidJS                , manyEffectsFromOneSource                                     , 876.07   , 876.07   , 876.07   , 0.000    , push           , wide fan-out             , checksum=180075672000                                                                           
SolidJS                , manySourcesIntoOneComputedEffectWithDirect                   , 1181.54  , 1181.54  , 1181.54  , 0.000    , pull           , wide fan-in              , checksum=1372929289844                                                                          
SolidJS                , manySourcesIntoOneComputedEffect                             , 1333.22  , 1333.22  , 1333.22  , 0.000    , pull           , wide fan-in              , checksum=1331323690944                                                                          
SolidJS                , manySourcesIntoOneDirectEffect                               , 121.91   , 121.91   , 121.91   , 0.000    , pull           , wide fan-in              , checksum=41605598900                                                                            
SolidJS                , molBench                                                     , 712.22   , 712.22   , 712.22   , 0.000    , dynamic        , mixed app graph          ,                                                                                                 
SolidJS                , createDataSignals                                            , 18.75    , 18.75    , 18.75    , 0.000    , creation       , signal creation          ,                                                                                                 
SolidJS                , createComputations0to1                                       , 16.98    , 16.98    , 16.98    , 0.000    , creation       , computed creation        ,                                                                                                 
SolidJS                , createComputations1to1                                       , 23.38    , 23.38    , 23.38    , 0.000    , creation       , computed creation        ,                                                                                                 
SolidJS                , createComputations2to1                                       , 74.11    , 74.11    , 74.11    , 0.000    , creation       , computed creation        ,                                                                                                 
SolidJS                , createComputations4to1                                       , 21.98    , 21.98    , 21.98    , 0.000    , creation       , computed creation        ,                                                                                                 
SolidJS                , createComputations1000to1                                    , 16.54    , 16.54    , 16.54    , 0.000    , creation       , computed creation        ,                                                                                                 
SolidJS                , createComputations1to2                                       , 66.05    , 66.05    , 66.05    , 0.000    , creation       , computed creation        ,                                                                                                 
SolidJS                , createComputations1to4                                       , 55.93    , 55.93    , 55.93    , 0.000    , creation       , computed creation        ,                                                                                                 
SolidJS                , createComputations1to8                                       , 63.22    , 63.22    , 63.22    , 0.000    , creation       , computed creation        ,                                                                                                 
SolidJS                , createComputations1to1000                                    , 77.60    , 77.60    , 77.60    , 0.000    , creation       , computed creation        ,                                                                                                 
SolidJS                , updateComputations1to1                                       , 143.34   , 143.34   , 143.34   , 0.000    , update         , stable update            ,                                                                                                 
SolidJS                , updateComputations2to1                                       , 106.31   , 106.31   , 106.31   , 0.000    , update         , stable update            ,                                                                                                 
SolidJS                , updateComputations4to1                                       , 87.14    , 87.14    , 87.14    , 0.000    , update         , stable update            ,                                                                                                 
SolidJS                , updateComputations1000to1                                    , 164.56   , 164.56   , 164.56   , 0.000    , update         , stable update            ,                                                                                                 
SolidJS                , updateComputations1to2                                       , 92.10    , 92.10    , 92.10    , 0.000    , update         , stable update            ,                                                                                                 
SolidJS                , updateComputations1to4                                       , 80.58    , 80.58    , 80.58    , 0.000    , update         , stable update            ,                                                                                                 
SolidJS                , updateComputations1to1000                                    , 65.73    , 65.73    , 65.73    , 0.000    , update         , stable update            ,                                                                                                 
SolidJS                , 64x6 - 4 sources - dynamic - read 12% (dashboard selective r , 3185.84  , 3185.84  , 3185.84  , 0.000    , dynamic        , dynamic rectangular DAG  , nodesRecomputed=6000270 nodesVisited=6000270 edgesTraversed=24001017 sinkReads=960008           
SolidJS                , 24x8 - 3 sources - dynamic - read 40% (editor derived state) , 2737.60  , 2737.60  , 2737.60  , 0.000    , dynamic        , dynamic rectangular DAG  , nodesRecomputed=5670087 nodesVisited=5670087 edgesTraversed=17010146 sinkReads=900010           
SolidJS                , 120x7 - 5 sources - dynamic - read 18% (kanban board)        , 1788.74  , 1788.74  , 1788.74  , 0.000    , dynamic        , dynamic rectangular DAG  , nodesRecomputed=2700620 nodesVisited=2700620 edgesTraversed=13502767 sinkReads=660022           
SolidJS                , 40x10 - 4 sources - dynamic - read 60% (entity detail page)  , 2647.28  , 2647.28  , 2647.28  , 0.000    , dynamic        , dynamic rectangular DAG  , nodesRecomputed=4320213 nodesVisited=4320213 edgesTraversed=17280788 sinkReads=720024           
SolidJS                , 256->512x32 - fanIn 4 - layered-dag - 4 sources (layered ful , 398.51   , 398.51   , 398.51   , 0.000    , large_graph    , layered DAG              , nodesRecomputed=233240 nodesVisited=233240 edgesTraversed=932960 sinkReads=61952                
SolidJS                , 256->512x32 - fanIn 4 - layered-dag - 4 sources - warm 320 ( , 395.67   , 395.67   , 395.67   , 0.000    , large_graph    , layered DAG              , nodesRecomputed=235200 nodesVisited=235200 edgesTraversed=940800 sinkReads=61952                
SolidJS                , 256->512x32 - fanIn 8 - layered-dag - 8 sources - burst 16 - , 3329.23  , 3329.23  , 3329.23  , 0.000    , large_graph    , layered DAG              , nodesRecomputed=1529088 nodesVisited=1529088 edgesTraversed=12232704 sinkReads=49664            
SolidJS                , 256->512x32 - fanIn 8 - diamond-mesh - 8 sources - warm 256  , 24.72    , 24.72    , 24.72    , 0.000    , large_graph    , diamond mesh             , nodesRecomputed=24576 nodesVisited=24576 edgesTraversed=196608 sinkReads=49664                  
SolidJS                , 32x8 - 4 sources - pull (pure pull)                          , 516.10   , 516.10   , 516.10   , 0.000    , pull           , stable rectangular DAG   , nodesRecomputed=910133 nodesVisited=910133 edgesTraversed=3640532 sinkReads=32                  
SolidJS                , 8x64 - 1 sources - pull (linear chain - 1 source - pull (lin , 279.00   , 279.00   , 279.00   , 0.000    , pull           , stable rectangular DAG   , nodesRecomputed=630441 nodesVisited=630441 edgesTraversed=630441 sinkReads=8                    
SolidJS                , 64x4 - 8 sources - pull (wide tree - 8 sources - pull (branc , 393.34   , 393.34   , 393.34   , 0.000    , pull           , stable rectangular DAG   , nodesRecomputed=450147 nodesVisited=450147 edgesTraversed=3601176 sinkReads=64                  
SolidJS                , 32x8 - 4 sources - push (pure push)                          , 675.96   , 675.96   , 675.96   , 0.000    , pull           , stable rectangular DAG   , nodesRecomputed=910133 nodesVisited=910133 edgesTraversed=3640532 sinkReads=220010              
SolidJS                , 10x5 - 2 sources - read 20% (simple component)               , 2825.11  , 2825.11  , 2825.11  , 0.000    , pull           , stable rectangular DAG   , nodesRecomputed=8400026 nodesVisited=8400026 edgesTraversed=16800052 sinkReads=1200002          
SolidJS                , 10x10 - 6 sources - dynamic - read 20% (dynamic component)   , 998.42   , 998.42   , 998.42   , 0.000    , dynamic        , dynamic rectangular DAG  , nodesRecomputed=1290004 nodesVisited=1290004 edgesTraversed=7739922 sinkReads=30002             
SolidJS                , 1000x12 - 4 sources - dynamic (large web app)                , 1168.88  , 1168.88  , 1168.88  , 0.000    , dynamic        , dynamic rectangular DAG  , nodesRecomputed=1473786 nodesVisited=1473786 edgesTraversed=5891713 sinkReads=7001000           
SolidJS                , 1000x5 - 25 sources (wide dense)                             , 2057.48  , 2057.48  , 2057.48  , 0.000    , pull           , stable rectangular DAG   , nodesRecomputed=735756 nodesVisited=735756 edgesTraversed=18393900 sinkReads=3001000            
SolidJS                , 5x500 - 3 sources (deep)                                     , 1069.96  , 1069.96  , 1069.96  , 0.000    , pull           , stable rectangular DAG   , nodesRecomputed=1246502 nodesVisited=1246502 edgesTraversed=3739506 sinkReads=2505              
uSignal                , avoidablePropagation                                         , 1568.01  , 1568.01  , 1568.01  , 0.000    , baseline       , selective propagation    ,                                                                                                 
uSignal                , broadPropagation                                             , 1565.37  , 1565.37  , 1565.37  , 0.000    , baseline       , wide fan-out             ,                                                                                                 
uSignal                , deepPropagation                                              , 627.93   , 627.93   , 627.93   , 0.000    , pull           , linear chain             ,                                                                                                 
uSignal                , diamond                                                      , 1032.20  , 1032.20  , 1032.20  , 0.000    , baseline       , diamond                  ,                                                                                                 
uSignal                , mux                                                          , 1791.17  , 1791.17  , 1791.17  , 0.000    , dynamic        , dynamic branch           ,                                                                                                 
uSignal                , repeatedObservers                                            , 179.92   , 179.92   , 179.92   , 0.000    , baseline       , duplicate observer       ,                                                                                                 
uSignal                , triangle                                                     , 381.45   , 381.45   , 381.45   , 0.000    , baseline       , glitch-free triangle     ,                                                                                                 
uSignal                , unstable                                                     , 195.44   , 195.44   , 195.44   , 0.000    , dynamic        , dynamic dependency churn ,                                                                                                 
uSignal                , manyEffectsFromOneSource                                     , 1010.46  , 1010.46  , 1010.46  , 0.000    , push           , wide fan-out             , checksum=180075672000                                                                           
uSignal                , manySourcesIntoOneComputedEffectWithDirect                   , 475.21   , 475.21   , 475.21   , 0.000    , pull           , wide fan-in              , checksum=1372929289844                                                                          
uSignal                , manySourcesIntoOneComputedEffect                             , 451.25   , 451.25   , 451.25   , 0.000    , pull           , wide fan-in              , checksum=1331323690944                                                                          
uSignal                , manySourcesIntoOneDirectEffect                               , 95.83    , 95.83    , 95.83    , 0.000    , pull           , wide fan-in              , checksum=41605598900                                                                            
uSignal                , molBench                                                     , 1158.06  , 1158.06  , 1158.06  , 0.000    , dynamic        , mixed app graph          ,                                                                                                 
uSignal                , createDataSignals                                            , 36.59    , 36.59    , 36.59    , 0.000    , creation       , signal creation          ,                                                                                                 
uSignal                , createComputations0to1                                       , 16.19    , 16.19    , 16.19    , 0.000    , creation       , computed creation        ,                                                                                                 
uSignal                , createComputations1to1                                       , 17.01    , 17.01    , 17.01    , 0.000    , creation       , computed creation        ,                                                                                                 
uSignal                , createComputations2to1                                       , 10.83    , 10.83    , 10.83    , 0.000    , creation       , computed creation        ,                                                                                                 
uSignal                , createComputations4to1                                       , 11.94    , 11.94    , 11.94    , 0.000    , creation       , computed creation        ,                                                                                                 
uSignal                , createComputations1000to1                                    , 0.09     , 0.09     , 0.09     , 0.000    , creation       , computed creation        ,                                                                                                 
uSignal                , createComputations1to2                                       , 15.45    , 15.45    , 15.45    , 0.000    , creation       , computed creation        ,                                                                                                 
uSignal                , createComputations1to4                                       , 19.71    , 19.71    , 19.71    , 0.000    , creation       , computed creation        ,                                                                                                 
uSignal                , createComputations1to8                                       , 20.44    , 20.44    , 20.44    , 0.000    , creation       , computed creation        ,                                                                                                 
uSignal                , createComputations1to1000                                    , 16.47    , 16.47    , 16.47    , 0.000    , creation       , computed creation        ,                                                                                                 
uSignal                , updateComputations1to1                                       , 8.68     , 8.68     , 8.68     , 0.000    , update         , stable update            ,                                                                                                 
uSignal                , updateComputations2to1                                       , 4.24     , 4.24     , 4.24     , 0.000    , update         , stable update            ,                                                                                                 
uSignal                , updateComputations4to1                                       , 4.02     , 4.02     , 4.02     , 0.000    , update         , stable update            ,                                                                                                 
uSignal                , updateComputations1000to1                                    , 0.18     , 0.18     , 0.18     , 0.000    , update         , stable update            ,                                                                                                 
uSignal                , updateComputations1to2                                       , 3.80     , 3.80     , 3.80     , 0.000    , update         , stable update            ,                                                                                                 
uSignal                , updateComputations1to4                                       , 4.51     , 4.51     , 4.51     , 0.000    , update         , stable update            ,                                                                                                 
uSignal                , updateComputations1to1000                                    , 0.52     , 0.52     , 0.52     , 0.000    , update         , stable update            ,                                                                                                 
uSignal                , 64x6 - 4 sources - dynamic - read 12% (dashboard selective r , 1076.87  , 1076.87  , 1076.87  , 0.000    , dynamic        , dynamic rectangular DAG  , nodesRecomputed=2642029 nodesVisited=2642029 edgesTraversed=10568081 sinkReads=960008           
uSignal                , 24x8 - 3 sources - dynamic - read 40% (editor derived state) , 1754.72  , 1754.72  , 1754.72  , 0.000    , dynamic        , dynamic rectangular DAG  , nodesRecomputed=4736332 nodesVisited=4736332 edgesTraversed=14208887 sinkReads=900010           
uSignal                , 120x7 - 5 sources - dynamic - read 18% (kanban board)        , 1139.73  , 1139.73  , 1139.73  , 0.000    , dynamic        , dynamic rectangular DAG  , nodesRecomputed=1765496 nodesVisited=1765496 edgesTraversed=8827231 sinkReads=660022            
uSignal                , 40x10 - 4 sources - dynamic - read 60% (entity detail page)  , 1846.76  , 1846.76  , 1846.76  , 0.000    , dynamic        , dynamic rectangular DAG  , nodesRecomputed=3984210 nodesVisited=3984210 edgesTraversed=15936789 sinkReads=720024           
uSignal                , 256->512x32 - fanIn 4 - layered-dag - 4 sources (layered ful , 321.42   , 321.42   , 321.42   , 0.000    , large_graph    , layered DAG              , nodesRecomputed=249624 nodesVisited=249624 edgesTraversed=998496 sinkReads=61952                
uSignal                , 256->512x32 - fanIn 4 - layered-dag - 4 sources - warm 320 ( , 273.70   , 273.70   , 273.70   , 0.000    , large_graph    , layered DAG              , nodesRecomputed=235200 nodesVisited=235200 edgesTraversed=940800 sinkReads=61952                
uSignal                , 256->512x32 - fanIn 8 - layered-dag - 8 sources - burst 16 - , 3272.46  , 3272.46  , 3272.46  , 0.000    , large_graph    , layered DAG              , nodesRecomputed=1529088 nodesVisited=1529088 edgesTraversed=12232704 sinkReads=49664            
uSignal                , 256->512x32 - fanIn 8 - diamond-mesh - 8 sources - warm 256  , 17.11    , 17.11    , 17.11    , 0.000    , large_graph    , diamond mesh             , nodesRecomputed=24576 nodesVisited=24576 edgesTraversed=196608 sinkReads=49664                  
uSignal                , 32x8 - 4 sources - pull (pure pull)                          , 60.40    , 60.40    , 60.40    , 0.000    , pull           , stable rectangular DAG   , nodesRecomputed=224 nodesVisited=224 edgesTraversed=896 sinkReads=32                            
uSignal                , 8x64 - 1 sources - pull (linear chain - 1 source - pull (lin , 36.42    , 36.42    , 36.42    , 0.000    , pull           , stable rectangular DAG   , nodesRecomputed=504 nodesVisited=504 edgesTraversed=504 sinkReads=8                             
uSignal                , 64x4 - 8 sources - pull (wide tree - 8 sources - pull (branc , 54.01    , 54.01    , 54.01    , 0.000    , pull           , stable rectangular DAG   , nodesRecomputed=192 nodesVisited=192 edgesTraversed=1536 sinkReads=64                           
uSignal                , 32x8 - 4 sources - push (pure push)                          , 505.70   , 505.70   , 505.70   , 0.000    , pull           , stable rectangular DAG   , nodesRecomputed=910133 nodesVisited=910133 edgesTraversed=3640532 sinkReads=220010              
uSignal                , 10x5 - 2 sources - read 20% (simple component)               , 812.88   , 812.88   , 812.88   , 0.000    , pull           , stable rectangular DAG   , nodesRecomputed=3180010 nodesVisited=3180010 edgesTraversed=6360020 sinkReads=1200002           
uSignal                , 10x10 - 6 sources - dynamic - read 20% (dynamic component)   , 797.43   , 797.43   , 797.43   , 0.000    , dynamic        , dynamic rectangular DAG  , nodesRecomputed=1140004 nodesVisited=1140004 edgesTraversed=6839936 sinkReads=30002             
uSignal                , 1000x12 - 4 sources - dynamic (large web app)                , 892.94   , 892.94   , 892.94   , 0.000    , dynamic        , dynamic rectangular DAG  , nodesRecomputed=1473786 nodesVisited=1473786 edgesTraversed=5891713 sinkReads=7001000           
uSignal                , 1000x5 - 25 sources (wide dense)                             , 2207.99  , 2207.99  , 2207.99  , 0.000    , pull           , stable rectangular DAG   , nodesRecomputed=735756 nodesVisited=735756 edgesTraversed=18393900 sinkReads=3001000            
uSignal                , 5x500 - 3 sources (deep)                                     , 754.17   , 754.17   , 754.17   , 0.000    , pull           , stable rectangular DAG   , nodesRecomputed=1246502 nodesVisited=1246502 edgesTraversed=3739506 sinkReads=2505              
@vue/reactivity        , avoidablePropagation                                         , 1033.60  , 1033.60  , 1033.60  , 0.000    , baseline       , selective propagation    ,                                                                                                 
@vue/reactivity        , broadPropagation                                             , 946.10   , 946.10   , 946.10   , 0.000    , baseline       , wide fan-out             ,                                                                                                 
@vue/reactivity        , deepPropagation                                              , 363.46   , 363.46   , 363.46   , 0.000    , pull           , linear chain             ,                                                                                                 
@vue/reactivity        , diamond                                                      , 683.79   , 683.79   , 683.79   , 0.000    , baseline       , diamond                  ,                                                                                                 
@vue/reactivity        , mux                                                          , 998.34   , 998.34   , 998.34   , 0.000    , dynamic        , dynamic branch           ,                                                                                                 
@vue/reactivity        , repeatedObservers                                            , 158.99   , 158.99   , 158.99   , 0.000    , baseline       , duplicate observer       ,                                                                                                 
@vue/reactivity        , triangle                                                     , 264.72   , 264.72   , 264.72   , 0.000    , baseline       , glitch-free triangle     ,                                                                                                 
@vue/reactivity        , unstable                                                     , 192.03   , 192.03   , 192.03   , 0.000    , dynamic        , dynamic dependency churn ,                                                                                                 
@vue/reactivity        , manyEffectsFromOneSource                                     , 521.65   , 521.65   , 521.65   , 0.000    , push           , wide fan-out             , checksum=180075672000                                                                           
@vue/reactivity        , manySourcesIntoOneComputedEffectWithDirect                   , 432.97   , 432.97   , 432.97   , 0.000    , pull           , wide fan-in              , checksum=10692195069556                                                                         
@vue/reactivity        , manySourcesIntoOneComputedEffect                             , 462.36   , 462.36   , 462.36   , 0.000    , pull           , wide fan-in              , checksum=10650589470656                                                                         
@vue/reactivity        , manySourcesIntoOneDirectEffect                               , 99.10    , 99.10    , 99.10    , 0.000    , pull           , wide fan-in              , checksum=41605598900                                                                            
@vue/reactivity        , molBench                                                     , 1471.96  , 1471.96  , 1471.96  , 0.000    , dynamic        , mixed app graph          ,                                                                                                 
@vue/reactivity        , createDataSignals                                            , 15.85    , 15.85    , 15.85    , 0.000    , creation       , signal creation          ,                                                                                                 
@vue/reactivity        , createComputations0to1                                       , 18.18    , 18.18    , 18.18    , 0.000    , creation       , computed creation        ,                                                                                                 
@vue/reactivity        , createComputations1to1                                       , 25.56    , 25.56    , 25.56    , 0.000    , creation       , computed creation        ,                                                                                                 
@vue/reactivity        , createComputations2to1                                       , 19.49    , 19.49    , 19.49    , 0.000    , creation       , computed creation        ,                                                                                                 
@vue/reactivity        , createComputations4to1                                       , 21.15    , 21.15    , 21.15    , 0.000    , creation       , computed creation        ,                                                                                                 
@vue/reactivity        , createComputations1000to1                                    , 0.15     , 0.15     , 0.15     , 0.000    , creation       , computed creation        ,                                                                                                 
@vue/reactivity        , createComputations1to2                                       , 24.20    , 24.20    , 24.20    , 0.000    , creation       , computed creation        ,                                                                                                 
@vue/reactivity        , createComputations1to4                                       , 17.14    , 17.14    , 17.14    , 0.000    , creation       , computed creation        ,                                                                                                 
@vue/reactivity        , createComputations1to8                                       , 20.92    , 20.92    , 20.92    , 0.000    , creation       , computed creation        ,                                                                                                 
@vue/reactivity        , createComputations1to1000                                    , 17.27    , 17.27    , 17.27    , 0.000    , creation       , computed creation        ,                                                                                                 
@vue/reactivity        , updateComputations1to1                                       , 11.77    , 11.77    , 11.77    , 0.000    , update         , stable update            ,                                                                                                 
@vue/reactivity        , updateComputations2to1                                       , 8.83     , 8.83     , 8.83     , 0.000    , update         , stable update            ,                                                                                                 
@vue/reactivity        , updateComputations4to1                                       , 5.77     , 5.77     , 5.77     , 0.000    , update         , stable update            ,                                                                                                 
@vue/reactivity        , updateComputations1000to1                                    , 0.36     , 0.36     , 0.36     , 0.000    , update         , stable update            ,                                                                                                 
@vue/reactivity        , updateComputations1to2                                       , 6.18     , 6.18     , 6.18     , 0.000    , update         , stable update            ,                                                                                                 
@vue/reactivity        , updateComputations1to4                                       , 5.52     , 5.52     , 5.52     , 0.000    , update         , stable update            ,                                                                                                 
@vue/reactivity        , updateComputations1to1000                                    , 0.51     , 0.51     , 0.51     , 0.000    , update         , stable update            ,                                                                                                 
@vue/reactivity        , 64x6 - 4 sources - dynamic - read 12% (dashboard selective r , 1914.77  , 1914.77  , 1914.77  , 0.000    , dynamic        , dynamic rectangular DAG  , nodesRecomputed=2642029 nodesVisited=2642029 edgesTraversed=10568081 sinkReads=960008           
@vue/reactivity        , 24x8 - 3 sources - dynamic - read 40% (editor derived state) , 1652.46  , 1652.46  , 1652.46  , 0.000    , dynamic        , dynamic rectangular DAG  , nodesRecomputed=4736332 nodesVisited=4736332 edgesTraversed=14208887 sinkReads=900010           
@vue/reactivity        , 120x7 - 5 sources - dynamic - read 18% (kanban board)        , 1882.50  , 1882.50  , 1882.50  , 0.000    , dynamic        , dynamic rectangular DAG  , nodesRecomputed=1765496 nodesVisited=1765496 edgesTraversed=8827231 sinkReads=660022            
@vue/reactivity        , 40x10 - 4 sources - dynamic - read 60% (entity detail page)  , 1813.23  , 1813.23  , 1813.23  , 0.000    , dynamic        , dynamic rectangular DAG  , nodesRecomputed=3984210 nodesVisited=3984210 edgesTraversed=15936789 sinkReads=720024           
@vue/reactivity        , 256->512x32 - fanIn 4 - layered-dag - 4 sources (layered ful , 847.63   , 847.63   , 847.63   , 0.000    , large_graph    , layered DAG              , nodesRecomputed=249624 nodesVisited=249624 edgesTraversed=998496 sinkReads=61952                
@vue/reactivity        , 256->512x32 - fanIn 4 - layered-dag - 4 sources - warm 320 ( , 759.32   , 759.32   , 759.32   , 0.000    , large_graph    , layered DAG              , nodesRecomputed=235200 nodesVisited=235200 edgesTraversed=940800 sinkReads=61952                
@vue/reactivity        , 256->512x32 - fanIn 8 - layered-dag - 8 sources - burst 16 - , 2248.39  , 2248.39  , 2248.39  , 0.000    , large_graph    , layered DAG              , nodesRecomputed=1529088 nodesVisited=1529088 edgesTraversed=12232704 sinkReads=49664            
@vue/reactivity        , 256->512x32 - fanIn 8 - diamond-mesh - 8 sources - warm 256  , 332.10   , 332.10   , 332.10   , 0.000    , large_graph    , diamond mesh             , nodesRecomputed=24576 nodesVisited=24576 edgesTraversed=196608 sinkReads=49664                  
@vue/reactivity        , 32x8 - 4 sources - pull (pure pull)                          , 39.59    , 39.59    , 39.59    , 0.000    , pull           , stable rectangular DAG   , nodesRecomputed=224 nodesVisited=224 edgesTraversed=896 sinkReads=32                            
@vue/reactivity        , 8x64 - 1 sources - pull (linear chain - 1 source - pull (lin , 36.34    , 36.34    , 36.34    , 0.000    , pull           , stable rectangular DAG   , nodesRecomputed=504 nodesVisited=504 edgesTraversed=504 sinkReads=8                             
@vue/reactivity        , 64x4 - 8 sources - pull (wide tree - 8 sources - pull (branc , 31.58    , 31.58    , 31.58    , 0.000    , pull           , stable rectangular DAG   , nodesRecomputed=192 nodesVisited=192 edgesTraversed=1536 sinkReads=64                           
@vue/reactivity        , 32x8 - 4 sources - push (pure push)                          , 437.25   , 437.25   , 437.25   , 0.000    , pull           , stable rectangular DAG   , nodesRecomputed=910133 nodesVisited=910133 edgesTraversed=3640532 sinkReads=220010              
@vue/reactivity        , 10x5 - 2 sources - read 20% (simple component)               , 829.43   , 829.43   , 829.43   , 0.000    , pull           , stable rectangular DAG   , nodesRecomputed=3180010 nodesVisited=3180010 edgesTraversed=6360020 sinkReads=1200002           
@vue/reactivity        , 10x10 - 6 sources - dynamic - read 20% (dynamic component)   , 653.83   , 653.83   , 653.83   , 0.000    , dynamic        , dynamic rectangular DAG  , nodesRecomputed=1140004 nodesVisited=1140004 edgesTraversed=6839936 sinkReads=30002             
@vue/reactivity        , 1000x12 - 4 sources - dynamic (large web app)                , 14542.83 , 14542.83 , 14542.83 , 0.000    , dynamic        , dynamic rectangular DAG  , nodesRecomputed=1473786 nodesVisited=1473786 edgesTraversed=5891713 sinkReads=7001000           
@vue/reactivity        , 1000x5 - 25 sources (wide dense)                             , 12609.73 , 12609.73 , 12609.73 , 0.000    , pull           , stable rectangular DAG   , nodesRecomputed=735756 nodesVisited=735756 edgesTraversed=18393900 sinkReads=3001000            
@vue/reactivity        , 5x500 - 3 sources (deep)                                     , 462.93   , 462.93   , 462.93   , 0.000    , pull           , stable rectangular DAG   , nodesRecomputed=1246502 nodesVisited=1246502 edgesTraversed=3739506 sinkReads=2505              
MobX                   , avoidablePropagation                                         , 2081.73  , 2081.73  , 2081.73  , 0.000    , baseline       , selective propagation    ,                                                                                                 
MobX                   , broadPropagation                                             , 3318.87  , 3318.87  , 3318.87  , 0.000    , baseline       , wide fan-out             ,                                                                                                 
MobX                   , deepPropagation                                              , 1209.61  , 1209.61  , 1209.61  , 0.000    , pull           , linear chain             ,                                                                                                 
MobX                   , diamond                                                      , 2069.01  , 2069.01  , 2069.01  , 0.000    , baseline       , diamond                  ,                                                                                                 
MobX                   , mux                                                          , 1786.14  , 1786.14  , 1786.14  , 0.000    , dynamic        , dynamic branch           ,                                                                                                 
MobX                   , repeatedObservers                                            , 260.85   , 260.85   , 260.85   , 0.000    , baseline       , duplicate observer       ,                                                                                                 
MobX                   , triangle                                                     , 728.70   , 728.70   , 728.70   , 0.000    , baseline       , glitch-free triangle     ,                                                                                                 
MobX                   , unstable                                                     , 441.51   , 441.51   , 441.51   , 0.000    , dynamic        , dynamic dependency churn ,                                                                                                 
MobX                   , manyEffectsFromOneSource                                     , 2236.28  , 2236.28  , 2236.28  , 0.000    , push           , wide fan-out             , checksum=180075672000                                                                           
MobX                   , manySourcesIntoOneComputedEffectWithDirect                   , 439.43   , 439.43   , 439.43   , 0.000    , pull           , wide fan-in              , checksum=1372929289844                                                                          
MobX                   , manySourcesIntoOneComputedEffect                             , 407.39   , 407.39   , 407.39   , 0.000    , pull           , wide fan-in              , checksum=1331323690944                                                                          
MobX                   , manySourcesIntoOneDirectEffect                               , 110.51   , 110.51   , 110.51   , 0.000    , pull           , wide fan-in              , checksum=41605598900                                                                            
MobX                   , molBench                                                     , 640.75   , 640.75   , 640.75   , 0.000    , dynamic        , mixed app graph          ,                                                                                                 
MobX                   , createDataSignals                                            , 61.53    , 61.53    , 61.53    , 0.000    , creation       , signal creation          ,                                                                                                 
MobX                   , createComputations0to1                                       , 30.44    , 30.44    , 30.44    , 0.000    , creation       , computed creation        ,                                                                                                 
MobX                   , createComputations1to1                                       , 37.79    , 37.79    , 37.79    , 0.000    , creation       , computed creation        ,                                                                                                 
MobX                   , createComputations2to1                                       , 23.13    , 23.13    , 23.13    , 0.000    , creation       , computed creation        ,                                                                                                 
MobX                   , createComputations4to1                                       , 22.18    , 22.18    , 22.18    , 0.000    , creation       , computed creation        ,                                                                                                 
MobX                   , createComputations1000to1                                    , 0.30     , 0.30     , 0.30     , 0.000    , creation       , computed creation        ,                                                                                                 
MobX                   , createComputations1to2                                       , 37.78    , 37.78    , 37.78    , 0.000    , creation       , computed creation        ,                                                                                                 
MobX                   , createComputations1to4                                       , 29.52    , 29.52    , 29.52    , 0.000    , creation       , computed creation        ,                                                                                                 
MobX                   , createComputations1to8                                       , 35.18    , 35.18    , 35.18    , 0.000    , creation       , computed creation        ,                                                                                                 
MobX                   , createComputations1to1000                                    , 28.57    , 28.57    , 28.57    , 0.000    , creation       , computed creation        ,                                                                                                 
MobX                   , updateComputations1to1                                       , 18.29    , 18.29    , 18.29    , 0.000    , update         , stable update            ,                                                                                                 
MobX                   , updateComputations2to1                                       , 14.43    , 14.43    , 14.43    , 0.000    , update         , stable update            ,                                                                                                 
MobX                   , updateComputations4to1                                       , 8.63     , 8.63     , 8.63     , 0.000    , update         , stable update            ,                                                                                                 
MobX                   , updateComputations1000to1                                    , 0.74     , 0.74     , 0.74     , 0.000    , update         , stable update            ,                                                                                                 
MobX                   , updateComputations1to2                                       , 11.25    , 11.25    , 11.25    , 0.000    , update         , stable update            ,                                                                                                 
MobX                   , updateComputations1to4                                       , 8.54     , 8.54     , 8.54     , 0.000    , update         , stable update            ,                                                                                                 
MobX                   , updateComputations1to1000                                    , 0.74     , 0.74     , 0.74     , 0.000    , update         , stable update            ,                                                                                                 
MobX                   , 64x6 - 4 sources - dynamic - read 12% (dashboard selective r , 2594.92  , 2594.92  , 2594.92  , 0.000    , dynamic        , dynamic rectangular DAG  , nodesRecomputed=2642029 nodesVisited=2642029 edgesTraversed=10568081 sinkReads=960008           
MobX                   , 24x8 - 3 sources - dynamic - read 40% (editor derived state) , 3469.22  , 3469.22  , 3469.22  , 0.000    , dynamic        , dynamic rectangular DAG  , nodesRecomputed=4736332 nodesVisited=4736332 edgesTraversed=14208887 sinkReads=900010           
MobX                   , 120x7 - 5 sources - dynamic - read 18% (kanban board)        , 1975.09  , 1975.09  , 1975.09  , 0.000    , dynamic        , dynamic rectangular DAG  , nodesRecomputed=1765496 nodesVisited=1765496 edgesTraversed=8827231 sinkReads=660022            
MobX                   , 40x10 - 4 sources - dynamic - read 60% (entity detail page)  , 3562.73  , 3562.73  , 3562.73  , 0.000    , dynamic        , dynamic rectangular DAG  , nodesRecomputed=3984210 nodesVisited=3984210 edgesTraversed=15936789 sinkReads=720024           
MobX                   , 256->512x32 - fanIn 4 - layered-dag - 4 sources (layered ful , 510.28   , 510.28   , 510.28   , 0.000    , large_graph    , layered DAG              , nodesRecomputed=249624 nodesVisited=249624 edgesTraversed=998496 sinkReads=61952                
MobX                   , 256->512x32 - fanIn 4 - layered-dag - 4 sources - warm 320 ( , 509.55   , 509.55   , 509.55   , 0.000    , large_graph    , layered DAG              , nodesRecomputed=249624 nodesVisited=249624 edgesTraversed=998496 sinkReads=61952                
MobX                   , 256->512x32 - fanIn 8 - layered-dag - 8 sources - burst 16 - , 3548.01  , 3548.01  , 3548.01  , 0.000    , large_graph    , layered DAG              , nodesRecomputed=1529544 nodesVisited=1529544 edgesTraversed=12236352 sinkReads=49664            
MobX                   , 256->512x32 - fanIn 8 - diamond-mesh - 8 sources - warm 256  , 80.79    , 80.79    , 80.79    , 0.000    , large_graph    , diamond mesh             , nodesRecomputed=40704 nodesVisited=40704 edgesTraversed=325632 sinkReads=49664                  
MobX                   , 32x8 - 4 sources - pull (pure pull)                          , 52.30    , 52.30    , 52.30    , 0.000    , pull           , stable rectangular DAG   , nodesRecomputed=2240 nodesVisited=2240 edgesTraversed=8960 sinkReads=32                         
MobX                   , 8x64 - 1 sources - pull (linear chain - 1 source - pull (lin , 38.86    , 38.86    , 38.86    , 0.000    , pull           , stable rectangular DAG   , nodesRecomputed=504 nodesVisited=504 edgesTraversed=504 sinkReads=8                             
MobX                   , 64x4 - 8 sources - pull (wide tree - 8 sources - pull (branc , 45.64    , 45.64    , 45.64    , 0.000    , pull           , stable rectangular DAG   , nodesRecomputed=1536 nodesVisited=1536 edgesTraversed=12288 sinkReads=64                        
MobX                   , 32x8 - 4 sources - push (pure push)                          , 1027.70  , 1027.70  , 1027.70  , 0.000    , pull           , stable rectangular DAG   , nodesRecomputed=910133 nodesVisited=910133 edgesTraversed=3640532 sinkReads=220010              
MobX                   , 10x5 - 2 sources - read 20% (simple component)               , 1750.00  , 1750.00  , 1750.00  , 0.000    , pull           , stable rectangular DAG   , nodesRecomputed=3180010 nodesVisited=3180010 edgesTraversed=6360020 sinkReads=1200002           
MobX                   , 10x10 - 6 sources - dynamic - read 20% (dynamic component)   , 1380.35  , 1380.35  , 1380.35  , 0.000    , dynamic        , dynamic rectangular DAG  , nodesRecomputed=1140004 nodesVisited=1140004 edgesTraversed=6839936 sinkReads=30002             
MobX                   , 1000x12 - 4 sources - dynamic (large web app)                , 1940.66  , 1940.66  , 1940.66  , 0.000    , dynamic        , dynamic rectangular DAG  , nodesRecomputed=1473786 nodesVisited=1473786 edgesTraversed=5891713 sinkReads=7001000           
MobX                   , 1000x5 - 25 sources (wide dense)                             , 2596.34  , 2596.34  , 2596.34  , 0.000    , pull           , stable rectangular DAG   , nodesRecomputed=735756 nodesVisited=735756 edgesTraversed=18393900 sinkReads=3001000            
MobX                   , 5x500 - 3 sources (deep)                                     , 1122.64  , 1122.64  , 1122.64  , 0.000    , pull           , stable rectangular DAG   , nodesRecomputed=1246502 nodesVisited=1246502 edgesTraversed=3739506 sinkReads=2505              
