framework              , test                                                         , time     , p95      , p99      , cv       , group          , family                   , metrics                                                                                         
lite-signal            , avoidablePropagation                                         , 599.43   , 599.43   , 599.43   , 0.000    , baseline       , selective propagation    ,                                                                                                 
lite-signal            , broadPropagation                                             , 564.74   , 564.74   , 564.74   , 0.000    , baseline       , wide fan-out             ,                                                                                                 
lite-signal            , deepPropagation                                              , 245.92   , 245.92   , 245.92   , 0.000    , pull           , linear chain             ,                                                                                                 
lite-signal            , diamond                                                      , 479.01   , 479.01   , 479.01   , 0.000    , baseline       , diamond                  ,                                                                                                 
lite-signal            , mux                                                          , 586.48   , 586.48   , 586.48   , 0.000    , dynamic        , dynamic branch           ,                                                                                                 
lite-signal            , repeatedObservers                                            , 130.99   , 130.99   , 130.99   , 0.000    , baseline       , duplicate observer       ,                                                                                                 
lite-signal            , triangle                                                     , 213.63   , 213.63   , 213.63   , 0.000    , baseline       , glitch-free triangle     ,                                                                                                 
lite-signal            , unstable                                                     , 161.97   , 161.97   , 161.97   , 0.000    , dynamic        , dynamic dependency churn ,                                                                                                 
lite-signal            , manyEffectsFromOneSource                                     , 363.97   , 363.97   , 363.97   , 0.000    , push           , wide fan-out             , checksum=180075672000                                                                           
lite-signal            , manySourcesIntoOneComputedEffectWithDirect                   , 222.56   , 222.56   , 222.56   , 0.000    , pull           , wide fan-in              , checksum=1372929289844                                                                          
lite-signal            , manySourcesIntoOneComputedEffect                             , 193.69   , 193.69   , 193.69   , 0.000    , pull           , wide fan-in              , checksum=1331323690944                                                                          
lite-signal            , manySourcesIntoOneDirectEffect                               , 81.77    , 81.77    , 81.77    , 0.000    , pull           , wide fan-in              , checksum=41605598900                                                                            
lite-signal            , molBench                                                     , 529.86   , 529.86   , 529.86   , 0.000    , dynamic        , mixed app graph          ,                                                                                                 
lite-signal            , createDataSignals                                            , 43.41    , 43.41    , 43.41    , 0.000    , creation       , signal creation          ,                                                                                                 
lite-signal            , createComputations0to1                                       , 56.30    , 56.30    , 56.30    , 0.000    , creation       , computed creation        ,                                                                                                 
lite-signal            , createComputations1to1                                       , 30.14    , 30.14    , 30.14    , 0.000    , creation       , computed creation        ,                                                                                                 
lite-signal            , createComputations2to1                                       , 25.66    , 25.66    , 25.66    , 0.000    , creation       , computed creation        ,                                                                                                 
lite-signal            , createComputations4to1                                       , 7.08     , 7.08     , 7.08     , 0.000    , creation       , computed creation        ,                                                                                                 
lite-signal            , createComputations1000to1                                    , 0.10     , 0.10     , 0.10     , 0.000    , creation       , computed creation        ,                                                                                                 
lite-signal            , createComputations1to2                                       , 60.21    , 60.21    , 60.21    , 0.000    , creation       , computed creation        ,                                                                                                 
lite-signal            , createComputations1to4                                       , 57.77    , 57.77    , 57.77    , 0.000    , creation       , computed creation        ,                                                                                                 
lite-signal            , createComputations1to8                                       , 51.69    , 51.69    , 51.69    , 0.000    , creation       , computed creation        ,                                                                                                 
lite-signal            , createComputations1to1000                                    , 47.73    , 47.73    , 47.73    , 0.000    , creation       , computed creation        ,                                                                                                 
lite-signal            , updateComputations1to1                                       , 14.87    , 14.87    , 14.87    , 0.000    , update         , stable update            ,                                                                                                 
lite-signal            , updateComputations2to1                                       , 7.99     , 7.99     , 7.99     , 0.000    , update         , stable update            ,                                                                                                 
lite-signal            , updateComputations4to1                                       , 3.73     , 3.73     , 3.73     , 0.000    , update         , stable update            ,                                                                                                 
lite-signal            , updateComputations1000to1                                    , 0.24     , 0.24     , 0.24     , 0.000    , update         , stable update            ,                                                                                                 
lite-signal            , updateComputations1to2                                       , 6.25     , 6.25     , 6.25     , 0.000    , update         , stable update            ,                                                                                                 
lite-signal            , updateComputations1to4                                       , 5.62     , 5.62     , 5.62     , 0.000    , update         , stable update            ,                                                                                                 
lite-signal            , updateComputations1to1000                                    , 0.51     , 0.51     , 0.51     , 0.000    , update         , stable update            ,                                                                                                 
lite-signal            , 64x6 - 4 sources - dynamic - read 12% (dashboard selective r , 520.43   , 520.43   , 520.43   , 0.000    , dynamic        , dynamic rectangular DAG  , nodesRecomputed=2642029 nodesVisited=2642029 edgesTraversed=10568081 sinkReads=960008           
lite-signal            , 24x8 - 3 sources - dynamic - read 40% (editor derived state) , 834.48   , 834.48   , 834.48   , 0.000    , dynamic        , dynamic rectangular DAG  , nodesRecomputed=4736332 nodesVisited=4736332 edgesTraversed=14208887 sinkReads=900010           
lite-signal            , 120x7 - 5 sources - dynamic - read 18% (kanban board)        , 441.13   , 441.13   , 441.13   , 0.000    , dynamic        , dynamic rectangular DAG  , nodesRecomputed=1765496 nodesVisited=1765496 edgesTraversed=8827231 sinkReads=660022            
lite-signal            , 40x10 - 4 sources - dynamic - read 60% (entity detail page)  , 843.91   , 843.91   , 843.91   , 0.000    , dynamic        , dynamic rectangular DAG  , nodesRecomputed=3984210 nodesVisited=3984210 edgesTraversed=15936789 sinkReads=720024           
lite-signal            , 256->512x32 - fanIn 4 - layered-dag - 4 sources (layered ful , 211.64   , 211.64   , 211.64   , 0.000    , large_graph    , layered DAG              , nodesRecomputed=249624 nodesVisited=249624 edgesTraversed=998496 sinkReads=61952                
lite-signal            , 256->512x32 - fanIn 4 - layered-dag - 4 sources - warm 320 ( , 270.37   , 270.37   , 270.37   , 0.000    , large_graph    , layered DAG              , nodesRecomputed=235200 nodesVisited=235200 edgesTraversed=940800 sinkReads=61952                
lite-signal            , 256->512x32 - fanIn 8 - layered-dag - 8 sources - burst 16 - , 2876.74  , 2876.74  , 2876.74  , 0.000    , large_graph    , layered DAG              , nodesRecomputed=1529088 nodesVisited=1529088 edgesTraversed=12232704 sinkReads=49664            
lite-signal            , 256->512x32 - fanIn 8 - diamond-mesh - 8 sources - warm 256  , 17.77    , 17.77    , 17.77    , 0.000    , large_graph    , diamond mesh             , nodesRecomputed=24576 nodesVisited=24576 edgesTraversed=196608 sinkReads=49664                  
lite-signal            , 32x8 - 4 sources - pull (pure pull)                          , 31.29    , 31.29    , 31.29    , 0.000    , pull           , stable rectangular DAG   , nodesRecomputed=224 nodesVisited=224 edgesTraversed=896 sinkReads=32                            
lite-signal            , 8x64 - 1 sources - pull (linear chain - 1 source - pull (lin , 36.86    , 36.86    , 36.86    , 0.000    , pull           , stable rectangular DAG   , nodesRecomputed=504 nodesVisited=504 edgesTraversed=504 sinkReads=8                             
lite-signal            , 64x4 - 8 sources - pull (wide tree - 8 sources - pull (branc , 57.09    , 57.09    , 57.09    , 0.000    , pull           , stable rectangular DAG   , nodesRecomputed=192 nodesVisited=192 edgesTraversed=1536 sinkReads=64                           
lite-signal            , 32x8 - 4 sources - push (pure push)                          , 229.69   , 229.69   , 229.69   , 0.000    , pull           , stable rectangular DAG   , nodesRecomputed=910133 nodesVisited=910133 edgesTraversed=3640532 sinkReads=220010              
lite-signal            , 10x5 - 2 sources - read 20% (simple component)               , 374.14   , 374.14   , 374.14   , 0.000    , pull           , stable rectangular DAG   , nodesRecomputed=3180010 nodesVisited=3180010 edgesTraversed=6360020 sinkReads=1200002           
lite-signal            , 10x10 - 6 sources - dynamic - read 20% (dynamic component)   , 300.02   , 300.02   , 300.02   , 0.000    , dynamic        , dynamic rectangular DAG  , nodesRecomputed=1140004 nodesVisited=1140004 edgesTraversed=6839936 sinkReads=30002             
lite-signal            , 1000x12 - 4 sources - dynamic (large web app)                , 554.48   , 554.48   , 554.48   , 0.000    , dynamic        , dynamic rectangular DAG  , nodesRecomputed=1473786 nodesVisited=1473786 edgesTraversed=5891713 sinkReads=7001000           
lite-signal            , 1000x5 - 25 sources (wide dense)                             , 762.71   , 762.71   , 762.71   , 0.000    , pull           , stable rectangular DAG   , nodesRecomputed=735756 nodesVisited=735756 edgesTraversed=18393900 sinkReads=3001000            
lite-signal            , 5x500 - 3 sources (deep)                                     , 339.31   , 339.31   , 339.31   , 0.000    , pull           , stable rectangular DAG   , nodesRecomputed=1246502 nodesVisited=1246502 edgesTraversed=3739506 sinkReads=2505              
reflex                 , avoidablePropagation                                         , 568.47   , 568.47   , 568.47   , 0.000    , baseline       , selective propagation    ,                                                                                                 
reflex                 , broadPropagation                                             , 596.36   , 596.36   , 596.36   , 0.000    , baseline       , wide fan-out             ,                                                                                                 
reflex                 , deepPropagation                                              , 236.21   , 236.21   , 236.21   , 0.000    , pull           , linear chain             ,                                                                                                 
reflex                 , diamond                                                      , 490.00   , 490.00   , 490.00   , 0.000    , baseline       , diamond                  ,                                                                                                 
reflex                 , mux                                                          , 564.86   , 564.86   , 564.86   , 0.000    , dynamic        , dynamic branch           ,                                                                                                 
reflex                 , repeatedObservers                                            , 141.60   , 141.60   , 141.60   , 0.000    , baseline       , duplicate observer       ,                                                                                                 
reflex                 , triangle                                                     , 195.18   , 195.18   , 195.18   , 0.000    , baseline       , glitch-free triangle     ,                                                                                                 
reflex                 , unstable                                                     , 149.88   , 149.88   , 149.88   , 0.000    , dynamic        , dynamic dependency churn ,                                                                                                 
reflex                 , manyEffectsFromOneSource                                     , 333.07   , 333.07   , 333.07   , 0.000    , push           , wide fan-out             , checksum=180075672000                                                                           
reflex                 , manySourcesIntoOneComputedEffectWithDirect                   , 186.31   , 186.31   , 186.31   , 0.000    , pull           , wide fan-in              , checksum=1372929289844                                                                          
reflex                 , manySourcesIntoOneComputedEffect                             , 197.09   , 197.09   , 197.09   , 0.000    , pull           , wide fan-in              , checksum=1331323690944                                                                          
reflex                 , manySourcesIntoOneDirectEffect                               , 75.85    , 75.85    , 75.85    , 0.000    , pull           , wide fan-in              , checksum=41605598900                                                                            
reflex                 , molBench                                                     , 521.97   , 521.97   , 521.97   , 0.000    , dynamic        , mixed app graph          ,                                                                                                 
reflex                 , createDataSignals                                            , 9.70     , 9.70     , 9.70     , 0.000    , creation       , signal creation          ,                                                                                                 
reflex                 , createComputations0to1                                       , 5.88     , 5.88     , 5.88     , 0.000    , creation       , computed creation        ,                                                                                                 
reflex                 , createComputations1to1                                       , 1.22     , 1.22     , 1.22     , 0.000    , creation       , computed creation        ,                                                                                                 
reflex                 , createComputations2to1                                       , 11.70    , 11.70    , 11.70    , 0.000    , creation       , computed creation        ,                                                                                                 
reflex                 , createComputations4to1                                       , 11.54    , 11.54    , 11.54    , 0.000    , creation       , computed creation        ,                                                                                                 
reflex                 , createComputations1000to1                                    , 0.08     , 0.08     , 0.08     , 0.000    , creation       , computed creation        ,                                                                                                 
reflex                 , createComputations1to2                                       , 8.09     , 8.09     , 8.09     , 0.000    , creation       , computed creation        ,                                                                                                 
reflex                 , createComputations1to4                                       , 6.55     , 6.55     , 6.55     , 0.000    , creation       , computed creation        ,                                                                                                 
reflex                 , createComputations1to8                                       , 8.97     , 8.97     , 8.97     , 0.000    , creation       , computed creation        ,                                                                                                 
reflex                 , createComputations1to1000                                    , 7.82     , 7.82     , 7.82     , 0.000    , creation       , computed creation        ,                                                                                                 
reflex                 , updateComputations1to1                                       , 6.28     , 6.28     , 6.28     , 0.000    , update         , stable update            ,                                                                                                 
reflex                 , updateComputations2to1                                       , 3.51     , 3.51     , 3.51     , 0.000    , update         , stable update            ,                                                                                                 
reflex                 , updateComputations4to1                                       , 2.27     , 2.27     , 2.27     , 0.000    , update         , stable update            ,                                                                                                 
reflex                 , updateComputations1000to1                                    , 0.24     , 0.24     , 0.24     , 0.000    , update         , stable update            ,                                                                                                 
reflex                 , updateComputations1to2                                       , 4.84     , 4.84     , 4.84     , 0.000    , update         , stable update            ,                                                                                                 
reflex                 , updateComputations1to4                                       , 2.61     , 2.61     , 2.61     , 0.000    , update         , stable update            ,                                                                                                 
reflex                 , updateComputations1to1000                                    , 0.22     , 0.22     , 0.22     , 0.000    , update         , stable update            ,                                                                                                 
reflex                 , 64x6 - 4 sources - dynamic - read 12% (dashboard selective r , 485.33   , 485.33   , 485.33   , 0.000    , dynamic        , dynamic rectangular DAG  , nodesRecomputed=2642029 nodesVisited=2642029 edgesTraversed=10568081 sinkReads=960008           
reflex                 , 24x8 - 3 sources - dynamic - read 40% (editor derived state) , 725.84   , 725.84   , 725.84   , 0.000    , dynamic        , dynamic rectangular DAG  , nodesRecomputed=4736332 nodesVisited=4736332 edgesTraversed=14208887 sinkReads=900010           
reflex                 , 120x7 - 5 sources - dynamic - read 18% (kanban board)        , 393.17   , 393.17   , 393.17   , 0.000    , dynamic        , dynamic rectangular DAG  , nodesRecomputed=1765496 nodesVisited=1765496 edgesTraversed=8827231 sinkReads=660022            
reflex                 , 40x10 - 4 sources - dynamic - read 60% (entity detail page)  , 737.35   , 737.35   , 737.35   , 0.000    , dynamic        , dynamic rectangular DAG  , nodesRecomputed=3984210 nodesVisited=3984210 edgesTraversed=15936789 sinkReads=720024           
reflex                 , 256->512x32 - fanIn 4 - layered-dag - 4 sources (layered ful , 168.10   , 168.10   , 168.10   , 0.000    , large_graph    , layered DAG              , nodesRecomputed=249624 nodesVisited=249624 edgesTraversed=998496 sinkReads=61952                
reflex                 , 256->512x32 - fanIn 4 - layered-dag - 4 sources - warm 320 ( , 153.24   , 153.24   , 153.24   , 0.000    , large_graph    , layered DAG              , nodesRecomputed=235200 nodesVisited=235200 edgesTraversed=940800 sinkReads=61952                
reflex                 , 256->512x32 - fanIn 8 - layered-dag - 8 sources - burst 16 - , 1763.86  , 1763.86  , 1763.86  , 0.000    , large_graph    , layered DAG              , nodesRecomputed=1529088 nodesVisited=1529088 edgesTraversed=12232704 sinkReads=49664            
reflex                 , 256->512x32 - fanIn 8 - diamond-mesh - 8 sources - warm 256  , 9.80     , 9.80     , 9.80     , 0.000    , large_graph    , diamond mesh             , nodesRecomputed=24576 nodesVisited=24576 edgesTraversed=196608 sinkReads=49664                  
reflex                 , 32x8 - 4 sources - pull (pure pull)                          , 32.01    , 32.01    , 32.01    , 0.000    , pull           , stable rectangular DAG   , nodesRecomputed=224 nodesVisited=224 edgesTraversed=896 sinkReads=32                            
reflex                 , 8x64 - 1 sources - pull (linear chain - 1 source - pull (lin , 43.34    , 43.34    , 43.34    , 0.000    , pull           , stable rectangular DAG   , nodesRecomputed=504 nodesVisited=504 edgesTraversed=504 sinkReads=8                             
reflex                 , 64x4 - 8 sources - pull (wide tree - 8 sources - pull (branc , 37.06    , 37.06    , 37.06    , 0.000    , pull           , stable rectangular DAG   , nodesRecomputed=192 nodesVisited=192 edgesTraversed=1536 sinkReads=64                           
reflex                 , 32x8 - 4 sources - push (pure push)                          , 207.28   , 207.28   , 207.28   , 0.000    , pull           , stable rectangular DAG   , nodesRecomputed=910133 nodesVisited=910133 edgesTraversed=3640532 sinkReads=220010              
reflex                 , 10x5 - 2 sources - read 20% (simple component)               , 388.39   , 388.39   , 388.39   , 0.000    , pull           , stable rectangular DAG   , nodesRecomputed=3180010 nodesVisited=3180010 edgesTraversed=6360020 sinkReads=1200002           
reflex                 , 10x10 - 6 sources - dynamic - read 20% (dynamic component)   , 290.09   , 290.09   , 290.09   , 0.000    , dynamic        , dynamic rectangular DAG  , nodesRecomputed=1140004 nodesVisited=1140004 edgesTraversed=6839936 sinkReads=30002             
reflex                 , 1000x12 - 4 sources - dynamic (large web app)                , 496.10   , 496.10   , 496.10   , 0.000    , dynamic        , dynamic rectangular DAG  , nodesRecomputed=1473786 nodesVisited=1473786 edgesTraversed=5891713 sinkReads=7001000           
reflex                 , 1000x5 - 25 sources (wide dense)                             , 775.19   , 775.19   , 775.19   , 0.000    , pull           , stable rectangular DAG   , nodesRecomputed=735756 nodesVisited=735756 edgesTraversed=18393900 sinkReads=3001000            
reflex                 , 5x500 - 3 sources (deep)                                     , 294.22   , 294.22   , 294.22   , 0.000    , pull           , stable rectangular DAG   , nodesRecomputed=1246502 nodesVisited=1246502 edgesTraversed=3739506 sinkReads=2505              
alien-signals          , avoidablePropagation                                         , 522.56   , 522.56   , 522.56   , 0.000    , baseline       , selective propagation    ,                                                                                                 
alien-signals          , broadPropagation                                             , 526.76   , 526.76   , 526.76   , 0.000    , baseline       , wide fan-out             ,                                                                                                 
alien-signals          , deepPropagation                                              , 188.64   , 188.64   , 188.64   , 0.000    , pull           , linear chain             ,                                                                                                 
alien-signals          , diamond                                                      , 447.94   , 447.94   , 447.94   , 0.000    , baseline       , diamond                  ,                                                                                                 
alien-signals          , mux                                                          , 498.52   , 498.52   , 498.52   , 0.000    , dynamic        , dynamic branch           ,                                                                                                 
alien-signals          , repeatedObservers                                            , 128.25   , 128.25   , 128.25   , 0.000    , baseline       , duplicate observer       ,                                                                                                 
alien-signals          , triangle                                                     , 169.25   , 169.25   , 169.25   , 0.000    , baseline       , glitch-free triangle     ,                                                                                                 
alien-signals          , unstable                                                     , 182.98   , 182.98   , 182.98   , 0.000    , dynamic        , dynamic dependency churn ,                                                                                                 
alien-signals          , manyEffectsFromOneSource                                     , 352.67   , 352.67   , 352.67   , 0.000    , push           , wide fan-out             , checksum=180075672000                                                                           
alien-signals          , manySourcesIntoOneComputedEffectWithDirect                   , 223.23   , 223.23   , 223.23   , 0.000    , pull           , wide fan-in              , checksum=1372929289844                                                                          
alien-signals          , manySourcesIntoOneComputedEffect                             , 225.02   , 225.02   , 225.02   , 0.000    , pull           , wide fan-in              , checksum=1331323690944                                                                          
alien-signals          , manySourcesIntoOneDirectEffect                               , 84.79    , 84.79    , 84.79    , 0.000    , pull           , wide fan-in              , checksum=41605598900                                                                            
alien-signals          , molBench                                                     , 535.81   , 535.81   , 535.81   , 0.000    , dynamic        , mixed app graph          ,                                                                                                 
alien-signals          , createDataSignals                                            , 10.86    , 10.86    , 10.86    , 0.000    , creation       , signal creation          ,                                                                                                 
alien-signals          , createComputations0to1                                       , 5.95     , 5.95     , 5.95     , 0.000    , creation       , computed creation        ,                                                                                                 
alien-signals          , createComputations1to1                                       , 1.17     , 1.17     , 1.17     , 0.000    , creation       , computed creation        ,                                                                                                 
alien-signals          , createComputations2to1                                       , 4.01     , 4.01     , 4.01     , 0.000    , creation       , computed creation        ,                                                                                                 
alien-signals          , createComputations4to1                                       , 7.10     , 7.10     , 7.10     , 0.000    , creation       , computed creation        ,                                                                                                 
alien-signals          , createComputations1000to1                                    , 0.10     , 0.10     , 0.10     , 0.000    , creation       , computed creation        ,                                                                                                 
alien-signals          , createComputations1to2                                       , 6.28     , 6.28     , 6.28     , 0.000    , creation       , computed creation        ,                                                                                                 
alien-signals          , createComputations1to4                                       , 5.52     , 5.52     , 5.52     , 0.000    , creation       , computed creation        ,                                                                                                 
alien-signals          , createComputations1to8                                       , 8.33     , 8.33     , 8.33     , 0.000    , creation       , computed creation        ,                                                                                                 
alien-signals          , createComputations1to1000                                    , 7.05     , 7.05     , 7.05     , 0.000    , creation       , computed creation        ,                                                                                                 
alien-signals          , updateComputations1to1                                       , 7.05     , 7.05     , 7.05     , 0.000    , update         , stable update            ,                                                                                                 
alien-signals          , updateComputations2to1                                       , 5.75     , 5.75     , 5.75     , 0.000    , update         , stable update            ,                                                                                                 
alien-signals          , updateComputations4to1                                       , 3.66     , 3.66     , 3.66     , 0.000    , update         , stable update            ,                                                                                                 
alien-signals          , updateComputations1000to1                                    , 0.06     , 0.06     , 0.06     , 0.000    , update         , stable update            ,                                                                                                 
alien-signals          , updateComputations1to2                                       , 5.48     , 5.48     , 5.48     , 0.000    , update         , stable update            ,                                                                                                 
alien-signals          , updateComputations1to4                                       , 3.50     , 3.50     , 3.50     , 0.000    , update         , stable update            ,                                                                                                 
alien-signals          , updateComputations1to1000                                    , 0.11     , 0.11     , 0.11     , 0.000    , update         , stable update            ,                                                                                                 
alien-signals          , 64x6 - 4 sources - dynamic - read 12% (dashboard selective r , 452.91   , 452.91   , 452.91   , 0.000    , dynamic        , dynamic rectangular DAG  , nodesRecomputed=2642029 nodesVisited=2642029 edgesTraversed=10568081 sinkReads=960008           
alien-signals          , 24x8 - 3 sources - dynamic - read 40% (editor derived state) , 667.08   , 667.08   , 667.08   , 0.000    , dynamic        , dynamic rectangular DAG  , nodesRecomputed=4736332 nodesVisited=4736332 edgesTraversed=14208887 sinkReads=900010           
alien-signals          , 120x7 - 5 sources - dynamic - read 18% (kanban board)        , 382.17   , 382.17   , 382.17   , 0.000    , dynamic        , dynamic rectangular DAG  , nodesRecomputed=1765496 nodesVisited=1765496 edgesTraversed=8827231 sinkReads=660022            
alien-signals          , 40x10 - 4 sources - dynamic - read 60% (entity detail page)  , 747.10   , 747.10   , 747.10   , 0.000    , dynamic        , dynamic rectangular DAG  , nodesRecomputed=3984210 nodesVisited=3984210 edgesTraversed=15936789 sinkReads=720024           
alien-signals          , 256->512x32 - fanIn 4 - layered-dag - 4 sources (layered ful , 171.13   , 171.13   , 171.13   , 0.000    , large_graph    , layered DAG              , nodesRecomputed=249624 nodesVisited=249624 edgesTraversed=998496 sinkReads=61952                
alien-signals          , 256->512x32 - fanIn 4 - layered-dag - 4 sources - warm 320 ( , 167.44   , 167.44   , 167.44   , 0.000    , large_graph    , layered DAG              , nodesRecomputed=235200 nodesVisited=235200 edgesTraversed=940800 sinkReads=61952                
alien-signals          , 256->512x32 - fanIn 8 - layered-dag - 8 sources - burst 16 - , 1604.68  , 1604.68  , 1604.68  , 0.000    , large_graph    , layered DAG              , nodesRecomputed=1529088 nodesVisited=1529088 edgesTraversed=12232704 sinkReads=49664            
alien-signals          , 256->512x32 - fanIn 8 - diamond-mesh - 8 sources - warm 256  , 8.26     , 8.26     , 8.26     , 0.000    , large_graph    , diamond mesh             , nodesRecomputed=24576 nodesVisited=24576 edgesTraversed=196608 sinkReads=49664                  
alien-signals          , 32x8 - 4 sources - pull (pure pull)                          , 30.89    , 30.89    , 30.89    , 0.000    , pull           , stable rectangular DAG   , nodesRecomputed=224 nodesVisited=224 edgesTraversed=896 sinkReads=32                            
alien-signals          , 8x64 - 1 sources - pull (linear chain - 1 source - pull (lin , 37.86    , 37.86    , 37.86    , 0.000    , pull           , stable rectangular DAG   , nodesRecomputed=504 nodesVisited=504 edgesTraversed=504 sinkReads=8                             
alien-signals          , 64x4 - 8 sources - pull (wide tree - 8 sources - pull (branc , 30.96    , 30.96    , 30.96    , 0.000    , pull           , stable rectangular DAG   , nodesRecomputed=192 nodesVisited=192 edgesTraversed=1536 sinkReads=64                           
alien-signals          , 32x8 - 4 sources - push (pure push)                          , 201.78   , 201.78   , 201.78   , 0.000    , pull           , stable rectangular DAG   , nodesRecomputed=910133 nodesVisited=910133 edgesTraversed=3640532 sinkReads=220010              
alien-signals          , 10x5 - 2 sources - read 20% (simple component)               , 334.91   , 334.91   , 334.91   , 0.000    , pull           , stable rectangular DAG   , nodesRecomputed=3180010 nodesVisited=3180010 edgesTraversed=6360020 sinkReads=1200002           
alien-signals          , 10x10 - 6 sources - dynamic - read 20% (dynamic component)   , 291.39   , 291.39   , 291.39   , 0.000    , dynamic        , dynamic rectangular DAG  , nodesRecomputed=1140004 nodesVisited=1140004 edgesTraversed=6839936 sinkReads=30002             
alien-signals          , 1000x12 - 4 sources - dynamic (large web app)                , 448.71   , 448.71   , 448.71   , 0.000    , dynamic        , dynamic rectangular DAG  , nodesRecomputed=1473786 nodesVisited=1473786 edgesTraversed=5891713 sinkReads=7001000           
alien-signals          , 1000x5 - 25 sources (wide dense)                             , 772.53   , 772.53   , 772.53   , 0.000    , pull           , stable rectangular DAG   , nodesRecomputed=735756 nodesVisited=735756 edgesTraversed=18393900 sinkReads=3001000            
alien-signals          , 5x500 - 3 sources (deep)                                     , 252.75   , 252.75   , 252.75   , 0.000    , pull           , stable rectangular DAG   , nodesRecomputed=1246502 nodesVisited=1246502 edgesTraversed=3739506 sinkReads=2505              
@solidjs/signals       , avoidablePropagation                                         , 1921.43  , 1921.43  , 1921.43  , 0.000    , baseline       , selective propagation    ,                                                                                                 
@solidjs/signals       , broadPropagation                                             , 3395.79  , 3395.79  , 3395.79  , 0.000    , baseline       , wide fan-out             ,                                                                                                 
@solidjs/signals       , deepPropagation                                              , 1077.52  , 1077.52  , 1077.52  , 0.000    , pull           , linear chain             ,                                                                                                 
@solidjs/signals       , diamond                                                      , 2346.80  , 2346.80  , 2346.80  , 0.000    , baseline       , diamond                  ,                                                                                                 
@solidjs/signals       , mux                                                          , 1104.61  , 1104.61  , 1104.61  , 0.000    , dynamic        , dynamic branch           ,                                                                                                 
@solidjs/signals       , repeatedObservers                                            , 468.67   , 468.67   , 468.67   , 0.000    , baseline       , duplicate observer       ,                                                                                                 
@solidjs/signals       , triangle                                                     , 760.87   , 760.87   , 760.87   , 0.000    , baseline       , glitch-free triangle     ,                                                                                                 
@solidjs/signals       , unstable                                                     , 596.95   , 596.95   , 596.95   , 0.000    , dynamic        , dynamic dependency churn ,                                                                                                 
@solidjs/signals       , manyEffectsFromOneSource                                     , 2453.86  , 2453.86  , 2453.86  , 0.000    , push           , wide fan-out             , checksum=180075672000                                                                           
@solidjs/signals       , manySourcesIntoOneComputedEffectWithDirect                   , 689.68   , 689.68   , 689.68   , 0.000    , pull           , wide fan-in              , checksum=1372929289844                                                                          
@solidjs/signals       , manySourcesIntoOneComputedEffect                             , 613.99   , 613.99   , 613.99   , 0.000    , pull           , wide fan-in              , checksum=1331323690944                                                                          
@solidjs/signals       , manySourcesIntoOneDirectEffect                               , 190.28   , 190.28   , 190.28   , 0.000    , pull           , wide fan-in              , checksum=41605598900                                                                            
@solidjs/signals       , molBench                                                     , 772.45   , 772.45   , 772.45   , 0.000    , dynamic        , mixed app graph          ,                                                                                                 
@solidjs/signals       , createDataSignals                                            , 20.66    , 20.66    , 20.66    , 0.000    , creation       , signal creation          ,                                                                                                 
@solidjs/signals       , createComputations0to1                                       , 61.02    , 61.02    , 61.02    , 0.000    , creation       , computed creation        ,                                                                                                 
@solidjs/signals       , createComputations1to1                                       , 93.61    , 93.61    , 93.61    , 0.000    , creation       , computed creation        ,                                                                                                 
@solidjs/signals       , createComputations2to1                                       , 53.84    , 53.84    , 53.84    , 0.000    , creation       , computed creation        ,                                                                                                 
@solidjs/signals       , createComputations4to1                                       , 40.61    , 40.61    , 40.61    , 0.000    , creation       , computed creation        ,                                                                                                 
@solidjs/signals       , createComputations1000to1                                    , 11.58    , 11.58    , 11.58    , 0.000    , creation       , computed creation        ,                                                                                                 
@solidjs/signals       , createComputations1to2                                       , 88.69    , 88.69    , 88.69    , 0.000    , creation       , computed creation        ,                                                                                                 
@solidjs/signals       , createComputations1to4                                       , 82.23    , 82.23    , 82.23    , 0.000    , creation       , computed creation        ,                                                                                                 
@solidjs/signals       , createComputations1to8                                       , 78.07    , 78.07    , 78.07    , 0.000    , creation       , computed creation        ,                                                                                                 
@solidjs/signals       , createComputations1to1000                                    , 79.51    , 79.51    , 79.51    , 0.000    , creation       , computed creation        ,                                                                                                 
@solidjs/signals       , updateComputations1to1                                       , 14.71    , 14.71    , 14.71    , 0.000    , update         , stable update            ,                                                                                                 
@solidjs/signals       , updateComputations2to1                                       , 10.06    , 10.06    , 10.06    , 0.000    , update         , stable update            ,                                                                                                 
@solidjs/signals       , updateComputations4to1                                       , 8.93     , 8.93     , 8.93     , 0.000    , update         , stable update            ,                                                                                                 
@solidjs/signals       , updateComputations1000to1                                    , 1.37     , 1.37     , 1.37     , 0.000    , update         , stable update            ,                                                                                                 
@solidjs/signals       , updateComputations1to2                                       , 10.80    , 10.80    , 10.80    , 0.000    , update         , stable update            ,                                                                                                 
@solidjs/signals       , updateComputations1to4                                       , 10.10    , 10.10    , 10.10    , 0.000    , update         , stable update            ,                                                                                                 
@solidjs/signals       , updateComputations1to1000                                    , 8.05     , 8.05     , 8.05     , 0.000    , update         , stable update            ,                                                                                                 
@solidjs/signals       , 64x6 - 4 sources - dynamic - read 12% (dashboard selective r , 3108.67  , 3108.67  , 3108.67  , 0.000    , dynamic        , dynamic rectangular DAG  , nodesRecomputed=6000270 nodesVisited=6000270 edgesTraversed=24001017 sinkReads=960008 fallbackCo
@solidjs/signals       , 24x8 - 3 sources - dynamic - read 40% (editor derived state) , 2429.16  , 2429.16  , 2429.16  , 0.000    , dynamic        , dynamic rectangular DAG  , nodesRecomputed=5670087 nodesVisited=5670087 edgesTraversed=17010146 sinkReads=900010 fallbackCo
@solidjs/signals       , 120x7 - 5 sources - dynamic - read 18% (kanban board)        , 1584.60  , 1584.60  , 1584.60  , 0.000    , dynamic        , dynamic rectangular DAG  , nodesRecomputed=2700620 nodesVisited=2700620 edgesTraversed=13502767 sinkReads=660022 fallbackCo
@solidjs/signals       , 40x10 - 4 sources - dynamic - read 60% (entity detail page)  , 2442.65  , 2442.65  , 2442.65  , 0.000    , dynamic        , dynamic rectangular DAG  , nodesRecomputed=4320213 nodesVisited=4320213 edgesTraversed=17280788 sinkReads=720024 fallbackCo
@solidjs/signals       , 256->512x32 - fanIn 4 - layered-dag - 4 sources (layered ful , 348.88   , 348.88   , 348.88   , 0.000    , large_graph    , layered DAG              , nodesRecomputed=233240 nodesVisited=233240 edgesTraversed=932960 sinkReads=61952 fallbackCount=0
@solidjs/signals       , 256->512x32 - fanIn 4 - layered-dag - 4 sources - warm 320 ( , 308.69   , 308.69   , 308.69   , 0.000    , large_graph    , layered DAG              , nodesRecomputed=235200 nodesVisited=235200 edgesTraversed=940800 sinkReads=61952 fallbackCount=0
@solidjs/signals       , 256->512x32 - fanIn 8 - layered-dag - 8 sources - burst 16 - , 3338.29  , 3338.29  , 3338.29  , 0.000    , large_graph    , layered DAG              , nodesRecomputed=1529088 nodesVisited=1529088 edgesTraversed=12232704 sinkReads=49664 fallbackCou
@solidjs/signals       , 256->512x32 - fanIn 8 - diamond-mesh - 8 sources - warm 256  , 46.22    , 46.22    , 46.22    , 0.000    , large_graph    , diamond mesh             , nodesRecomputed=24576 nodesVisited=24576 edgesTraversed=196608 sinkReads=49664 fallbackCount=0 h
@solidjs/signals       , 32x8 - 4 sources - pull (pure pull)                          , 39.14    , 39.14    , 39.14    , 0.000    , pull           , stable rectangular DAG   , nodesRecomputed=448 nodesVisited=448 edgesTraversed=1792 sinkReads=32 fallbackCount=0 heightAdju
@solidjs/signals       , 8x64 - 1 sources - pull (linear chain - 1 source - pull (lin , 52.93    , 52.93    , 52.93    , 0.000    , pull           , stable rectangular DAG   , nodesRecomputed=1008 nodesVisited=1008 edgesTraversed=1008 sinkReads=8 fallbackCount=0 heightAdj
@solidjs/signals       , 64x4 - 8 sources - pull (wide tree - 8 sources - pull (branc , 48.70    , 48.70    , 48.70    , 0.000    , pull           , stable rectangular DAG   , nodesRecomputed=384 nodesVisited=384 edgesTraversed=3072 sinkReads=64 fallbackCount=0 heightAdju
@solidjs/signals       , 32x8 - 4 sources - push (pure push)                          , 939.68   , 939.68   , 939.68   , 0.000    , pull           , stable rectangular DAG   , nodesRecomputed=910133 nodesVisited=910133 edgesTraversed=3640532 sinkReads=220010 fallbackCount
@solidjs/signals       , 10x5 - 2 sources - read 20% (simple component)               , 4575.39  , 4575.39  , 4575.39  , 0.000    , pull           , stable rectangular DAG   , nodesRecomputed=8400026 nodesVisited=8400026 edgesTraversed=16800052 sinkReads=1200002 fallbackC
@solidjs/signals       , 10x10 - 6 sources - dynamic - read 20% (dynamic component)   , 1049.86  , 1049.86  , 1049.86  , 0.000    , dynamic        , dynamic rectangular DAG  , nodesRecomputed=1290004 nodesVisited=1290004 edgesTraversed=7739922 sinkReads=30002 fallbackCoun
@solidjs/signals       , 1000x12 - 4 sources - dynamic (large web app)                , 1563.76  , 1563.76  , 1563.76  , 0.000    , dynamic        , dynamic rectangular DAG  , nodesRecomputed=1473786 nodesVisited=1473786 edgesTraversed=5891713 sinkReads=7001000 fallbackCo
@solidjs/signals       , 1000x5 - 25 sources (wide dense)                             , 2575.95  , 2575.95  , 2575.95  , 0.000    , pull           , stable rectangular DAG   , nodesRecomputed=735756 nodesVisited=735756 edgesTraversed=18393900 sinkReads=3001000 fallbackCou
@solidjs/signals       , 5x500 - 3 sources (deep)                                     , 942.87   , 942.87   , 942.87   , 0.000    , pull           , stable rectangular DAG   , nodesRecomputed=1246502 nodesVisited=1246502 edgesTraversed=3739506 sinkReads=2505 fallbackCount
Preact Signals         , avoidablePropagation                                         , 918.41   , 918.41   , 918.41   , 0.000    , baseline       , selective propagation    ,                                                                                                 
Preact Signals         , broadPropagation                                             , 688.09   , 688.09   , 688.09   , 0.000    , baseline       , wide fan-out             ,                                                                                                 
Preact Signals         , deepPropagation                                              , 305.35   , 305.35   , 305.35   , 0.000    , pull           , linear chain             ,                                                                                                 
Preact Signals         , diamond                                                      , 570.69   , 570.69   , 570.69   , 0.000    , baseline       , diamond                  ,                                                                                                 
Preact Signals         , mux                                                          , 608.43   , 608.43   , 608.43   , 0.000    , dynamic        , dynamic branch           ,                                                                                                 
Preact Signals         , repeatedObservers                                            , 131.35   , 131.35   , 131.35   , 0.000    , baseline       , duplicate observer       ,                                                                                                 
Preact Signals         , triangle                                                     , 230.71   , 230.71   , 230.71   , 0.000    , baseline       , glitch-free triangle     ,                                                                                                 
Preact Signals         , unstable                                                     , 205.92   , 205.92   , 205.92   , 0.000    , dynamic        , dynamic dependency churn ,                                                                                                 
Preact Signals         , manyEffectsFromOneSource                                     , 375.62   , 375.62   , 375.62   , 0.000    , push           , wide fan-out             , checksum=180075672000                                                                           
Preact Signals         , manySourcesIntoOneComputedEffectWithDirect                   , 315.35   , 315.35   , 315.35   , 0.000    , pull           , wide fan-in              , checksum=1372929289844                                                                          
Preact Signals         , manySourcesIntoOneComputedEffect                             , 374.36   , 374.36   , 374.36   , 0.000    , pull           , wide fan-in              , checksum=1331323690944                                                                          
Preact Signals         , manySourcesIntoOneDirectEffect                               , 103.45   , 103.45   , 103.45   , 0.000    , pull           , wide fan-in              , checksum=41605598900                                                                            
Preact Signals         , molBench                                                     , 586.83   , 586.83   , 586.83   , 0.000    , dynamic        , mixed app graph          ,                                                                                                 
Preact Signals         , createDataSignals                                            , 14.44    , 14.44    , 14.44    , 0.000    , creation       , signal creation          ,                                                                                                 
Preact Signals         , createComputations0to1                                       , 9.01     , 9.01     , 9.01     , 0.000    , creation       , computed creation        ,                                                                                                 
Preact Signals         , createComputations1to1                                       , 21.65    , 21.65    , 21.65    , 0.000    , creation       , computed creation        ,                                                                                                 
Preact Signals         , createComputations2to1                                       , 16.88    , 16.88    , 16.88    , 0.000    , creation       , computed creation        ,                                                                                                 
Preact Signals         , createComputations4to1                                       , 15.50    , 15.50    , 15.50    , 0.000    , creation       , computed creation        ,                                                                                                 
Preact Signals         , createComputations1000to1                                    , 0.12     , 0.12     , 0.12     , 0.000    , creation       , computed creation        ,                                                                                                 
Preact Signals         , createComputations1to2                                       , 14.37    , 14.37    , 14.37    , 0.000    , creation       , computed creation        ,                                                                                                 
Preact Signals         , createComputations1to4                                       , 22.04    , 22.04    , 22.04    , 0.000    , creation       , computed creation        ,                                                                                                 
Preact Signals         , createComputations1to8                                       , 48.21    , 48.21    , 48.21    , 0.000    , creation       , computed creation        ,                                                                                                 
Preact Signals         , createComputations1to1000                                    , 22.17    , 22.17    , 22.17    , 0.000    , creation       , computed creation        ,                                                                                                 
Preact Signals         , updateComputations1to1                                       , 8.96     , 8.96     , 8.96     , 0.000    , update         , stable update            ,                                                                                                 
Preact Signals         , updateComputations2to1                                       , 6.59     , 6.59     , 6.59     , 0.000    , update         , stable update            ,                                                                                                 
Preact Signals         , updateComputations4to1                                       , 4.50     , 4.50     , 4.50     , 0.000    , update         , stable update            ,                                                                                                 
Preact Signals         , updateComputations1000to1                                    , 0.24     , 0.24     , 0.24     , 0.000    , update         , stable update            ,                                                                                                 
Preact Signals         , updateComputations1to2                                       , 7.90     , 7.90     , 7.90     , 0.000    , update         , stable update            ,                                                                                                 
Preact Signals         , updateComputations1to4                                       , 3.56     , 3.56     , 3.56     , 0.000    , update         , stable update            ,                                                                                                 
Preact Signals         , updateComputations1to1000                                    , 0.19     , 0.19     , 0.19     , 0.000    , update         , stable update            ,                                                                                                 
Preact Signals         , 64x6 - 4 sources - dynamic - read 12% (dashboard selective r , 2096.80  , 2096.80  , 2096.80  , 0.000    , dynamic        , dynamic rectangular DAG  , nodesRecomputed=2642029 nodesVisited=2642029 edgesTraversed=10568081 sinkReads=960008           
Preact Signals         , 24x8 - 3 sources - dynamic - read 40% (editor derived state) , 3362.99  , 3362.99  , 3362.99  , 0.000    , dynamic        , dynamic rectangular DAG  , nodesRecomputed=4736332 nodesVisited=4736332 edgesTraversed=14208887 sinkReads=900010           
Preact Signals         , 120x7 - 5 sources - dynamic - read 18% (kanban board)        , 2709.66  , 2709.66  , 2709.66  , 0.000    , dynamic        , dynamic rectangular DAG  , nodesRecomputed=1765496 nodesVisited=1765496 edgesTraversed=8827231 sinkReads=660022            
Preact Signals         , 40x10 - 4 sources - dynamic - read 60% (entity detail page)  , 1789.28  , 1789.28  , 1789.28  , 0.000    , dynamic        , dynamic rectangular DAG  , nodesRecomputed=3984210 nodesVisited=3984210 edgesTraversed=15936789 sinkReads=720024           
Preact Signals         , 256->512x32 - fanIn 4 - layered-dag - 4 sources (layered ful , 974.66   , 974.66   , 974.66   , 0.000    , large_graph    , layered DAG              , nodesRecomputed=249624 nodesVisited=249624 edgesTraversed=998496 sinkReads=61952                
Preact Signals         , 256->512x32 - fanIn 4 - layered-dag - 4 sources - warm 320 ( , 329.97   , 329.97   , 329.97   , 0.000    , large_graph    , layered DAG              , nodesRecomputed=235200 nodesVisited=235200 edgesTraversed=940800 sinkReads=61952                
Preact Signals         , 256->512x32 - fanIn 8 - layered-dag - 8 sources - burst 16 - , 1254.30  , 1254.30  , 1254.30  , 0.000    , large_graph    , layered DAG              , nodesRecomputed=1529088 nodesVisited=1529088 edgesTraversed=12232704 sinkReads=49664            
Preact Signals         , 256->512x32 - fanIn 8 - diamond-mesh - 8 sources - warm 256  , 202.81   , 202.81   , 202.81   , 0.000    , large_graph    , diamond mesh             , nodesRecomputed=24576 nodesVisited=24576 edgesTraversed=196608 sinkReads=49664                  
Preact Signals         , 32x8 - 4 sources - pull (pure pull)                          , 34.74    , 34.74    , 34.74    , 0.000    , pull           , stable rectangular DAG   , nodesRecomputed=224 nodesVisited=224 edgesTraversed=896 sinkReads=32                            
Preact Signals         , 8x64 - 1 sources - pull (linear chain - 1 source - pull (lin , 36.74    , 36.74    , 36.74    , 0.000    , pull           , stable rectangular DAG   , nodesRecomputed=504 nodesVisited=504 edgesTraversed=504 sinkReads=8                             
Preact Signals         , 64x4 - 8 sources - pull (wide tree - 8 sources - pull (branc , 95.73    , 95.73    , 95.73    , 0.000    , pull           , stable rectangular DAG   , nodesRecomputed=192 nodesVisited=192 edgesTraversed=1536 sinkReads=64                           
Preact Signals         , 32x8 - 4 sources - push (pure push)                          , 386.12   , 386.12   , 386.12   , 0.000    , pull           , stable rectangular DAG   , nodesRecomputed=910133 nodesVisited=910133 edgesTraversed=3640532 sinkReads=220010              
Preact Signals         , 10x5 - 2 sources - read 20% (simple component)               , 747.28   , 747.28   , 747.28   , 0.000    , pull           , stable rectangular DAG   , nodesRecomputed=3180010 nodesVisited=3180010 edgesTraversed=6360020 sinkReads=1200002           
Preact Signals         , 10x10 - 6 sources - dynamic - read 20% (dynamic component)   , 441.30   , 441.30   , 441.30   , 0.000    , dynamic        , dynamic rectangular DAG  , nodesRecomputed=1140004 nodesVisited=1140004 edgesTraversed=6839936 sinkReads=30002             
Preact Signals         , 1000x12 - 4 sources - dynamic (large web app)                , 12187.66 , 12187.66 , 12187.66 , 0.000    , dynamic        , dynamic rectangular DAG  , nodesRecomputed=1473786 nodesVisited=1473786 edgesTraversed=5891713 sinkReads=7001000           
Preact Signals         , 1000x5 - 25 sources (wide dense)                             , 4974.11  , 4974.11  , 4974.11  , 0.000    , pull           , stable rectangular DAG   , nodesRecomputed=735756 nodesVisited=735756 edgesTraversed=18393900 sinkReads=3001000            
Preact Signals         , 5x500 - 3 sources (deep)                                     , 300.91   , 300.91   , 300.91   , 0.000    , pull           , stable rectangular DAG   , nodesRecomputed=1246502 nodesVisited=1246502 edgesTraversed=3739506 sinkReads=2505              
@reactively            , avoidablePropagation                                         , 692.66   , 692.66   , 692.66   , 0.000    , baseline       , selective propagation    ,                                                                                                 
@reactively            , broadPropagation                                             , 651.86   , 651.86   , 651.86   , 0.000    , baseline       , wide fan-out             ,                                                                                                 
@reactively            , deepPropagation                                              , 328.94   , 328.94   , 328.94   , 0.000    , pull           , linear chain             ,                                                                                                 
@reactively            , diamond                                                      , 574.15   , 574.15   , 574.15   , 0.000    , baseline       , diamond                  ,                                                                                                 
@reactively            , mux                                                          , 716.88   , 716.88   , 716.88   , 0.000    , dynamic        , dynamic branch           ,                                                                                                 
@reactively            , repeatedObservers                                            , 175.33   , 175.33   , 175.33   , 0.000    , baseline       , duplicate observer       ,                                                                                                 
@reactively            , triangle                                                     , 213.75   , 213.75   , 213.75   , 0.000    , baseline       , glitch-free triangle     ,                                                                                                 
@reactively            , unstable                                                     , 284.61   , 284.61   , 284.61   , 0.000    , dynamic        , dynamic dependency churn ,                                                                                                 
@reactively            , manyEffectsFromOneSource                                     , 392.70   , 392.70   , 392.70   , 0.000    , push           , wide fan-out             , checksum=180075672000                                                                           
@reactively            , manySourcesIntoOneComputedEffectWithDirect                   , 221.15   , 221.15   , 221.15   , 0.000    , pull           , wide fan-in              , checksum=1372929290292                                                                          
@reactively            , manySourcesIntoOneComputedEffect                             , 190.17   , 190.17   , 190.17   , 0.000    , pull           , wide fan-in              , checksum=1331323690944                                                                          
@reactively            , manySourcesIntoOneDirectEffect                               , 90.00    , 90.00    , 90.00    , 0.000    , pull           , wide fan-in              , checksum=41605599348                                                                            
@reactively            , molBench                                                     , 550.66   , 550.66   , 550.66   , 0.000    , dynamic        , mixed app graph          ,                                                                                                 
@reactively            , createDataSignals                                            , 13.97    , 13.97    , 13.97    , 0.000    , creation       , signal creation          ,                                                                                                 
@reactively            , createComputations0to1                                       , 7.73     , 7.73     , 7.73     , 0.000    , creation       , computed creation        ,                                                                                                 
@reactively            , createComputations1to1                                       , 16.07    , 16.07    , 16.07    , 0.000    , creation       , computed creation        ,                                                                                                 
@reactively            , createComputations2to1                                       , 11.72    , 11.72    , 11.72    , 0.000    , creation       , computed creation        ,                                                                                                 
@reactively            , createComputations4to1                                       , 7.33     , 7.33     , 7.33     , 0.000    , creation       , computed creation        ,                                                                                                 
@reactively            , createComputations1000to1                                    , 0.06     , 0.06     , 0.06     , 0.000    , creation       , computed creation        ,                                                                                                 
@reactively            , createComputations1to2                                       , 12.55    , 12.55    , 12.55    , 0.000    , creation       , computed creation        ,                                                                                                 
@reactively            , createComputations1to4                                       , 12.64    , 12.64    , 12.64    , 0.000    , creation       , computed creation        ,                                                                                                 
@reactively            , createComputations1to8                                       , 6.96     , 6.96     , 6.96     , 0.000    , creation       , computed creation        ,                                                                                                 
@reactively            , createComputations1to1000                                    , 11.28    , 11.28    , 11.28    , 0.000    , creation       , computed creation        ,                                                                                                 
@reactively            , updateComputations1to1                                       , 7.91     , 7.91     , 7.91     , 0.000    , update         , stable update            ,                                                                                                 
@reactively            , updateComputations2to1                                       , 6.42     , 6.42     , 6.42     , 0.000    , update         , stable update            ,                                                                                                 
@reactively            , updateComputations4to1                                       , 3.13     , 3.13     , 3.13     , 0.000    , update         , stable update            ,                                                                                                 
@reactively            , updateComputations1000to1                                    , 0.15     , 0.15     , 0.15     , 0.000    , update         , stable update            ,                                                                                                 
@reactively            , updateComputations1to2                                       , 5.34     , 5.34     , 5.34     , 0.000    , update         , stable update            ,                                                                                                 
@reactively            , updateComputations1to4                                       , 3.37     , 3.37     , 3.37     , 0.000    , update         , stable update            ,                                                                                                 
@reactively            , updateComputations1to1000                                    , 0.15     , 0.15     , 0.15     , 0.000    , update         , stable update            ,                                                                                                 
@reactively            , 64x6 - 4 sources - dynamic - read 12% (dashboard selective r , 642.65   , 642.65   , 642.65   , 0.000    , dynamic        , dynamic rectangular DAG  , nodesRecomputed=2642029 nodesVisited=2642029 edgesTraversed=10568081 sinkReads=960008           
@reactively            , 24x8 - 3 sources - dynamic - read 40% (editor derived state) , 958.67   , 958.67   , 958.67   , 0.000    , dynamic        , dynamic rectangular DAG  , nodesRecomputed=4736332 nodesVisited=4736332 edgesTraversed=14208887 sinkReads=900010           
@reactively            , 120x7 - 5 sources - dynamic - read 18% (kanban board)        , 502.83   , 502.83   , 502.83   , 0.000    , dynamic        , dynamic rectangular DAG  , nodesRecomputed=1765496 nodesVisited=1765496 edgesTraversed=8827231 sinkReads=660022            
@reactively            , 40x10 - 4 sources - dynamic - read 60% (entity detail page)  , 1019.75  , 1019.75  , 1019.75  , 0.000    , dynamic        , dynamic rectangular DAG  , nodesRecomputed=3984210 nodesVisited=3984210 edgesTraversed=15936789 sinkReads=720024           
@reactively            , 256->512x32 - fanIn 4 - layered-dag - 4 sources (layered ful , 215.69   , 215.69   , 215.69   , 0.000    , large_graph    , layered DAG              , nodesRecomputed=249624 nodesVisited=249624 edgesTraversed=998496 sinkReads=61952                
@reactively            , 256->512x32 - fanIn 4 - layered-dag - 4 sources - warm 320 ( , 162.98   , 162.98   , 162.98   , 0.000    , large_graph    , layered DAG              , nodesRecomputed=235200 nodesVisited=235200 edgesTraversed=940800 sinkReads=61952                
@reactively            , 256->512x32 - fanIn 8 - layered-dag - 8 sources - burst 16 - , 1389.75  , 1389.75  , 1389.75  , 0.000    , large_graph    , layered DAG              , nodesRecomputed=1529088 nodesVisited=1529088 edgesTraversed=12232704 sinkReads=49664            
@reactively            , 256->512x32 - fanIn 8 - diamond-mesh - 8 sources - warm 256  , 13.25    , 13.25    , 13.25    , 0.000    , large_graph    , diamond mesh             , nodesRecomputed=24576 nodesVisited=24576 edgesTraversed=196608 sinkReads=49664                  
@reactively            , 32x8 - 4 sources - pull (pure pull)                          , 38.07    , 38.07    , 38.07    , 0.000    , pull           , stable rectangular DAG   , nodesRecomputed=224 nodesVisited=224 edgesTraversed=896 sinkReads=32                            
@reactively            , 8x64 - 1 sources - pull (linear chain - 1 source - pull (lin , 38.12    , 38.12    , 38.12    , 0.000    , pull           , stable rectangular DAG   , nodesRecomputed=504 nodesVisited=504 edgesTraversed=504 sinkReads=8                             
@reactively            , 64x4 - 8 sources - pull (wide tree - 8 sources - pull (branc , 35.70    , 35.70    , 35.70    , 0.000    , pull           , stable rectangular DAG   , nodesRecomputed=192 nodesVisited=192 edgesTraversed=1536 sinkReads=64                           
@reactively            , 32x8 - 4 sources - push (pure push)                          , 246.11   , 246.11   , 246.11   , 0.000    , pull           , stable rectangular DAG   , nodesRecomputed=910133 nodesVisited=910133 edgesTraversed=3640532 sinkReads=220042              
@reactively            , 10x5 - 2 sources - read 20% (simple component)               , 424.22   , 424.22   , 424.22   , 0.000    , pull           , stable rectangular DAG   , nodesRecomputed=3180010 nodesVisited=3180010 edgesTraversed=6360020 sinkReads=1200002           
@reactively            , 10x10 - 6 sources - dynamic - read 20% (dynamic component)   , 376.81   , 376.81   , 376.81   , 0.000    , dynamic        , dynamic rectangular DAG  , nodesRecomputed=1140004 nodesVisited=1140004 edgesTraversed=6839936 sinkReads=30002             
@reactively            , 1000x12 - 4 sources - dynamic (large web app)                , 648.45   , 648.45   , 648.45   , 0.000    , dynamic        , dynamic rectangular DAG  , nodesRecomputed=1473786 nodesVisited=1473786 edgesTraversed=5891713 sinkReads=7001000           
@reactively            , 1000x5 - 25 sources (wide dense)                             , 818.17   , 818.17   , 818.17   , 0.000    , pull           , stable rectangular DAG   , nodesRecomputed=735756 nodesVisited=735756 edgesTraversed=18393900 sinkReads=3001000            
@reactively            , 5x500 - 3 sources (deep)                                     , 421.68   , 421.68   , 421.68   , 0.000    , pull           , stable rectangular DAG   , nodesRecomputed=1246502 nodesVisited=1246502 edgesTraversed=3739506 sinkReads=2505              
s-js                   , avoidablePropagation                                         , 794.47   , 794.47   , 794.47   , 0.000    , baseline       , selective propagation    ,                                                                                                 
s-js                   , broadPropagation                                             , 634.51   , 634.51   , 634.51   , 0.000    , baseline       , wide fan-out             ,                                                                                                 
s-js                   , deepPropagation                                              , 238.35   , 238.35   , 238.35   , 0.000    , pull           , linear chain             ,                                                                                                 
s-js                   , diamond                                                      , 536.48   , 536.48   , 536.48   , 0.000    , baseline       , diamond                  ,                                                                                                 
s-js                   , mux                                                          , 908.18   , 908.18   , 908.18   , 0.000    , dynamic        , dynamic branch           ,                                                                                                 
s-js                   , repeatedObservers                                            , 202.36   , 202.36   , 202.36   , 0.000    , baseline       , duplicate observer       ,                                                                                                 
s-js                   , triangle                                                     , 233.46   , 233.46   , 233.46   , 0.000    , baseline       , glitch-free triangle     ,                                                                                                 
s-js                   , unstable                                                     , 242.65   , 242.65   , 242.65   , 0.000    , dynamic        , dynamic dependency churn ,                                                                                                 
s-js                   , manyEffectsFromOneSource                                     , 400.91   , 400.91   , 400.91   , 0.000    , push           , wide fan-out             , checksum=180075672000                                                                           
s-js                   , manySourcesIntoOneComputedEffectWithDirect                   , 295.42   , 295.42   , 295.42   , 0.000    , pull           , wide fan-in              , checksum=1372929289844                                                                          
s-js                   , manySourcesIntoOneComputedEffect                             , 269.92   , 269.92   , 269.92   , 0.000    , pull           , wide fan-in              , checksum=1331323690944                                                                          
s-js                   , manySourcesIntoOneDirectEffect                               , 92.44    , 92.44    , 92.44    , 0.000    , pull           , wide fan-in              , checksum=41605598900                                                                            
s-js                   , molBench                                                     , 1330.46  , 1330.46  , 1330.46  , 0.000    , dynamic        , mixed app graph          ,                                                                                                 
s-js                   , createDataSignals                                            , 21.83    , 21.83    , 21.83    , 0.000    , creation       , signal creation          ,                                                                                                 
s-js                   , createComputations0to1                                       , 14.94    , 14.94    , 14.94    , 0.000    , creation       , computed creation        ,                                                                                                 
s-js                   , createComputations1to1                                       , 44.20    , 44.20    , 44.20    , 0.000    , creation       , computed creation        ,                                                                                                 
s-js                   , createComputations2to1                                       , 48.24    , 48.24    , 48.24    , 0.000    , creation       , computed creation        ,                                                                                                 
s-js                   , createComputations4to1                                       , 69.00    , 69.00    , 69.00    , 0.000    , creation       , computed creation        ,                                                                                                 
s-js                   , createComputations1000to1                                    , 21.76    , 21.76    , 21.76    , 0.000    , creation       , computed creation        ,                                                                                                 
s-js                   , createComputations1to2                                       , 39.20    , 39.20    , 39.20    , 0.000    , creation       , computed creation        ,                                                                                                 
s-js                   , createComputations1to4                                       , 57.93    , 57.93    , 57.93    , 0.000    , creation       , computed creation        ,                                                                                                 
s-js                   , createComputations1to8                                       , 58.89    , 58.89    , 58.89    , 0.000    , creation       , computed creation        ,                                                                                                 
s-js                   , createComputations1to1000                                    , 56.94    , 56.94    , 56.94    , 0.000    , creation       , computed creation        ,                                                                                                 
s-js                   , updateComputations1to1                                       , 48.93    , 48.93    , 48.93    , 0.000    , update         , stable update            ,                                                                                                 
s-js                   , updateComputations2to1                                       , 44.66    , 44.66    , 44.66    , 0.000    , update         , stable update            ,                                                                                                 
s-js                   , updateComputations4to1                                       , 33.83    , 33.83    , 33.83    , 0.000    , update         , stable update            ,                                                                                                 
s-js                   , updateComputations1000to1                                    , 42.46    , 42.46    , 42.46    , 0.000    , update         , stable update            ,                                                                                                 
s-js                   , updateComputations1to2                                       , 38.55    , 38.55    , 38.55    , 0.000    , update         , stable update            ,                                                                                                 
s-js                   , updateComputations1to4                                       , 52.53    , 52.53    , 52.53    , 0.000    , update         , stable update            ,                                                                                                 
s-js                   , updateComputations1to1000                                    , 29.02    , 29.02    , 29.02    , 0.000    , update         , stable update            ,                                                                                                 
s-js                   , 64x6 - 4 sources - dynamic - read 12% (dashboard selective r , 1722.64  , 1722.64  , 1722.64  , 0.000    , dynamic        , dynamic rectangular DAG  , nodesRecomputed=6000270 nodesVisited=6000270 edgesTraversed=24001017 sinkReads=960008           
s-js                   , 24x8 - 3 sources - dynamic - read 40% (editor derived state) , 1426.43  , 1426.43  , 1426.43  , 0.000    , dynamic        , dynamic rectangular DAG  , nodesRecomputed=5670087 nodesVisited=5670087 edgesTraversed=17010146 sinkReads=900010           
s-js                   , 120x7 - 5 sources - dynamic - read 18% (kanban board)        , 1047.15  , 1047.15  , 1047.15  , 0.000    , dynamic        , dynamic rectangular DAG  , nodesRecomputed=2700620 nodesVisited=2700620 edgesTraversed=13502767 sinkReads=660022           
s-js                   , 40x10 - 4 sources - dynamic - read 60% (entity detail page)  , 1480.25  , 1480.25  , 1480.25  , 0.000    , dynamic        , dynamic rectangular DAG  , nodesRecomputed=4320213 nodesVisited=4320213 edgesTraversed=17280788 sinkReads=720024           
s-js                   , 256->512x32 - fanIn 4 - layered-dag - 4 sources (layered ful , 326.91   , 326.91   , 326.91   , 0.000    , large_graph    , layered DAG              , nodesRecomputed=233240 nodesVisited=233240 edgesTraversed=932960 sinkReads=61952                
s-js                   , 256->512x32 - fanIn 4 - layered-dag - 4 sources - warm 320 ( , 343.42   , 343.42   , 343.42   , 0.000    , large_graph    , layered DAG              , nodesRecomputed=235200 nodesVisited=235200 edgesTraversed=940800 sinkReads=61952                
s-js                   , 256->512x32 - fanIn 8 - layered-dag - 8 sources - burst 16 - , 2702.69  , 2702.69  , 2702.69  , 0.000    , large_graph    , layered DAG              , nodesRecomputed=1529088 nodesVisited=1529088 edgesTraversed=12232704 sinkReads=49664            
s-js                   , 256->512x32 - fanIn 8 - diamond-mesh - 8 sources - warm 256  , 16.59    , 16.59    , 16.59    , 0.000    , large_graph    , diamond mesh             , nodesRecomputed=24576 nodesVisited=24576 edgesTraversed=196608 sinkReads=49664                  
s-js                   , 32x8 - 4 sources - pull (pure pull)                          , 320.60   , 320.60   , 320.60   , 0.000    , pull           , stable rectangular DAG   , nodesRecomputed=910133 nodesVisited=910133 edgesTraversed=3640532 sinkReads=32                  
s-js                   , 8x64 - 1 sources - pull (linear chain - 1 source - pull (lin , 137.03   , 137.03   , 137.03   , 0.000    , pull           , stable rectangular DAG   , nodesRecomputed=630441 nodesVisited=630441 edgesTraversed=630441 sinkReads=8                    
s-js                   , 64x4 - 8 sources - pull (wide tree - 8 sources - pull (branc , 279.59   , 279.59   , 279.59   , 0.000    , pull           , stable rectangular DAG   , nodesRecomputed=450147 nodesVisited=450147 edgesTraversed=3601176 sinkReads=64                  
s-js                   , 32x8 - 4 sources - push (pure push)                          , 357.96   , 357.96   , 357.96   , 0.000    , pull           , stable rectangular DAG   , nodesRecomputed=910133 nodesVisited=910133 edgesTraversed=3640532 sinkReads=220010              
s-js                   , 10x5 - 2 sources - read 20% (simple component)               , 1248.31  , 1248.31  , 1248.31  , 0.000    , pull           , stable rectangular DAG   , nodesRecomputed=8400026 nodesVisited=8400026 edgesTraversed=16800052 sinkReads=1200002          
s-js                   , 10x10 - 6 sources - dynamic - read 20% (dynamic component)   , 542.91   , 542.91   , 542.91   , 0.000    , dynamic        , dynamic rectangular DAG  , nodesRecomputed=1290004 nodesVisited=1290004 edgesTraversed=7739922 sinkReads=30002             
s-js                   , 1000x12 - 4 sources - dynamic (large web app)                , 746.30   , 746.30   , 746.30   , 0.000    , dynamic        , dynamic rectangular DAG  , nodesRecomputed=1473786 nodesVisited=1473786 edgesTraversed=5891713 sinkReads=7001000           
s-js                   , 1000x5 - 25 sources (wide dense)                             , 1252.11  , 1252.11  , 1252.11  , 0.000    , pull           , stable rectangular DAG   , nodesRecomputed=735756 nodesVisited=735756 edgesTraversed=18393900 sinkReads=3001000            
s-js                   , 5x500 - 3 sources (deep)                                     , 619.71   , 619.71   , 619.71   , 0.000    , pull           , stable rectangular DAG   , nodesRecomputed=1246502 nodesVisited=1246502 edgesTraversed=3739506 sinkReads=2505              
@amadeus-it-group/tans , avoidablePropagation                                         , 1107.13  , 1107.13  , 1107.13  , 0.000    , baseline       , selective propagation    ,                                                                                                 
@amadeus-it-group/tans , broadPropagation                                             , 1698.44  , 1698.44  , 1698.44  , 0.000    , baseline       , wide fan-out             ,                                                                                                 
@amadeus-it-group/tans , deepPropagation                                              , 524.59   , 524.59   , 524.59   , 0.000    , pull           , linear chain             ,                                                                                                 
@amadeus-it-group/tans , diamond                                                      , 945.32   , 945.32   , 945.32   , 0.000    , baseline       , diamond                  ,                                                                                                 
@amadeus-it-group/tans , mux                                                          , 1104.11  , 1104.11  , 1104.11  , 0.000    , dynamic        , dynamic branch           ,                                                                                                 
@amadeus-it-group/tans , repeatedObservers                                            , 232.10   , 232.10   , 232.10   , 0.000    , baseline       , duplicate observer       ,                                                                                                 
@amadeus-it-group/tans , triangle                                                     , 311.12   , 311.12   , 311.12   , 0.000    , baseline       , glitch-free triangle     ,                                                                                                 
@amadeus-it-group/tans , unstable                                                     , 387.01   , 387.01   , 387.01   , 0.000    , dynamic        , dynamic dependency churn ,                                                                                                 
@amadeus-it-group/tans , manyEffectsFromOneSource                                     , 1025.94  , 1025.94  , 1025.94  , 0.000    , push           , wide fan-out             , checksum=180075672000                                                                           
@amadeus-it-group/tans , manySourcesIntoOneComputedEffectWithDirect                   , 309.16   , 309.16   , 309.16   , 0.000    , pull           , wide fan-in              , checksum=1372929289844                                                                          
@amadeus-it-group/tans , manySourcesIntoOneComputedEffect                             , 409.17   , 409.17   , 409.17   , 0.000    , pull           , wide fan-in              , checksum=1331323690944                                                                          
@amadeus-it-group/tans , manySourcesIntoOneDirectEffect                               , 104.71   , 104.71   , 104.71   , 0.000    , pull           , wide fan-in              , checksum=41605598900                                                                            
@amadeus-it-group/tans , molBench                                                     , 885.24   , 885.24   , 885.24   , 0.000    , dynamic        , mixed app graph          ,                                                                                                 
@amadeus-it-group/tans , createDataSignals                                            , 24.46    , 24.46    , 24.46    , 0.000    , creation       , signal creation          ,                                                                                                 
@amadeus-it-group/tans , createComputations0to1                                       , 21.20    , 21.20    , 21.20    , 0.000    , creation       , computed creation        ,                                                                                                 
@amadeus-it-group/tans , createComputations1to1                                       , 28.45    , 28.45    , 28.45    , 0.000    , creation       , computed creation        ,                                                                                                 
@amadeus-it-group/tans , createComputations2to1                                       , 23.70    , 23.70    , 23.70    , 0.000    , creation       , computed creation        ,                                                                                                 
@amadeus-it-group/tans , createComputations4to1                                       , 25.44    , 25.44    , 25.44    , 0.000    , creation       , computed creation        ,                                                                                                 
@amadeus-it-group/tans , createComputations1000to1                                    , 0.24     , 0.24     , 0.24     , 0.000    , creation       , computed creation        ,                                                                                                 
@amadeus-it-group/tans , createComputations1to2                                       , 28.55    , 28.55    , 28.55    , 0.000    , creation       , computed creation        ,                                                                                                 
@amadeus-it-group/tans , createComputations1to4                                       , 32.03    , 32.03    , 32.03    , 0.000    , creation       , computed creation        ,                                                                                                 
@amadeus-it-group/tans , createComputations1to8                                       , 24.92    , 24.92    , 24.92    , 0.000    , creation       , computed creation        ,                                                                                                 
@amadeus-it-group/tans , createComputations1to1000                                    , 27.00    , 27.00    , 27.00    , 0.000    , creation       , computed creation        ,                                                                                                 
@amadeus-it-group/tans , updateComputations1to1                                       , 6.71     , 6.71     , 6.71     , 0.000    , update         , stable update            ,                                                                                                 
@amadeus-it-group/tans , updateComputations2to1                                       , 8.30     , 8.30     , 8.30     , 0.000    , update         , stable update            ,                                                                                                 
@amadeus-it-group/tans , updateComputations4to1                                       , 5.65     , 5.65     , 5.65     , 0.000    , update         , stable update            ,                                                                                                 
@amadeus-it-group/tans , updateComputations1000to1                                    , 1.40     , 1.40     , 1.40     , 0.000    , update         , stable update            ,                                                                                                 
@amadeus-it-group/tans , updateComputations1to2                                       , 8.61     , 8.61     , 8.61     , 0.000    , update         , stable update            ,                                                                                                 
@amadeus-it-group/tans , updateComputations1to4                                       , 6.49     , 6.49     , 6.49     , 0.000    , update         , stable update            ,                                                                                                 
@amadeus-it-group/tans , updateComputations1to1000                                    , 1.43     , 1.43     , 1.43     , 0.000    , update         , stable update            ,                                                                                                 
@amadeus-it-group/tans , 64x6 - 4 sources - dynamic - read 12% (dashboard selective r , 1045.73  , 1045.73  , 1045.73  , 0.000    , dynamic        , dynamic rectangular DAG  , nodesRecomputed=2642029 nodesVisited=2642029 edgesTraversed=10568081 sinkReads=960008           
@amadeus-it-group/tans , 24x8 - 3 sources - dynamic - read 40% (editor derived state) , 1552.60  , 1552.60  , 1552.60  , 0.000    , dynamic        , dynamic rectangular DAG  , nodesRecomputed=4736332 nodesVisited=4736332 edgesTraversed=14208887 sinkReads=900010           
@amadeus-it-group/tans , 120x7 - 5 sources - dynamic - read 18% (kanban board)        , 778.09   , 778.09   , 778.09   , 0.000    , dynamic        , dynamic rectangular DAG  , nodesRecomputed=1765496 nodesVisited=1765496 edgesTraversed=8827231 sinkReads=660022            
@amadeus-it-group/tans , 40x10 - 4 sources - dynamic - read 60% (entity detail page)  , 1737.49  , 1737.49  , 1737.49  , 0.000    , dynamic        , dynamic rectangular DAG  , nodesRecomputed=3984210 nodesVisited=3984210 edgesTraversed=15936789 sinkReads=720024           
@amadeus-it-group/tans , 256->512x32 - fanIn 4 - layered-dag - 4 sources (layered ful , 330.65   , 330.65   , 330.65   , 0.000    , large_graph    , layered DAG              , nodesRecomputed=249624 nodesVisited=249624 edgesTraversed=998496 sinkReads=61952                
@amadeus-it-group/tans , 256->512x32 - fanIn 4 - layered-dag - 4 sources - warm 320 ( , 273.29   , 273.29   , 273.29   , 0.000    , large_graph    , layered DAG              , nodesRecomputed=235200 nodesVisited=235200 edgesTraversed=940800 sinkReads=61952                
@amadeus-it-group/tans , 256->512x32 - fanIn 8 - layered-dag - 8 sources - burst 16 - , 2047.47  , 2047.47  , 2047.47  , 0.000    , large_graph    , layered DAG              , nodesRecomputed=1529088 nodesVisited=1529088 edgesTraversed=12232704 sinkReads=49664            
@amadeus-it-group/tans , 256->512x32 - fanIn 8 - diamond-mesh - 8 sources - warm 256  , 16.81    , 16.81    , 16.81    , 0.000    , large_graph    , diamond mesh             , nodesRecomputed=24576 nodesVisited=24576 edgesTraversed=196608 sinkReads=49664                  
@amadeus-it-group/tans , 32x8 - 4 sources - pull (pure pull)                          , 35.30    , 35.30    , 35.30    , 0.000    , pull           , stable rectangular DAG   , nodesRecomputed=224 nodesVisited=224 edgesTraversed=896 sinkReads=32                            
@amadeus-it-group/tans , 8x64 - 1 sources - pull (linear chain - 1 source - pull (lin , 37.83    , 37.83    , 37.83    , 0.000    , pull           , stable rectangular DAG   , nodesRecomputed=504 nodesVisited=504 edgesTraversed=504 sinkReads=8                             
@amadeus-it-group/tans , 64x4 - 8 sources - pull (wide tree - 8 sources - pull (branc , 39.85    , 39.85    , 39.85    , 0.000    , pull           , stable rectangular DAG   , nodesRecomputed=192 nodesVisited=192 edgesTraversed=1536 sinkReads=64                           
@amadeus-it-group/tans , 32x8 - 4 sources - push (pure push)                          , 441.66   , 441.66   , 441.66   , 0.000    , pull           , stable rectangular DAG   , nodesRecomputed=910133 nodesVisited=910133 edgesTraversed=3640532 sinkReads=220010              
@amadeus-it-group/tans , 10x5 - 2 sources - read 20% (simple component)               , 788.47   , 788.47   , 788.47   , 0.000    , pull           , stable rectangular DAG   , nodesRecomputed=3180010 nodesVisited=3180010 edgesTraversed=6360020 sinkReads=1200002           
@amadeus-it-group/tans , 10x10 - 6 sources - dynamic - read 20% (dynamic component)   , 545.97   , 545.97   , 545.97   , 0.000    , dynamic        , dynamic rectangular DAG  , nodesRecomputed=1140004 nodesVisited=1140004 edgesTraversed=6839936 sinkReads=30002             
@amadeus-it-group/tans , 1000x12 - 4 sources - dynamic (large web app)                , 1007.40  , 1007.40  , 1007.40  , 0.000    , dynamic        , dynamic rectangular DAG  , nodesRecomputed=1473786 nodesVisited=1473786 edgesTraversed=5891713 sinkReads=7001000           
@amadeus-it-group/tans , 1000x5 - 25 sources (wide dense)                             , 1070.58  , 1070.58  , 1070.58  , 0.000    , pull           , stable rectangular DAG   , nodesRecomputed=735756 nodesVisited=735756 edgesTraversed=18393900 sinkReads=3001000            
@amadeus-it-group/tans , 5x500 - 3 sources (deep)                                     , 755.58   , 755.58   , 755.58   , 0.000    , pull           , stable rectangular DAG   , nodesRecomputed=1246502 nodesVisited=1246502 edgesTraversed=3739506 sinkReads=2505              
$mol_wire              , avoidablePropagation                                         , 1143.10  , 1143.10  , 1143.10  , 0.000    , baseline       , selective propagation    ,                                                                                                 
$mol_wire              , broadPropagation                                             , 2245.80  , 2245.80  , 2245.80  , 0.000    , baseline       , wide fan-out             ,                                                                                                 
$mol_wire              , deepPropagation                                              , 718.89   , 718.89   , 718.89   , 0.000    , pull           , linear chain             ,                                                                                                 
$mol_wire              , diamond                                                      , 1259.24  , 1259.24  , 1259.24  , 0.000    , baseline       , diamond                  ,                                                                                                 
$mol_wire              , mux                                                          , 1516.03  , 1516.03  , 1516.03  , 0.000    , dynamic        , dynamic branch           ,                                                                                                 
$mol_wire              , repeatedObservers                                            , 281.17   , 281.17   , 281.17   , 0.000    , baseline       , duplicate observer       ,                                                                                                 
$mol_wire              , triangle                                                     , 478.13   , 478.13   , 478.13   , 0.000    , baseline       , glitch-free triangle     ,                                                                                                 
$mol_wire              , unstable                                                     , 549.56   , 549.56   , 549.56   , 0.000    , dynamic        , dynamic dependency churn ,                                                                                                 
$mol_wire              , manyEffectsFromOneSource                                     , 1527.57  , 1527.57  , 1527.57  , 0.000    , push           , wide fan-out             , checksum=180075672000                                                                           
$mol_wire              , manySourcesIntoOneComputedEffectWithDirect                   , 359.57   , 359.57   , 359.57   , 0.000    , pull           , wide fan-in              , checksum=1372929289844                                                                          
$mol_wire              , manySourcesIntoOneComputedEffect                             , 371.95   , 371.95   , 371.95   , 0.000    , pull           , wide fan-in              , checksum=1331323690944                                                                          
$mol_wire              , manySourcesIntoOneDirectEffect                               , 113.24   , 113.24   , 113.24   , 0.000    , pull           , wide fan-in              , checksum=41605598900                                                                            
$mol_wire              , molBench                                                     , 577.49   , 577.49   , 577.49   , 0.000    , dynamic        , mixed app graph          ,                                                                                                 
$mol_wire              , createDataSignals                                            , 42.26    , 42.26    , 42.26    , 0.000    , creation       , signal creation          ,                                                                                                 
$mol_wire              , createComputations0to1                                       , 12.24    , 12.24    , 12.24    , 0.000    , creation       , computed creation        ,                                                                                                 
$mol_wire              , createComputations1to1                                       , 19.45    , 19.45    , 19.45    , 0.000    , creation       , computed creation        ,                                                                                                 
$mol_wire              , createComputations2to1                                       , 13.30    , 13.30    , 13.30    , 0.000    , creation       , computed creation        ,                                                                                                 
$mol_wire              , createComputations4to1                                       , 12.63    , 12.63    , 12.63    , 0.000    , creation       , computed creation        ,                                                                                                 
$mol_wire              , createComputations1000to1                                    , 0.09     , 0.09     , 0.09     , 0.000    , creation       , computed creation        ,                                                                                                 
$mol_wire              , createComputations1to2                                       , 13.30    , 13.30    , 13.30    , 0.000    , creation       , computed creation        ,                                                                                                 
$mol_wire              , createComputations1to4                                       , 15.30    , 15.30    , 15.30    , 0.000    , creation       , computed creation        ,                                                                                                 
$mol_wire              , createComputations1to8                                       , 15.87    , 15.87    , 15.87    , 0.000    , creation       , computed creation        ,                                                                                                 
$mol_wire              , createComputations1to1000                                    , 14.99    , 14.99    , 14.99    , 0.000    , creation       , computed creation        ,                                                                                                 
$mol_wire              , updateComputations1to1                                       , 9.93     , 9.93     , 9.93     , 0.000    , update         , stable update            ,                                                                                                 
$mol_wire              , updateComputations2to1                                       , 9.67     , 9.67     , 9.67     , 0.000    , update         , stable update            ,                                                                                                 
$mol_wire              , updateComputations4to1                                       , 5.70     , 5.70     , 5.70     , 0.000    , update         , stable update            ,                                                                                                 
$mol_wire              , updateComputations1000to1                                    , 0.13     , 0.13     , 0.13     , 0.000    , update         , stable update            ,                                                                                                 
$mol_wire              , updateComputations1to2                                       , 8.15     , 8.15     , 8.15     , 0.000    , update         , stable update            ,                                                                                                 
$mol_wire              , updateComputations1to4                                       , 7.48     , 7.48     , 7.48     , 0.000    , update         , stable update            ,                                                                                                 
$mol_wire              , updateComputations1to1000                                    , 0.62     , 0.62     , 0.62     , 0.000    , update         , stable update            ,                                                                                                 
$mol_wire              , 64x6 - 4 sources - dynamic - read 12% (dashboard selective r , 1198.75  , 1198.75  , 1198.75  , 0.000    , dynamic        , dynamic rectangular DAG  , nodesRecomputed=2642029 nodesVisited=2642029 edgesTraversed=10568081 sinkReads=960008           
$mol_wire              , 24x8 - 3 sources - dynamic - read 40% (editor derived state) , 1844.27  , 1844.27  , 1844.27  , 0.000    , dynamic        , dynamic rectangular DAG  , nodesRecomputed=4736332 nodesVisited=4736332 edgesTraversed=14208887 sinkReads=900010           
$mol_wire              , 120x7 - 5 sources - dynamic - read 18% (kanban board)        , 898.24   , 898.24   , 898.24   , 0.000    , dynamic        , dynamic rectangular DAG  , nodesRecomputed=1765496 nodesVisited=1765496 edgesTraversed=8827231 sinkReads=660022            
$mol_wire              , 40x10 - 4 sources - dynamic - read 60% (entity detail page)  , 1799.52  , 1799.52  , 1799.52  , 0.000    , dynamic        , dynamic rectangular DAG  , nodesRecomputed=3984210 nodesVisited=3984210 edgesTraversed=15936789 sinkReads=720024           
$mol_wire              , 256->512x32 - fanIn 4 - layered-dag - 4 sources (layered ful , 246.73   , 246.73   , 246.73   , 0.000    , large_graph    , layered DAG              , nodesRecomputed=249624 nodesVisited=249624 edgesTraversed=998496 sinkReads=61952                
$mol_wire              , 256->512x32 - fanIn 4 - layered-dag - 4 sources - warm 320 ( , 213.59   , 213.59   , 213.59   , 0.000    , large_graph    , layered DAG              , nodesRecomputed=235200 nodesVisited=235200 edgesTraversed=940800 sinkReads=61952                
$mol_wire              , 256->512x32 - fanIn 8 - layered-dag - 8 sources - burst 16 - , 2215.38  , 2215.38  , 2215.38  , 0.000    , large_graph    , layered DAG              , nodesRecomputed=1529088 nodesVisited=1529088 edgesTraversed=12232704 sinkReads=49664            
$mol_wire              , 256->512x32 - fanIn 8 - diamond-mesh - 8 sources - warm 256  , 21.49    , 21.49    , 21.49    , 0.000    , large_graph    , diamond mesh             , nodesRecomputed=24576 nodesVisited=24576 edgesTraversed=196608 sinkReads=49664                  
$mol_wire              , 32x8 - 4 sources - pull (pure pull)                          , 40.31    , 40.31    , 40.31    , 0.000    , pull           , stable rectangular DAG   , nodesRecomputed=224 nodesVisited=224 edgesTraversed=896 sinkReads=32                            
$mol_wire              , 8x64 - 1 sources - pull (linear chain - 1 source - pull (lin , 83.16    , 83.16    , 83.16    , 0.000    , pull           , stable rectangular DAG   , nodesRecomputed=504 nodesVisited=504 edgesTraversed=504 sinkReads=8                             
$mol_wire              , 64x4 - 8 sources - pull (wide tree - 8 sources - pull (branc , 39.63    , 39.63    , 39.63    , 0.000    , pull           , stable rectangular DAG   , nodesRecomputed=192 nodesVisited=192 edgesTraversed=1536 sinkReads=64                           
$mol_wire              , 32x8 - 4 sources - push (pure push)                          , 1242.95  , 1242.95  , 1242.95  , 0.000    , pull           , stable rectangular DAG   , nodesRecomputed=910133 nodesVisited=910133 edgesTraversed=3640532 sinkReads=220010              
$mol_wire              , 10x5 - 2 sources - read 20% (simple component)               , 1787.97  , 1787.97  , 1787.97  , 0.000    , pull           , stable rectangular DAG   , nodesRecomputed=3180010 nodesVisited=3180010 edgesTraversed=6360020 sinkReads=1200002           
$mol_wire              , 10x10 - 6 sources - dynamic - read 20% (dynamic component)   , 1037.17  , 1037.17  , 1037.17  , 0.000    , dynamic        , dynamic rectangular DAG  , nodesRecomputed=1140004 nodesVisited=1140004 edgesTraversed=6839936 sinkReads=30002             
$mol_wire              , 1000x12 - 4 sources - dynamic (large web app)                , 1274.64  , 1274.64  , 1274.64  , 0.000    , dynamic        , dynamic rectangular DAG  , nodesRecomputed=1473786 nodesVisited=1473786 edgesTraversed=5891713 sinkReads=7001000           
$mol_wire              , 1000x5 - 25 sources (wide dense)                             , 1465.55  , 1465.55  , 1465.55  , 0.000    , pull           , stable rectangular DAG   , nodesRecomputed=735756 nodesVisited=735756 edgesTraversed=18393900 sinkReads=3001000            
$mol_wire              , 5x500 - 3 sources (deep)                                     , 841.52   , 841.52   , 841.52   , 0.000    , pull           , stable rectangular DAG   , nodesRecomputed=1246502 nodesVisited=1246502 edgesTraversed=3739506 sinkReads=2505              
Oby                    , avoidablePropagation                                         , 1315.36  , 1315.36  , 1315.36  , 0.000    , baseline       , selective propagation    ,                                                                                                 
Oby                    , broadPropagation                                             , 2056.87  , 2056.87  , 2056.87  , 0.000    , baseline       , wide fan-out             ,                                                                                                 
Oby                    , deepPropagation                                              , 1192.65  , 1192.65  , 1192.65  , 0.000    , pull           , linear chain             ,                                                                                                 
Oby                    , diamond                                                      , 1485.13  , 1485.13  , 1485.13  , 0.000    , baseline       , diamond                  ,                                                                                                 
Oby                    , mux                                                          , 1996.56  , 1996.56  , 1996.56  , 0.000    , dynamic        , dynamic branch           ,                                                                                                 
Oby                    , repeatedObservers                                            , 340.99   , 340.99   , 340.99   , 0.000    , baseline       , duplicate observer       ,                                                                                                 
Oby                    , triangle                                                     , 359.21   , 359.21   , 359.21   , 0.000    , baseline       , glitch-free triangle     ,                                                                                                 
Oby                    , unstable                                                     , 318.66   , 318.66   , 318.66   , 0.000    , dynamic        , dynamic dependency churn ,                                                                                                 
Oby                    , manyEffectsFromOneSource                                     , 1003.78  , 1003.78  , 1003.78  , 0.000    , push           , wide fan-out             , checksum=180075672000                                                                           
Oby                    , manySourcesIntoOneComputedEffectWithDirect                   , 599.66   , 599.66   , 599.66   , 0.000    , pull           , wide fan-in              , checksum=1372929290292                                                                          
Oby                    , manySourcesIntoOneComputedEffect                             , 334.08   , 334.08   , 334.08   , 0.000    , pull           , wide fan-in              , checksum=1331323690944                                                                          
Oby                    , manySourcesIntoOneDirectEffect                               , 149.89   , 149.89   , 149.89   , 0.000    , pull           , wide fan-in              , checksum=41605599348                                                                            
Oby                    , molBench                                                     , 842.43   , 842.43   , 842.43   , 0.000    , dynamic        , mixed app graph          ,                                                                                                 
Oby                    , createDataSignals                                            , 96.35    , 96.35    , 96.35    , 0.000    , creation       , signal creation          ,                                                                                                 
Oby                    , createComputations0to1                                       , 117.57   , 117.57   , 117.57   , 0.000    , creation       , computed creation        ,                                                                                                 
Oby                    , createComputations1to1                                       , 93.44    , 93.44    , 93.44    , 0.000    , creation       , computed creation        ,                                                                                                 
Oby                    , createComputations2to1                                       , 113.13   , 113.13   , 113.13   , 0.000    , creation       , computed creation        ,                                                                                                 
Oby                    , createComputations4to1                                       , 27.47    , 27.47    , 27.47    , 0.000    , creation       , computed creation        ,                                                                                                 
Oby                    , createComputations1000to1                                    , 0.30     , 0.30     , 0.30     , 0.000    , creation       , computed creation        ,                                                                                                 
Oby                    , createComputations1to2                                       , 87.58    , 87.58    , 87.58    , 0.000    , creation       , computed creation        ,                                                                                                 
Oby                    , createComputations1to4                                       , 134.78   , 134.78   , 134.78   , 0.000    , creation       , computed creation        ,                                                                                                 
Oby                    , createComputations1to8                                       , 187.71   , 187.71   , 187.71   , 0.000    , creation       , computed creation        ,                                                                                                 
Oby                    , createComputations1to1000                                    , 152.06   , 152.06   , 152.06   , 0.000    , creation       , computed creation        ,                                                                                                 
Oby                    , updateComputations1to1                                       , 26.64    , 26.64    , 26.64    , 0.000    , update         , stable update            ,                                                                                                 
Oby                    , updateComputations2to1                                       , 10.12    , 10.12    , 10.12    , 0.000    , update         , stable update            ,                                                                                                 
Oby                    , updateComputations4to1                                       , 8.12     , 8.12     , 8.12     , 0.000    , update         , stable update            ,                                                                                                 
Oby                    , updateComputations1000to1                                    , 0.40     , 0.40     , 0.40     , 0.000    , update         , stable update            ,                                                                                                 
Oby                    , updateComputations1to2                                       , 13.40    , 13.40    , 13.40    , 0.000    , update         , stable update            ,                                                                                                 
Oby                    , updateComputations1to4                                       , 5.48     , 5.48     , 5.48     , 0.000    , update         , stable update            ,                                                                                                 
Oby                    , updateComputations1to1000                                    , 0.63     , 0.63     , 0.63     , 0.000    , update         , stable update            ,                                                                                                 
Oby                    , 64x6 - 4 sources - dynamic - read 12% (dashboard selective r , 1523.66  , 1523.66  , 1523.66  , 0.000    , dynamic        , dynamic rectangular DAG  , nodesRecomputed=2642029 nodesVisited=2642029 edgesTraversed=10568081 sinkReads=960008           
Oby                    , 24x8 - 3 sources - dynamic - read 40% (editor derived state) , 3730.94  , 3730.94  , 3730.94  , 0.000    , dynamic        , dynamic rectangular DAG  , nodesRecomputed=4736332 nodesVisited=4736332 edgesTraversed=14208887 sinkReads=900010           
Oby                    , 120x7 - 5 sources - dynamic - read 18% (kanban board)        , 1332.06  , 1332.06  , 1332.06  , 0.000    , dynamic        , dynamic rectangular DAG  , nodesRecomputed=1765496 nodesVisited=1765496 edgesTraversed=8827231 sinkReads=660022            
Oby                    , 40x10 - 4 sources - dynamic - read 60% (entity detail page)  , 2003.44  , 2003.44  , 2003.44  , 0.000    , dynamic        , dynamic rectangular DAG  , nodesRecomputed=3984210 nodesVisited=3984210 edgesTraversed=15936789 sinkReads=720024           
Oby                    , 256->512x32 - fanIn 4 - layered-dag - 4 sources (layered ful , 539.68   , 539.68   , 539.68   , 0.000    , large_graph    , layered DAG              , nodesRecomputed=249624 nodesVisited=249624 edgesTraversed=998496 sinkReads=61952                
Oby                    , 256->512x32 - fanIn 4 - layered-dag - 4 sources - warm 320 ( , 390.40   , 390.40   , 390.40   , 0.000    , large_graph    , layered DAG              , nodesRecomputed=235200 nodesVisited=235200 edgesTraversed=940800 sinkReads=61952                
Oby                    , 256->512x32 - fanIn 8 - layered-dag - 8 sources - burst 16 - , 3475.59  , 3475.59  , 3475.59  , 0.000    , large_graph    , layered DAG              , nodesRecomputed=1529088 nodesVisited=1529088 edgesTraversed=12232704 sinkReads=49664            
Oby                    , 256->512x32 - fanIn 8 - diamond-mesh - 8 sources - warm 256  , 25.25    , 25.25    , 25.25    , 0.000    , large_graph    , diamond mesh             , nodesRecomputed=24576 nodesVisited=24576 edgesTraversed=196608 sinkReads=49664                  
Oby                    , 32x8 - 4 sources - pull (pure pull)                          , 54.12    , 54.12    , 54.12    , 0.000    , pull           , stable rectangular DAG   , nodesRecomputed=224 nodesVisited=224 edgesTraversed=896 sinkReads=32                            
Oby                    , 8x64 - 1 sources - pull (linear chain - 1 source - pull (lin , 45.91    , 45.91    , 45.91    , 0.000    , pull           , stable rectangular DAG   , nodesRecomputed=504 nodesVisited=504 edgesTraversed=504 sinkReads=8                             
Oby                    , 64x4 - 8 sources - pull (wide tree - 8 sources - pull (branc , 43.56    , 43.56    , 43.56    , 0.000    , pull           , stable rectangular DAG   , nodesRecomputed=192 nodesVisited=192 edgesTraversed=1536 sinkReads=64                           
Oby                    , 32x8 - 4 sources - push (pure push)                          , 590.18   , 590.18   , 590.18   , 0.000    , pull           , stable rectangular DAG   , nodesRecomputed=910133 nodesVisited=910133 edgesTraversed=3640532 sinkReads=220042              
Oby                    , 10x5 - 2 sources - read 20% (simple component)               , 975.49   , 975.49   , 975.49   , 0.000    , pull           , stable rectangular DAG   , nodesRecomputed=3180010 nodesVisited=3180010 edgesTraversed=6360020 sinkReads=1200002           
Oby                    , 10x10 - 6 sources - dynamic - read 20% (dynamic component)   , 700.01   , 700.01   , 700.01   , 0.000    , dynamic        , dynamic rectangular DAG  , nodesRecomputed=1140004 nodesVisited=1140004 edgesTraversed=6839936 sinkReads=30002             
Oby                    , 1000x12 - 4 sources - dynamic (large web app)                , 1050.90  , 1050.90  , 1050.90  , 0.000    , dynamic        , dynamic rectangular DAG  , nodesRecomputed=1473786 nodesVisited=1473786 edgesTraversed=5891713 sinkReads=7001000           
Oby                    , 1000x5 - 25 sources (wide dense)                             , 1661.30  , 1661.30  , 1661.30  , 0.000    , pull           , stable rectangular DAG   , nodesRecomputed=735756 nodesVisited=735756 edgesTraversed=18393900 sinkReads=3001000            
Oby                    , 5x500 - 3 sources (deep)                                     , 1054.98  , 1054.98  , 1054.98  , 0.000    , pull           , stable rectangular DAG   , nodesRecomputed=1246502 nodesVisited=1246502 edgesTraversed=3739506 sinkReads=2505              
Signia                 , avoidablePropagation                                         , 1402.62  , 1402.62  , 1402.62  , 0.000    , baseline       , selective propagation    ,                                                                                                 
Signia                 , broadPropagation                                             , 1590.80  , 1590.80  , 1590.80  , 0.000    , baseline       , wide fan-out             ,                                                                                                 
Signia                 , deepPropagation                                              , 696.22   , 696.22   , 696.22   , 0.000    , pull           , linear chain             ,                                                                                                 
Signia                 , diamond                                                      , 1053.91  , 1053.91  , 1053.91  , 0.000    , baseline       , diamond                  ,                                                                                                 
Signia                 , mux                                                          , 1288.93  , 1288.93  , 1288.93  , 0.000    , dynamic        , dynamic branch           ,                                                                                                 
Signia                 , repeatedObservers                                            , 178.18   , 178.18   , 178.18   , 0.000    , baseline       , duplicate observer       ,                                                                                                 
Signia                 , triangle                                                     , 317.94   , 317.94   , 317.94   , 0.000    , baseline       , glitch-free triangle     ,                                                                                                 
Signia                 , unstable                                                     , 225.40   , 225.40   , 225.40   , 0.000    , dynamic        , dynamic dependency churn ,                                                                                                 
Signia                 , manyEffectsFromOneSource                                     , 716.64   , 716.64   , 716.64   , 0.000    , push           , wide fan-out             , checksum=180075672000                                                                           
Signia                 , manySourcesIntoOneComputedEffectWithDirect                   , 486.22   , 486.22   , 486.22   , 0.000    , pull           , wide fan-in              , checksum=1372929289844                                                                          
Signia                 , manySourcesIntoOneComputedEffect                             , 659.03   , 659.03   , 659.03   , 0.000    , pull           , wide fan-in              , checksum=1331323690944                                                                          
Signia                 , manySourcesIntoOneDirectEffect                               , 111.28   , 111.28   , 111.28   , 0.000    , pull           , wide fan-in              , checksum=41605598900                                                                            
Signia                 , molBench                                                     , 541.21   , 541.21   , 541.21   , 0.000    , dynamic        , mixed app graph          ,                                                                                                 
Signia                 , createDataSignals                                            , 18.66    , 18.66    , 18.66    , 0.000    , creation       , signal creation          ,                                                                                                 
Signia                 , createComputations0to1                                       , 13.37    , 13.37    , 13.37    , 0.000    , creation       , computed creation        ,                                                                                                 
Signia                 , createComputations1to1                                       , 28.54    , 28.54    , 28.54    , 0.000    , creation       , computed creation        ,                                                                                                 
Signia                 , createComputations2to1                                       , 18.98    , 18.98    , 18.98    , 0.000    , creation       , computed creation        ,                                                                                                 
Signia                 , createComputations4to1                                       , 13.53    , 13.53    , 13.53    , 0.000    , creation       , computed creation        ,                                                                                                 
Signia                 , createComputations1000to1                                    , 0.13     , 0.13     , 0.13     , 0.000    , creation       , computed creation        ,                                                                                                 
Signia                 , createComputations1to2                                       , 19.50    , 19.50    , 19.50    , 0.000    , creation       , computed creation        ,                                                                                                 
Signia                 , createComputations1to4                                       , 15.66    , 15.66    , 15.66    , 0.000    , creation       , computed creation        ,                                                                                                 
Signia                 , createComputations1to8                                       , 18.47    , 18.47    , 18.47    , 0.000    , creation       , computed creation        ,                                                                                                 
Signia                 , createComputations1to1000                                    , 15.44    , 15.44    , 15.44    , 0.000    , creation       , computed creation        ,                                                                                                 
Signia                 , updateComputations1to1                                       , 27.46    , 27.46    , 27.46    , 0.000    , update         , stable update            ,                                                                                                 
Signia                 , updateComputations2to1                                       , 13.31    , 13.31    , 13.31    , 0.000    , update         , stable update            ,                                                                                                 
Signia                 , updateComputations4to1                                       , 18.29    , 18.29    , 18.29    , 0.000    , update         , stable update            ,                                                                                                 
Signia                 , updateComputations1000to1                                    , 0.69     , 0.69     , 0.69     , 0.000    , update         , stable update            ,                                                                                                 
Signia                 , updateComputations1to2                                       , 21.16    , 21.16    , 21.16    , 0.000    , update         , stable update            ,                                                                                                 
Signia                 , updateComputations1to4                                       , 17.81    , 17.81    , 17.81    , 0.000    , update         , stable update            ,                                                                                                 
Signia                 , updateComputations1to1000                                    , 0.44     , 0.44     , 0.44     , 0.000    , update         , stable update            ,                                                                                                 
Signia                 , 64x6 - 4 sources - dynamic - read 12% (dashboard selective r , 1645.45  , 1645.45  , 1645.45  , 0.000    , dynamic        , dynamic rectangular DAG  , nodesRecomputed=2642029 nodesVisited=2642029 edgesTraversed=10568081 sinkReads=960008           
Signia                 , 24x8 - 3 sources - dynamic - read 40% (editor derived state) , 1516.44  , 1516.44  , 1516.44  , 0.000    , dynamic        , dynamic rectangular DAG  , nodesRecomputed=4736332 nodesVisited=4736332 edgesTraversed=14208887 sinkReads=900010           
Signia                 , 120x7 - 5 sources - dynamic - read 18% (kanban board)        , 1917.19  , 1917.19  , 1917.19  , 0.000    , dynamic        , dynamic rectangular DAG  , nodesRecomputed=1765496 nodesVisited=1765496 edgesTraversed=8827231 sinkReads=660022            
Signia                 , 40x10 - 4 sources - dynamic - read 60% (entity detail page)  , 1962.86  , 1962.86  , 1962.86  , 0.000    , dynamic        , dynamic rectangular DAG  , nodesRecomputed=3984210 nodesVisited=3984210 edgesTraversed=15936789 sinkReads=720024           
Signia                 , 256->512x32 - fanIn 4 - layered-dag - 4 sources (layered ful , 1012.68  , 1012.68  , 1012.68  , 0.000    , large_graph    , layered DAG              , nodesRecomputed=249624 nodesVisited=249624 edgesTraversed=998496 sinkReads=61952                
Signia                 , 256->512x32 - fanIn 4 - layered-dag - 4 sources - warm 320 ( , 902.36   , 902.36   , 902.36   , 0.000    , large_graph    , layered DAG              , nodesRecomputed=235200 nodesVisited=235200 edgesTraversed=940800 sinkReads=61952                
Signia                 , 256->512x32 - fanIn 8 - layered-dag - 8 sources - burst 16 - , 1758.00  , 1758.00  , 1758.00  , 0.000    , large_graph    , layered DAG              , nodesRecomputed=1529088 nodesVisited=1529088 edgesTraversed=12232704 sinkReads=49664            
Signia                 , 256->512x32 - fanIn 8 - diamond-mesh - 8 sources - warm 256  , 329.35   , 329.35   , 329.35   , 0.000    , large_graph    , diamond mesh             , nodesRecomputed=24576 nodesVisited=24576 edgesTraversed=196608 sinkReads=49664                  
Signia                 , 32x8 - 4 sources - pull (pure pull)                          , 36.08    , 36.08    , 36.08    , 0.000    , pull           , stable rectangular DAG   , nodesRecomputed=224 nodesVisited=224 edgesTraversed=896 sinkReads=32                            
Signia                 , 8x64 - 1 sources - pull (linear chain - 1 source - pull (lin , 61.50    , 61.50    , 61.50    , 0.000    , pull           , stable rectangular DAG   , nodesRecomputed=504 nodesVisited=504 edgesTraversed=504 sinkReads=8                             
Signia                 , 64x4 - 8 sources - pull (wide tree - 8 sources - pull (branc , 33.37    , 33.37    , 33.37    , 0.000    , pull           , stable rectangular DAG   , nodesRecomputed=192 nodesVisited=192 edgesTraversed=1536 sinkReads=64                           
Signia                 , 32x8 - 4 sources - push (pure push)                          , 496.70   , 496.70   , 496.70   , 0.000    , pull           , stable rectangular DAG   , nodesRecomputed=910133 nodesVisited=910133 edgesTraversed=3640532 sinkReads=220010              
Signia                 , 10x5 - 2 sources - read 20% (simple component)               , 704.00   , 704.00   , 704.00   , 0.000    , pull           , stable rectangular DAG   , nodesRecomputed=3180010 nodesVisited=3180010 edgesTraversed=6360020 sinkReads=1200002           
Signia                 , 10x10 - 6 sources - dynamic - read 20% (dynamic component)   , 436.81   , 436.81   , 436.81   , 0.000    , dynamic        , dynamic rectangular DAG  , nodesRecomputed=1140004 nodesVisited=1140004 edgesTraversed=6839936 sinkReads=30002             
Signia                 , 1000x12 - 4 sources - dynamic (large web app)                , 10632.88 , 10632.88 , 10632.88 , 0.000    , dynamic        , dynamic rectangular DAG  , nodesRecomputed=1473786 nodesVisited=1473786 edgesTraversed=5891713 sinkReads=7001000           
Signia                 , 1000x5 - 25 sources (wide dense)                             , 4776.20  , 4776.20  , 4776.20  , 0.000    , pull           , stable rectangular DAG   , nodesRecomputed=735756 nodesVisited=735756 edgesTraversed=18393900 sinkReads=3001000            
Signia                 , 5x500 - 3 sources (deep)                                     , 466.24   , 466.24   , 466.24   , 0.000    , pull           , stable rectangular DAG   , nodesRecomputed=1246502 nodesVisited=1246502 edgesTraversed=3739506 sinkReads=2505              
@solidjs/signals       , avoidablePropagation                                         , 2061.63  , 2061.63  , 2061.63  , 0.000    , baseline       , selective propagation    ,                                                                                                 
@solidjs/signals       , broadPropagation                                             , 3466.18  , 3466.18  , 3466.18  , 0.000    , baseline       , wide fan-out             ,                                                                                                 
@solidjs/signals       , deepPropagation                                              , 1054.47  , 1054.47  , 1054.47  , 0.000    , pull           , linear chain             ,                                                                                                 
@solidjs/signals       , diamond                                                      , 2810.30  , 2810.30  , 2810.30  , 0.000    , baseline       , diamond                  ,                                                                                                 
@solidjs/signals       , mux                                                          , 1412.96  , 1412.96  , 1412.96  , 0.000    , dynamic        , dynamic branch           ,                                                                                                 
@solidjs/signals       , repeatedObservers                                            , 683.68   , 683.68   , 683.68   , 0.000    , baseline       , duplicate observer       ,                                                                                                 
@solidjs/signals       , triangle                                                     , 1066.33  , 1066.33  , 1066.33  , 0.000    , baseline       , glitch-free triangle     ,                                                                                                 
@solidjs/signals       , unstable                                                     , 829.37   , 829.37   , 829.37   , 0.000    , dynamic        , dynamic dependency churn ,                                                                                                 
@solidjs/signals       , manyEffectsFromOneSource                                     , 2722.40  , 2722.40  , 2722.40  , 0.000    , push           , wide fan-out             , checksum=180075672000                                                                           
@solidjs/signals       , manySourcesIntoOneComputedEffectWithDirect                   , 757.81   , 757.81   , 757.81   , 0.000    , pull           , wide fan-in              , checksum=1372929289844                                                                          
@solidjs/signals       , manySourcesIntoOneComputedEffect                             , 626.70   , 626.70   , 626.70   , 0.000    , pull           , wide fan-in              , checksum=1331323690944                                                                          
@solidjs/signals       , manySourcesIntoOneDirectEffect                               , 225.32   , 225.32   , 225.32   , 0.000    , pull           , wide fan-in              , checksum=41605598900                                                                            
@solidjs/signals       , molBench                                                     , 827.12   , 827.12   , 827.12   , 0.000    , dynamic        , mixed app graph          ,                                                                                                 
@solidjs/signals       , createDataSignals                                            , 14.75    , 14.75    , 14.75    , 0.000    , creation       , signal creation          ,                                                                                                 
@solidjs/signals       , createComputations0to1                                       , 74.91    , 74.91    , 74.91    , 0.000    , creation       , computed creation        ,                                                                                                 
@solidjs/signals       , createComputations1to1                                       , 62.59    , 62.59    , 62.59    , 0.000    , creation       , computed creation        ,                                                                                                 
@solidjs/signals       , createComputations2to1                                       , 65.90    , 65.90    , 65.90    , 0.000    , creation       , computed creation        ,                                                                                                 
@solidjs/signals       , createComputations4to1                                       , 52.08    , 52.08    , 52.08    , 0.000    , creation       , computed creation        ,                                                                                                 
@solidjs/signals       , createComputations1000to1                                    , 57.25    , 57.25    , 57.25    , 0.000    , creation       , computed creation        ,                                                                                                 
@solidjs/signals       , createComputations1to2                                       , 97.47    , 97.47    , 97.47    , 0.000    , creation       , computed creation        ,                                                                                                 
@solidjs/signals       , createComputations1to4                                       , 86.15    , 86.15    , 86.15    , 0.000    , creation       , computed creation        ,                                                                                                 
@solidjs/signals       , createComputations1to8                                       , 115.28   , 115.28   , 115.28   , 0.000    , creation       , computed creation        ,                                                                                                 
@solidjs/signals       , createComputations1to1000                                    , 91.24    , 91.24    , 91.24    , 0.000    , creation       , computed creation        ,                                                                                                 
@solidjs/signals       , updateComputations1to1                                       , 17.99    , 17.99    , 17.99    , 0.000    , update         , stable update            ,                                                                                                 
@solidjs/signals       , updateComputations2to1                                       , 13.19    , 13.19    , 13.19    , 0.000    , update         , stable update            ,                                                                                                 
@solidjs/signals       , updateComputations4to1                                       , 7.11     , 7.11     , 7.11     , 0.000    , update         , stable update            ,                                                                                                 
@solidjs/signals       , updateComputations1000to1                                    , 0.83     , 0.83     , 0.83     , 0.000    , update         , stable update            ,                                                                                                 
@solidjs/signals       , updateComputations1to2                                       , 13.68    , 13.68    , 13.68    , 0.000    , update         , stable update            ,                                                                                                 
@solidjs/signals       , updateComputations1to4                                       , 13.10    , 13.10    , 13.10    , 0.000    , update         , stable update            ,                                                                                                 
@solidjs/signals       , updateComputations1to1000                                    , 10.40    , 10.40    , 10.40    , 0.000    , update         , stable update            ,                                                                                                 
@solidjs/signals       , 64x6 - 4 sources - dynamic - read 12% (dashboard selective r , 3899.60  , 3899.60  , 3899.60  , 0.000    , dynamic        , dynamic rectangular DAG  , nodesRecomputed=6000270 nodesVisited=6000270 edgesTraversed=24001017 sinkReads=960008 fallbackCo
@solidjs/signals       , 24x8 - 3 sources - dynamic - read 40% (editor derived state) , 3116.88  , 3116.88  , 3116.88  , 0.000    , dynamic        , dynamic rectangular DAG  , nodesRecomputed=5670087 nodesVisited=5670087 edgesTraversed=17010146 sinkReads=900010 fallbackCo
@solidjs/signals       , 120x7 - 5 sources - dynamic - read 18% (kanban board)        , 1992.77  , 1992.77  , 1992.77  , 0.000    , dynamic        , dynamic rectangular DAG  , nodesRecomputed=2700620 nodesVisited=2700620 edgesTraversed=13502767 sinkReads=660022 fallbackCo
@solidjs/signals       , 40x10 - 4 sources - dynamic - read 60% (entity detail page)  , 2719.45  , 2719.45  , 2719.45  , 0.000    , dynamic        , dynamic rectangular DAG  , nodesRecomputed=4320213 nodesVisited=4320213 edgesTraversed=17280788 sinkReads=720024 fallbackCo
@solidjs/signals       , 256->512x32 - fanIn 4 - layered-dag - 4 sources (layered ful , 461.72   , 461.72   , 461.72   , 0.000    , large_graph    , layered DAG              , nodesRecomputed=233240 nodesVisited=233240 edgesTraversed=932960 sinkReads=61952 fallbackCount=0
@solidjs/signals       , 256->512x32 - fanIn 4 - layered-dag - 4 sources - warm 320 ( , 348.79   , 348.79   , 348.79   , 0.000    , large_graph    , layered DAG              , nodesRecomputed=235200 nodesVisited=235200 edgesTraversed=940800 sinkReads=61952 fallbackCount=0
@solidjs/signals       , 256->512x32 - fanIn 8 - layered-dag - 8 sources - burst 16 - , 3242.66  , 3242.66  , 3242.66  , 0.000    , large_graph    , layered DAG              , nodesRecomputed=1529088 nodesVisited=1529088 edgesTraversed=12232704 sinkReads=49664 fallbackCou
@solidjs/signals       , 256->512x32 - fanIn 8 - diamond-mesh - 8 sources - warm 256  , 51.05    , 51.05    , 51.05    , 0.000    , large_graph    , diamond mesh             , nodesRecomputed=24576 nodesVisited=24576 edgesTraversed=196608 sinkReads=49664 fallbackCount=0 h
@solidjs/signals       , 32x8 - 4 sources - pull (pure pull)                          , 62.78    , 62.78    , 62.78    , 0.000    , pull           , stable rectangular DAG   , nodesRecomputed=448 nodesVisited=448 edgesTraversed=1792 sinkReads=32 fallbackCount=0 heightAdju
@solidjs/signals       , 8x64 - 1 sources - pull (linear chain - 1 source - pull (lin , 70.11    , 70.11    , 70.11    , 0.000    , pull           , stable rectangular DAG   , nodesRecomputed=1008 nodesVisited=1008 edgesTraversed=1008 sinkReads=8 fallbackCount=0 heightAdj
@solidjs/signals       , 64x4 - 8 sources - pull (wide tree - 8 sources - pull (branc , 74.26    , 74.26    , 74.26    , 0.000    , pull           , stable rectangular DAG   , nodesRecomputed=384 nodesVisited=384 edgesTraversed=3072 sinkReads=64 fallbackCount=0 heightAdju
@solidjs/signals       , 32x8 - 4 sources - push (pure push)                          , 1086.55  , 1086.55  , 1086.55  , 0.000    , pull           , stable rectangular DAG   , nodesRecomputed=910133 nodesVisited=910133 edgesTraversed=3640532 sinkReads=220010 fallbackCount
@solidjs/signals       , 10x5 - 2 sources - read 20% (simple component)               , 4321.75  , 4321.75  , 4321.75  , 0.000    , pull           , stable rectangular DAG   , nodesRecomputed=8400026 nodesVisited=8400026 edgesTraversed=16800052 sinkReads=1200002 fallbackC
@solidjs/signals       , 10x10 - 6 sources - dynamic - read 20% (dynamic component)   , 947.92   , 947.92   , 947.92   , 0.000    , dynamic        , dynamic rectangular DAG  , nodesRecomputed=1290004 nodesVisited=1290004 edgesTraversed=7739922 sinkReads=30002 fallbackCoun
@solidjs/signals       , 1000x12 - 4 sources - dynamic (large web app)                , 1343.71  , 1343.71  , 1343.71  , 0.000    , dynamic        , dynamic rectangular DAG  , nodesRecomputed=1473786 nodesVisited=1473786 edgesTraversed=5891713 sinkReads=7001000 fallbackCo
@solidjs/signals       , 1000x5 - 25 sources (wide dense)                             , 2152.02  , 2152.02  , 2152.02  , 0.000    , pull           , stable rectangular DAG   , nodesRecomputed=735756 nodesVisited=735756 edgesTraversed=18393900 sinkReads=3001000 fallbackCou
@solidjs/signals       , 5x500 - 3 sources (deep)                                     , 959.33   , 959.33   , 959.33   , 0.000    , pull           , stable rectangular DAG   , nodesRecomputed=1246502 nodesVisited=1246502 edgesTraversed=3739506 sinkReads=2505 fallbackCount
SolidJS                , avoidablePropagation                                         , 1694.88  , 1694.88  , 1694.88  , 0.000    , baseline       , selective propagation    ,                                                                                                 
SolidJS                , broadPropagation                                             , 2530.16  , 2530.16  , 2530.16  , 0.000    , baseline       , wide fan-out             ,                                                                                                 
SolidJS                , deepPropagation                                              , 1218.24  , 1218.24  , 1218.24  , 0.000    , pull           , linear chain             ,                                                                                                 
SolidJS                , diamond                                                      , 1707.81  , 1707.81  , 1707.81  , 0.000    , baseline       , diamond                  ,                                                                                                 
SolidJS                , mux                                                          , 1696.36  , 1696.36  , 1696.36  , 0.000    , dynamic        , dynamic branch           ,                                                                                                 
SolidJS                , repeatedObservers                                            , 306.78   , 306.78   , 306.78   , 0.000    , baseline       , duplicate observer       ,                                                                                                 
SolidJS                , triangle                                                     , 583.68   , 583.68   , 583.68   , 0.000    , baseline       , glitch-free triangle     ,                                                                                                 
SolidJS                , unstable                                                     , 407.13   , 407.13   , 407.13   , 0.000    , dynamic        , dynamic dependency churn ,                                                                                                 
SolidJS                , manyEffectsFromOneSource                                     , 991.41   , 991.41   , 991.41   , 0.000    , push           , wide fan-out             , checksum=180075672000                                                                           
SolidJS                , manySourcesIntoOneComputedEffectWithDirect                   , 1385.06  , 1385.06  , 1385.06  , 0.000    , pull           , wide fan-in              , checksum=1372929289844                                                                          
SolidJS                , manySourcesIntoOneComputedEffect                             , 1383.21  , 1383.21  , 1383.21  , 0.000    , pull           , wide fan-in              , checksum=1331323690944                                                                          
SolidJS                , manySourcesIntoOneDirectEffect                               , 159.37   , 159.37   , 159.37   , 0.000    , pull           , wide fan-in              , checksum=41605598900                                                                            
SolidJS                , molBench                                                     , 825.85   , 825.85   , 825.85   , 0.000    , dynamic        , mixed app graph          ,                                                                                                 
SolidJS                , createDataSignals                                            , 19.81    , 19.81    , 19.81    , 0.000    , creation       , signal creation          ,                                                                                                 
SolidJS                , createComputations0to1                                       , 20.71    , 20.71    , 20.71    , 0.000    , creation       , computed creation        ,                                                                                                 
SolidJS                , createComputations1to1                                       , 28.66    , 28.66    , 28.66    , 0.000    , creation       , computed creation        ,                                                                                                 
SolidJS                , createComputations2to1                                       , 123.37   , 123.37   , 123.37   , 0.000    , creation       , computed creation        ,                                                                                                 
SolidJS                , createComputations4to1                                       , 28.83    , 28.83    , 28.83    , 0.000    , creation       , computed creation        ,                                                                                                 
SolidJS                , createComputations1000to1                                    , 24.49    , 24.49    , 24.49    , 0.000    , creation       , computed creation        ,                                                                                                 
SolidJS                , createComputations1to2                                       , 119.33   , 119.33   , 119.33   , 0.000    , creation       , computed creation        ,                                                                                                 
SolidJS                , createComputations1to4                                       , 95.96    , 95.96    , 95.96    , 0.000    , creation       , computed creation        ,                                                                                                 
SolidJS                , createComputations1to8                                       , 60.21    , 60.21    , 60.21    , 0.000    , creation       , computed creation        ,                                                                                                 
SolidJS                , createComputations1to1000                                    , 87.33    , 87.33    , 87.33    , 0.000    , creation       , computed creation        ,                                                                                                 
SolidJS                , updateComputations1to1                                       , 194.21   , 194.21   , 194.21   , 0.000    , update         , stable update            ,                                                                                                 
SolidJS                , updateComputations2to1                                       , 117.40   , 117.40   , 117.40   , 0.000    , update         , stable update            ,                                                                                                 
SolidJS                , updateComputations4to1                                       , 88.96    , 88.96    , 88.96    , 0.000    , update         , stable update            ,                                                                                                 
SolidJS                , updateComputations1000to1                                    , 188.16   , 188.16   , 188.16   , 0.000    , update         , stable update            ,                                                                                                 
SolidJS                , updateComputations1to2                                       , 93.25    , 93.25    , 93.25    , 0.000    , update         , stable update            ,                                                                                                 
SolidJS                , updateComputations1to4                                       , 76.60    , 76.60    , 76.60    , 0.000    , update         , stable update            ,                                                                                                 
SolidJS                , updateComputations1to1000                                    , 76.48    , 76.48    , 76.48    , 0.000    , update         , stable update            ,                                                                                                 
SolidJS                , 64x6 - 4 sources - dynamic - read 12% (dashboard selective r , 3328.37  , 3328.37  , 3328.37  , 0.000    , dynamic        , dynamic rectangular DAG  , nodesRecomputed=6000270 nodesVisited=6000270 edgesTraversed=24001017 sinkReads=960008           
SolidJS                , 24x8 - 3 sources - dynamic - read 40% (editor derived state) , 2882.70  , 2882.70  , 2882.70  , 0.000    , dynamic        , dynamic rectangular DAG  , nodesRecomputed=5670087 nodesVisited=5670087 edgesTraversed=17010146 sinkReads=900010           
SolidJS                , 120x7 - 5 sources - dynamic - read 18% (kanban board)        , 1916.41  , 1916.41  , 1916.41  , 0.000    , dynamic        , dynamic rectangular DAG  , nodesRecomputed=2700620 nodesVisited=2700620 edgesTraversed=13502767 sinkReads=660022           
SolidJS                , 40x10 - 4 sources - dynamic - read 60% (entity detail page)  , 2748.36  , 2748.36  , 2748.36  , 0.000    , dynamic        , dynamic rectangular DAG  , nodesRecomputed=4320213 nodesVisited=4320213 edgesTraversed=17280788 sinkReads=720024           
SolidJS                , 256->512x32 - fanIn 4 - layered-dag - 4 sources (layered ful , 406.52   , 406.52   , 406.52   , 0.000    , large_graph    , layered DAG              , nodesRecomputed=233240 nodesVisited=233240 edgesTraversed=932960 sinkReads=61952                
SolidJS                , 256->512x32 - fanIn 4 - layered-dag - 4 sources - warm 320 ( , 469.94   , 469.94   , 469.94   , 0.000    , large_graph    , layered DAG              , nodesRecomputed=235200 nodesVisited=235200 edgesTraversed=940800 sinkReads=61952                
SolidJS                , 256->512x32 - fanIn 8 - layered-dag - 8 sources - burst 16 - , 3708.30  , 3708.30  , 3708.30  , 0.000    , large_graph    , layered DAG              , nodesRecomputed=1529088 nodesVisited=1529088 edgesTraversed=12232704 sinkReads=49664            
SolidJS                , 256->512x32 - fanIn 8 - diamond-mesh - 8 sources - warm 256  , 24.26    , 24.26    , 24.26    , 0.000    , large_graph    , diamond mesh             , nodesRecomputed=24576 nodesVisited=24576 edgesTraversed=196608 sinkReads=49664                  
SolidJS                , 32x8 - 4 sources - pull (pure pull)                          , 556.20   , 556.20   , 556.20   , 0.000    , pull           , stable rectangular DAG   , nodesRecomputed=910133 nodesVisited=910133 edgesTraversed=3640532 sinkReads=32                  
SolidJS                , 8x64 - 1 sources - pull (linear chain - 1 source - pull (lin , 316.94   , 316.94   , 316.94   , 0.000    , pull           , stable rectangular DAG   , nodesRecomputed=630441 nodesVisited=630441 edgesTraversed=630441 sinkReads=8                    
SolidJS                , 64x4 - 8 sources - pull (wide tree - 8 sources - pull (branc , 423.55   , 423.55   , 423.55   , 0.000    , pull           , stable rectangular DAG   , nodesRecomputed=450147 nodesVisited=450147 edgesTraversed=3601176 sinkReads=64                  
SolidJS                , 32x8 - 4 sources - push (pure push)                          , 684.45   , 684.45   , 684.45   , 0.000    , pull           , stable rectangular DAG   , nodesRecomputed=910133 nodesVisited=910133 edgesTraversed=3640532 sinkReads=220010              
SolidJS                , 10x5 - 2 sources - read 20% (simple component)               , 2919.42  , 2919.42  , 2919.42  , 0.000    , pull           , stable rectangular DAG   , nodesRecomputed=8400026 nodesVisited=8400026 edgesTraversed=16800052 sinkReads=1200002          
SolidJS                , 10x10 - 6 sources - dynamic - read 20% (dynamic component)   , 1225.14  , 1225.14  , 1225.14  , 0.000    , dynamic        , dynamic rectangular DAG  , nodesRecomputed=1290004 nodesVisited=1290004 edgesTraversed=7739922 sinkReads=30002             
SolidJS                , 1000x12 - 4 sources - dynamic (large web app)                , 1267.05  , 1267.05  , 1267.05  , 0.000    , dynamic        , dynamic rectangular DAG  , nodesRecomputed=1473786 nodesVisited=1473786 edgesTraversed=5891713 sinkReads=7001000           
SolidJS                , 1000x5 - 25 sources (wide dense)                             , 2553.43  , 2553.43  , 2553.43  , 0.000    , pull           , stable rectangular DAG   , nodesRecomputed=735756 nodesVisited=735756 edgesTraversed=18393900 sinkReads=3001000            
SolidJS                , 5x500 - 3 sources (deep)                                     , 1170.97  , 1170.97  , 1170.97  , 0.000    , pull           , stable rectangular DAG   , nodesRecomputed=1246502 nodesVisited=1246502 edgesTraversed=3739506 sinkReads=2505              
uSignal                , avoidablePropagation                                         , 1682.39  , 1682.39  , 1682.39  , 0.000    , baseline       , selective propagation    ,                                                                                                 
uSignal                , broadPropagation                                             , 1650.23  , 1650.23  , 1650.23  , 0.000    , baseline       , wide fan-out             ,                                                                                                 
uSignal                , deepPropagation                                              , 650.87   , 650.87   , 650.87   , 0.000    , pull           , linear chain             ,                                                                                                 
uSignal                , diamond                                                      , 1085.74  , 1085.74  , 1085.74  , 0.000    , baseline       , diamond                  ,                                                                                                 
uSignal                , mux                                                          , 1994.61  , 1994.61  , 1994.61  , 0.000    , dynamic        , dynamic branch           ,                                                                                                 
uSignal                , repeatedObservers                                            , 182.06   , 182.06   , 182.06   , 0.000    , baseline       , duplicate observer       ,                                                                                                 
uSignal                , triangle                                                     , 427.05   , 427.05   , 427.05   , 0.000    , baseline       , glitch-free triangle     ,                                                                                                 
uSignal                , unstable                                                     , 218.24   , 218.24   , 218.24   , 0.000    , dynamic        , dynamic dependency churn ,                                                                                                 
uSignal                , manyEffectsFromOneSource                                     , 1094.81  , 1094.81  , 1094.81  , 0.000    , push           , wide fan-out             , checksum=180075672000                                                                           
uSignal                , manySourcesIntoOneComputedEffectWithDirect                   , 552.85   , 552.85   , 552.85   , 0.000    , pull           , wide fan-in              , checksum=1372929289844                                                                          
uSignal                , manySourcesIntoOneComputedEffect                             , 506.60   , 506.60   , 506.60   , 0.000    , pull           , wide fan-in              , checksum=1331323690944                                                                          
uSignal                , manySourcesIntoOneDirectEffect                               , 98.38    , 98.38    , 98.38    , 0.000    , pull           , wide fan-in              , checksum=41605598900                                                                            
uSignal                , molBench                                                     , 1300.08  , 1300.08  , 1300.08  , 0.000    , dynamic        , mixed app graph          ,                                                                                                 
uSignal                , createDataSignals                                            , 28.90    , 28.90    , 28.90    , 0.000    , creation       , signal creation          ,                                                                                                 
uSignal                , createComputations0to1                                       , 14.62    , 14.62    , 14.62    , 0.000    , creation       , computed creation        ,                                                                                                 
uSignal                , createComputations1to1                                       , 18.33    , 18.33    , 18.33    , 0.000    , creation       , computed creation        ,                                                                                                 
uSignal                , createComputations2to1                                       , 10.87    , 10.87    , 10.87    , 0.000    , creation       , computed creation        ,                                                                                                 
uSignal                , createComputations4to1                                       , 10.92    , 10.92    , 10.92    , 0.000    , creation       , computed creation        ,                                                                                                 
uSignal                , createComputations1000to1                                    , 0.11     , 0.11     , 0.11     , 0.000    , creation       , computed creation        ,                                                                                                 
uSignal                , createComputations1to2                                       , 17.06    , 17.06    , 17.06    , 0.000    , creation       , computed creation        ,                                                                                                 
uSignal                , createComputations1to4                                       , 19.61    , 19.61    , 19.61    , 0.000    , creation       , computed creation        ,                                                                                                 
uSignal                , createComputations1to8                                       , 21.34    , 21.34    , 21.34    , 0.000    , creation       , computed creation        ,                                                                                                 
uSignal                , createComputations1to1000                                    , 20.61    , 20.61    , 20.61    , 0.000    , creation       , computed creation        ,                                                                                                 
uSignal                , updateComputations1to1                                       , 10.09    , 10.09    , 10.09    , 0.000    , update         , stable update            ,                                                                                                 
uSignal                , updateComputations2to1                                       , 7.49     , 7.49     , 7.49     , 0.000    , update         , stable update            ,                                                                                                 
uSignal                , updateComputations4to1                                       , 4.83     , 4.83     , 4.83     , 0.000    , update         , stable update            ,                                                                                                 
uSignal                , updateComputations1000to1                                    , 0.19     , 0.19     , 0.19     , 0.000    , update         , stable update            ,                                                                                                 
uSignal                , updateComputations1to2                                       , 3.90     , 3.90     , 3.90     , 0.000    , update         , stable update            ,                                                                                                 
uSignal                , updateComputations1to4                                       , 2.44     , 2.44     , 2.44     , 0.000    , update         , stable update            ,                                                                                                 
uSignal                , updateComputations1to1000                                    , 0.31     , 0.31     , 0.31     , 0.000    , update         , stable update            ,                                                                                                 
uSignal                , 64x6 - 4 sources - dynamic - read 12% (dashboard selective r , 1027.88  , 1027.88  , 1027.88  , 0.000    , dynamic        , dynamic rectangular DAG  , nodesRecomputed=2642029 nodesVisited=2642029 edgesTraversed=10568081 sinkReads=960008           
uSignal                , 24x8 - 3 sources - dynamic - read 40% (editor derived state) , 1987.78  , 1987.78  , 1987.78  , 0.000    , dynamic        , dynamic rectangular DAG  , nodesRecomputed=4736332 nodesVisited=4736332 edgesTraversed=14208887 sinkReads=900010           
uSignal                , 120x7 - 5 sources - dynamic - read 18% (kanban board)        , 1293.76  , 1293.76  , 1293.76  , 0.000    , dynamic        , dynamic rectangular DAG  , nodesRecomputed=1765496 nodesVisited=1765496 edgesTraversed=8827231 sinkReads=660022            
uSignal                , 40x10 - 4 sources - dynamic - read 60% (entity detail page)  , 2032.05  , 2032.05  , 2032.05  , 0.000    , dynamic        , dynamic rectangular DAG  , nodesRecomputed=3984210 nodesVisited=3984210 edgesTraversed=15936789 sinkReads=720024           
uSignal                , 256->512x32 - fanIn 4 - layered-dag - 4 sources (layered ful , 384.17   , 384.17   , 384.17   , 0.000    , large_graph    , layered DAG              , nodesRecomputed=249624 nodesVisited=249624 edgesTraversed=998496 sinkReads=61952                
uSignal                , 256->512x32 - fanIn 4 - layered-dag - 4 sources - warm 320 ( , 293.22   , 293.22   , 293.22   , 0.000    , large_graph    , layered DAG              , nodesRecomputed=235200 nodesVisited=235200 edgesTraversed=940800 sinkReads=61952                
uSignal                , 256->512x32 - fanIn 8 - layered-dag - 8 sources - burst 16 - , 3717.09  , 3717.09  , 3717.09  , 0.000    , large_graph    , layered DAG              , nodesRecomputed=1529088 nodesVisited=1529088 edgesTraversed=12232704 sinkReads=49664            
uSignal                , 256->512x32 - fanIn 8 - diamond-mesh - 8 sources - warm 256  , 18.19    , 18.19    , 18.19    , 0.000    , large_graph    , diamond mesh             , nodesRecomputed=24576 nodesVisited=24576 edgesTraversed=196608 sinkReads=49664                  
uSignal                , 32x8 - 4 sources - pull (pure pull)                          , 40.81    , 40.81    , 40.81    , 0.000    , pull           , stable rectangular DAG   , nodesRecomputed=224 nodesVisited=224 edgesTraversed=896 sinkReads=32                            
uSignal                , 8x64 - 1 sources - pull (linear chain - 1 source - pull (lin , 34.33    , 34.33    , 34.33    , 0.000    , pull           , stable rectangular DAG   , nodesRecomputed=504 nodesVisited=504 edgesTraversed=504 sinkReads=8                             
uSignal                , 64x4 - 8 sources - pull (wide tree - 8 sources - pull (branc , 37.89    , 37.89    , 37.89    , 0.000    , pull           , stable rectangular DAG   , nodesRecomputed=192 nodesVisited=192 edgesTraversed=1536 sinkReads=64                           
uSignal                , 32x8 - 4 sources - push (pure push)                          , 526.04   , 526.04   , 526.04   , 0.000    , pull           , stable rectangular DAG   , nodesRecomputed=910133 nodesVisited=910133 edgesTraversed=3640532 sinkReads=220010              
uSignal                , 10x5 - 2 sources - read 20% (simple component)               , 790.27   , 790.27   , 790.27   , 0.000    , pull           , stable rectangular DAG   , nodesRecomputed=3180010 nodesVisited=3180010 edgesTraversed=6360020 sinkReads=1200002           
uSignal                , 10x10 - 6 sources - dynamic - read 20% (dynamic component)   , 846.50   , 846.50   , 846.50   , 0.000    , dynamic        , dynamic rectangular DAG  , nodesRecomputed=1140004 nodesVisited=1140004 edgesTraversed=6839936 sinkReads=30002             
uSignal                , 1000x12 - 4 sources - dynamic (large web app)                , 1122.41  , 1122.41  , 1122.41  , 0.000    , dynamic        , dynamic rectangular DAG  , nodesRecomputed=1473786 nodesVisited=1473786 edgesTraversed=5891713 sinkReads=7001000           
uSignal                , 1000x5 - 25 sources (wide dense)                             , 2328.48  , 2328.48  , 2328.48  , 0.000    , pull           , stable rectangular DAG   , nodesRecomputed=735756 nodesVisited=735756 edgesTraversed=18393900 sinkReads=3001000            
uSignal                , 5x500 - 3 sources (deep)                                     , 609.02   , 609.02   , 609.02   , 0.000    , pull           , stable rectangular DAG   , nodesRecomputed=1246502 nodesVisited=1246502 edgesTraversed=3739506 sinkReads=2505              
@vue/reactivity        , avoidablePropagation                                         , 967.54   , 967.54   , 967.54   , 0.000    , baseline       , selective propagation    ,                                                                                                 
@vue/reactivity        , broadPropagation                                             , 1080.92  , 1080.92  , 1080.92  , 0.000    , baseline       , wide fan-out             ,                                                                                                 
@vue/reactivity        , deepPropagation                                              , 388.75   , 388.75   , 388.75   , 0.000    , pull           , linear chain             ,                                                                                                 
@vue/reactivity        , diamond                                                      , 709.21   , 709.21   , 709.21   , 0.000    , baseline       , diamond                  ,                                                                                                 
@vue/reactivity        , mux                                                          , 1139.17  , 1139.17  , 1139.17  , 0.000    , dynamic        , dynamic branch           ,                                                                                                 
@vue/reactivity        , repeatedObservers                                            , 159.41   , 159.41   , 159.41   , 0.000    , baseline       , duplicate observer       ,                                                                                                 
@vue/reactivity        , triangle                                                     , 333.32   , 333.32   , 333.32   , 0.000    , baseline       , glitch-free triangle     ,                                                                                                 
@vue/reactivity        , unstable                                                     , 223.49   , 223.49   , 223.49   , 0.000    , dynamic        , dynamic dependency churn ,                                                                                                 
@vue/reactivity        , manyEffectsFromOneSource                                     , 596.41   , 596.41   , 596.41   , 0.000    , push           , wide fan-out             , checksum=180075672000                                                                           
@vue/reactivity        , manySourcesIntoOneComputedEffectWithDirect                   , 665.92   , 665.92   , 665.92   , 0.000    , pull           , wide fan-in              , checksum=10692195069556                                                                         
@vue/reactivity        , manySourcesIntoOneComputedEffect                             , 496.25   , 496.25   , 496.25   , 0.000    , pull           , wide fan-in              , checksum=10650589470656                                                                         
@vue/reactivity        , manySourcesIntoOneDirectEffect                               , 114.93   , 114.93   , 114.93   , 0.000    , pull           , wide fan-in              , checksum=41605598900                                                                            
@vue/reactivity        , molBench                                                     , 1623.40  , 1623.40  , 1623.40  , 0.000    , dynamic        , mixed app graph          ,                                                                                                 
@vue/reactivity        , createDataSignals                                            , 15.24    , 15.24    , 15.24    , 0.000    , creation       , signal creation          ,                                                                                                 
@vue/reactivity        , createComputations0to1                                       , 17.12    , 17.12    , 17.12    , 0.000    , creation       , computed creation        ,                                                                                                 
@vue/reactivity        , createComputations1to1                                       , 24.38    , 24.38    , 24.38    , 0.000    , creation       , computed creation        ,                                                                                                 
@vue/reactivity        , createComputations2to1                                       , 17.61    , 17.61    , 17.61    , 0.000    , creation       , computed creation        ,                                                                                                 
@vue/reactivity        , createComputations4to1                                       , 17.50    , 17.50    , 17.50    , 0.000    , creation       , computed creation        ,                                                                                                 
@vue/reactivity        , createComputations1000to1                                    , 0.12     , 0.12     , 0.12     , 0.000    , creation       , computed creation        ,                                                                                                 
@vue/reactivity        , createComputations1to2                                       , 25.82    , 25.82    , 25.82    , 0.000    , creation       , computed creation        ,                                                                                                 
@vue/reactivity        , createComputations1to4                                       , 15.40    , 15.40    , 15.40    , 0.000    , creation       , computed creation        ,                                                                                                 
@vue/reactivity        , createComputations1to8                                       , 23.21    , 23.21    , 23.21    , 0.000    , creation       , computed creation        ,                                                                                                 
@vue/reactivity        , createComputations1to1000                                    , 14.63    , 14.63    , 14.63    , 0.000    , creation       , computed creation        ,                                                                                                 
@vue/reactivity        , updateComputations1to1                                       , 17.10    , 17.10    , 17.10    , 0.000    , update         , stable update            ,                                                                                                 
@vue/reactivity        , updateComputations2to1                                       , 7.53     , 7.53     , 7.53     , 0.000    , update         , stable update            ,                                                                                                 
@vue/reactivity        , updateComputations4to1                                       , 7.31     , 7.31     , 7.31     , 0.000    , update         , stable update            ,                                                                                                 
@vue/reactivity        , updateComputations1000to1                                    , 0.36     , 0.36     , 0.36     , 0.000    , update         , stable update            ,                                                                                                 
@vue/reactivity        , updateComputations1to2                                       , 9.18     , 9.18     , 9.18     , 0.000    , update         , stable update            ,                                                                                                 
@vue/reactivity        , updateComputations1to4                                       , 7.30     , 7.30     , 7.30     , 0.000    , update         , stable update            ,                                                                                                 
@vue/reactivity        , updateComputations1to1000                                    , 0.41     , 0.41     , 0.41     , 0.000    , update         , stable update            ,                                                                                                 
@vue/reactivity        , 64x6 - 4 sources - dynamic - read 12% (dashboard selective r , 2036.24  , 2036.24  , 2036.24  , 0.000    , dynamic        , dynamic rectangular DAG  , nodesRecomputed=2642029 nodesVisited=2642029 edgesTraversed=10568081 sinkReads=960008           
@vue/reactivity        , 24x8 - 3 sources - dynamic - read 40% (editor derived state) , 1828.46  , 1828.46  , 1828.46  , 0.000    , dynamic        , dynamic rectangular DAG  , nodesRecomputed=4736332 nodesVisited=4736332 edgesTraversed=14208887 sinkReads=900010           
@vue/reactivity        , 120x7 - 5 sources - dynamic - read 18% (kanban board)        , 1779.40  , 1779.40  , 1779.40  , 0.000    , dynamic        , dynamic rectangular DAG  , nodesRecomputed=1765496 nodesVisited=1765496 edgesTraversed=8827231 sinkReads=660022            
@vue/reactivity        , 40x10 - 4 sources - dynamic - read 60% (entity detail page)  , 1960.78  , 1960.78  , 1960.78  , 0.000    , dynamic        , dynamic rectangular DAG  , nodesRecomputed=3984210 nodesVisited=3984210 edgesTraversed=15936789 sinkReads=720024           
@vue/reactivity        , 256->512x32 - fanIn 4 - layered-dag - 4 sources (layered ful , 833.64   , 833.64   , 833.64   , 0.000    , large_graph    , layered DAG              , nodesRecomputed=249624 nodesVisited=249624 edgesTraversed=998496 sinkReads=61952                
@vue/reactivity        , 256->512x32 - fanIn 4 - layered-dag - 4 sources - warm 320 ( , 775.70   , 775.70   , 775.70   , 0.000    , large_graph    , layered DAG              , nodesRecomputed=235200 nodesVisited=235200 edgesTraversed=940800 sinkReads=61952                
@vue/reactivity        , 256->512x32 - fanIn 8 - layered-dag - 8 sources - burst 16 - , 2102.49  , 2102.49  , 2102.49  , 0.000    , large_graph    , layered DAG              , nodesRecomputed=1529088 nodesVisited=1529088 edgesTraversed=12232704 sinkReads=49664            
@vue/reactivity        , 256->512x32 - fanIn 8 - diamond-mesh - 8 sources - warm 256  , 328.26   , 328.26   , 328.26   , 0.000    , large_graph    , diamond mesh             , nodesRecomputed=24576 nodesVisited=24576 edgesTraversed=196608 sinkReads=49664                  
@vue/reactivity        , 32x8 - 4 sources - pull (pure pull)                          , 37.27    , 37.27    , 37.27    , 0.000    , pull           , stable rectangular DAG   , nodesRecomputed=224 nodesVisited=224 edgesTraversed=896 sinkReads=32                            
@vue/reactivity        , 8x64 - 1 sources - pull (linear chain - 1 source - pull (lin , 39.22    , 39.22    , 39.22    , 0.000    , pull           , stable rectangular DAG   , nodesRecomputed=504 nodesVisited=504 edgesTraversed=504 sinkReads=8                             
@vue/reactivity        , 64x4 - 8 sources - pull (wide tree - 8 sources - pull (branc , 31.92    , 31.92    , 31.92    , 0.000    , pull           , stable rectangular DAG   , nodesRecomputed=192 nodesVisited=192 edgesTraversed=1536 sinkReads=64                           
@vue/reactivity        , 32x8 - 4 sources - push (pure push)                          , 423.07   , 423.07   , 423.07   , 0.000    , pull           , stable rectangular DAG   , nodesRecomputed=910133 nodesVisited=910133 edgesTraversed=3640532 sinkReads=220010              
@vue/reactivity        , 10x5 - 2 sources - read 20% (simple component)               , 770.19   , 770.19   , 770.19   , 0.000    , pull           , stable rectangular DAG   , nodesRecomputed=3180010 nodesVisited=3180010 edgesTraversed=6360020 sinkReads=1200002           
@vue/reactivity        , 10x10 - 6 sources - dynamic - read 20% (dynamic component)   , 491.18   , 491.18   , 491.18   , 0.000    , dynamic        , dynamic rectangular DAG  , nodesRecomputed=1140004 nodesVisited=1140004 edgesTraversed=6839936 sinkReads=30002             
@vue/reactivity        , 1000x12 - 4 sources - dynamic (large web app)                , 14550.14 , 14550.14 , 14550.14 , 0.000    , dynamic        , dynamic rectangular DAG  , nodesRecomputed=1473786 nodesVisited=1473786 edgesTraversed=5891713 sinkReads=7001000           
@vue/reactivity        , 1000x5 - 25 sources (wide dense)                             , 11969.32 , 11969.32 , 11969.32 , 0.000    , pull           , stable rectangular DAG   , nodesRecomputed=735756 nodesVisited=735756 edgesTraversed=18393900 sinkReads=3001000            
@vue/reactivity        , 5x500 - 3 sources (deep)                                     , 465.11   , 465.11   , 465.11   , 0.000    , pull           , stable rectangular DAG   , nodesRecomputed=1246502 nodesVisited=1246502 edgesTraversed=3739506 sinkReads=2505              
MobX                   , avoidablePropagation                                         , 2047.05  , 2047.05  , 2047.05  , 0.000    , baseline       , selective propagation    ,                                                                                                 
MobX                   , broadPropagation                                             , 3539.23  , 3539.23  , 3539.23  , 0.000    , baseline       , wide fan-out             ,                                                                                                 
MobX                   , deepPropagation                                              , 1399.50  , 1399.50  , 1399.50  , 0.000    , pull           , linear chain             ,                                                                                                 
MobX                   , diamond                                                      , 1970.70  , 1970.70  , 1970.70  , 0.000    , baseline       , diamond                  ,                                                                                                 
MobX                   , mux                                                          , 1759.29  , 1759.29  , 1759.29  , 0.000    , dynamic        , dynamic branch           ,                                                                                                 
MobX                   , repeatedObservers                                            , 247.82   , 247.82   , 247.82   , 0.000    , baseline       , duplicate observer       ,                                                                                                 
MobX                   , triangle                                                     , 717.22   , 717.22   , 717.22   , 0.000    , baseline       , glitch-free triangle     ,                                                                                                 
MobX                   , unstable                                                     , 445.85   , 445.85   , 445.85   , 0.000    , dynamic        , dynamic dependency churn ,                                                                                                 
MobX                   , manyEffectsFromOneSource                                     , 2270.72  , 2270.72  , 2270.72  , 0.000    , push           , wide fan-out             , checksum=180075672000                                                                           
MobX                   , manySourcesIntoOneComputedEffectWithDirect                   , 438.70   , 438.70   , 438.70   , 0.000    , pull           , wide fan-in              , checksum=1372929289844                                                                          
MobX                   , manySourcesIntoOneComputedEffect                             , 382.56   , 382.56   , 382.56   , 0.000    , pull           , wide fan-in              , checksum=1331323690944                                                                          
MobX                   , manySourcesIntoOneDirectEffect                               , 113.78   , 113.78   , 113.78   , 0.000    , pull           , wide fan-in              , checksum=41605598900                                                                            
MobX                   , molBench                                                     , 632.62   , 632.62   , 632.62   , 0.000    , dynamic        , mixed app graph          ,                                                                                                 
MobX                   , createDataSignals                                            , 66.46    , 66.46    , 66.46    , 0.000    , creation       , signal creation          ,                                                                                                 
MobX                   , createComputations0to1                                       , 22.85    , 22.85    , 22.85    , 0.000    , creation       , computed creation        ,                                                                                                 
MobX                   , createComputations1to1                                       , 37.23    , 37.23    , 37.23    , 0.000    , creation       , computed creation        ,                                                                                                 
MobX                   , createComputations2to1                                       , 24.16    , 24.16    , 24.16    , 0.000    , creation       , computed creation        ,                                                                                                 
MobX                   , createComputations4to1                                       , 16.04    , 16.04    , 16.04    , 0.000    , creation       , computed creation        ,                                                                                                 
MobX                   , createComputations1000to1                                    , 0.32     , 0.32     , 0.32     , 0.000    , creation       , computed creation        ,                                                                                                 
MobX                   , createComputations1to2                                       , 40.86    , 40.86    , 40.86    , 0.000    , creation       , computed creation        ,                                                                                                 
MobX                   , createComputations1to4                                       , 35.91    , 35.91    , 35.91    , 0.000    , creation       , computed creation        ,                                                                                                 
MobX                   , createComputations1to8                                       , 35.54    , 35.54    , 35.54    , 0.000    , creation       , computed creation        ,                                                                                                 
MobX                   , createComputations1to1000                                    , 28.81    , 28.81    , 28.81    , 0.000    , creation       , computed creation        ,                                                                                                 
MobX                   , updateComputations1to1                                       , 24.41    , 24.41    , 24.41    , 0.000    , update         , stable update            ,                                                                                                 
MobX                   , updateComputations2to1                                       , 14.80    , 14.80    , 14.80    , 0.000    , update         , stable update            ,                                                                                                 
MobX                   , updateComputations4to1                                       , 9.38     , 9.38     , 9.38     , 0.000    , update         , stable update            ,                                                                                                 
MobX                   , updateComputations1000to1                                    , 0.77     , 0.77     , 0.77     , 0.000    , update         , stable update            ,                                                                                                 
MobX                   , updateComputations1to2                                       , 12.23    , 12.23    , 12.23    , 0.000    , update         , stable update            ,                                                                                                 
MobX                   , updateComputations1to4                                       , 9.04     , 9.04     , 9.04     , 0.000    , update         , stable update            ,                                                                                                 
MobX                   , updateComputations1to1000                                    , 1.22     , 1.22     , 1.22     , 0.000    , update         , stable update            ,                                                                                                 
MobX                   , 64x6 - 4 sources - dynamic - read 12% (dashboard selective r , 2175.18  , 2175.18  , 2175.18  , 0.000    , dynamic        , dynamic rectangular DAG  , nodesRecomputed=2642029 nodesVisited=2642029 edgesTraversed=10568081 sinkReads=960008           
MobX                   , 24x8 - 3 sources - dynamic - read 40% (editor derived state) , 3713.32  , 3713.32  , 3713.32  , 0.000    , dynamic        , dynamic rectangular DAG  , nodesRecomputed=4736332 nodesVisited=4736332 edgesTraversed=14208887 sinkReads=900010           
MobX                   , 120x7 - 5 sources - dynamic - read 18% (kanban board)        , 2023.63  , 2023.63  , 2023.63  , 0.000    , dynamic        , dynamic rectangular DAG  , nodesRecomputed=1765496 nodesVisited=1765496 edgesTraversed=8827231 sinkReads=660022            
MobX                   , 40x10 - 4 sources - dynamic - read 60% (entity detail page)  , 3371.77  , 3371.77  , 3371.77  , 0.000    , dynamic        , dynamic rectangular DAG  , nodesRecomputed=3984210 nodesVisited=3984210 edgesTraversed=15936789 sinkReads=720024           
MobX                   , 256->512x32 - fanIn 4 - layered-dag - 4 sources (layered ful , 529.18   , 529.18   , 529.18   , 0.000    , large_graph    , layered DAG              , nodesRecomputed=249624 nodesVisited=249624 edgesTraversed=998496 sinkReads=61952                
MobX                   , 256->512x32 - fanIn 4 - layered-dag - 4 sources - warm 320 ( , 497.53   , 497.53   , 497.53   , 0.000    , large_graph    , layered DAG              , nodesRecomputed=249624 nodesVisited=249624 edgesTraversed=998496 sinkReads=61952                
MobX                   , 256->512x32 - fanIn 8 - layered-dag - 8 sources - burst 16 - , 4014.05  , 4014.05  , 4014.05  , 0.000    , large_graph    , layered DAG              , nodesRecomputed=1529544 nodesVisited=1529544 edgesTraversed=12236352 sinkReads=49664            
MobX                   , 256->512x32 - fanIn 8 - diamond-mesh - 8 sources - warm 256  , 77.74    , 77.74    , 77.74    , 0.000    , large_graph    , diamond mesh             , nodesRecomputed=40704 nodesVisited=40704 edgesTraversed=325632 sinkReads=49664                  
MobX                   , 32x8 - 4 sources - pull (pure pull)                          , 45.14    , 45.14    , 45.14    , 0.000    , pull           , stable rectangular DAG   , nodesRecomputed=2240 nodesVisited=2240 edgesTraversed=8960 sinkReads=32                         
MobX                   , 8x64 - 1 sources - pull (linear chain - 1 source - pull (lin , 52.46    , 52.46    , 52.46    , 0.000    , pull           , stable rectangular DAG   , nodesRecomputed=504 nodesVisited=504 edgesTraversed=504 sinkReads=8                             
MobX                   , 64x4 - 8 sources - pull (wide tree - 8 sources - pull (branc , 45.80    , 45.80    , 45.80    , 0.000    , pull           , stable rectangular DAG   , nodesRecomputed=1536 nodesVisited=1536 edgesTraversed=12288 sinkReads=64                        
MobX                   , 32x8 - 4 sources - push (pure push)                          , 1064.55  , 1064.55  , 1064.55  , 0.000    , pull           , stable rectangular DAG   , nodesRecomputed=910133 nodesVisited=910133 edgesTraversed=3640532 sinkReads=220010              
MobX                   , 10x5 - 2 sources - read 20% (simple component)               , 1669.05  , 1669.05  , 1669.05  , 0.000    , pull           , stable rectangular DAG   , nodesRecomputed=3180010 nodesVisited=3180010 edgesTraversed=6360020 sinkReads=1200002           
MobX                   , 10x10 - 6 sources - dynamic - read 20% (dynamic component)   , 1577.75  , 1577.75  , 1577.75  , 0.000    , dynamic        , dynamic rectangular DAG  , nodesRecomputed=1140004 nodesVisited=1140004 edgesTraversed=6839936 sinkReads=30002             
MobX                   , 1000x12 - 4 sources - dynamic (large web app)                , 1972.46  , 1972.46  , 1972.46  , 0.000    , dynamic        , dynamic rectangular DAG  , nodesRecomputed=1473786 nodesVisited=1473786 edgesTraversed=5891713 sinkReads=7001000           
MobX                   , 1000x5 - 25 sources (wide dense)                             , 2595.79  , 2595.79  , 2595.79  , 0.000    , pull           , stable rectangular DAG   , nodesRecomputed=735756 nodesVisited=735756 edgesTraversed=18393900 sinkReads=3001000            
MobX                   , 5x500 - 3 sources (deep)                                     , 1321.90  , 1321.90  , 1321.90  , 0.000    , pull           , stable rectangular DAG   , nodesRecomputed=1246502 nodesVisited=1246502 edgesTraversed=3739506 sinkReads=2505              
