framework              , test                                                         , time     , p95      , p99      , cv       , group          , family                   , metrics                                                                                         
lite-signal            , avoidablePropagation                                         , 586.58   , 586.58   , 586.58   , 0.000    , baseline       , selective propagation    ,                                                                                                 
lite-signal            , broadPropagation                                             , 556.68   , 556.68   , 556.68   , 0.000    , baseline       , wide fan-out             ,                                                                                                 
lite-signal            , deepPropagation                                              , 229.36   , 229.36   , 229.36   , 0.000    , pull           , linear chain             ,                                                                                                 
lite-signal            , diamond                                                      , 467.41   , 467.41   , 467.41   , 0.000    , baseline       , diamond                  ,                                                                                                 
lite-signal            , mux                                                          , 578.62   , 578.62   , 578.62   , 0.000    , dynamic        , dynamic branch           ,                                                                                                 
lite-signal            , repeatedObservers                                            , 134.80   , 134.80   , 134.80   , 0.000    , baseline       , duplicate observer       ,                                                                                                 
lite-signal            , triangle                                                     , 184.25   , 184.25   , 184.25   , 0.000    , baseline       , glitch-free triangle     ,                                                                                                 
lite-signal            , unstable                                                     , 144.01   , 144.01   , 144.01   , 0.000    , dynamic        , dynamic dependency churn ,                                                                                                 
lite-signal            , manyEffectsFromOneSource                                     , 341.65   , 341.65   , 341.65   , 0.000    , push           , wide fan-out             , checksum=180075672000                                                                           
lite-signal            , manySourcesIntoOneComputedEffectWithDirect                   , 192.60   , 192.60   , 192.60   , 0.000    , pull           , wide fan-in              , checksum=1372929289844                                                                          
lite-signal            , manySourcesIntoOneComputedEffect                             , 182.16   , 182.16   , 182.16   , 0.000    , pull           , wide fan-in              , checksum=1331323690944                                                                          
lite-signal            , manySourcesIntoOneDirectEffect                               , 84.39    , 84.39    , 84.39    , 0.000    , pull           , wide fan-in              , checksum=41605598900                                                                            
lite-signal            , molBench                                                     , 534.25   , 534.25   , 534.25   , 0.000    , dynamic        , mixed app graph          ,                                                                                                 
lite-signal            , createDataSignals                                            , 32.19    , 32.19    , 32.19    , 0.000    , creation       , signal creation          ,                                                                                                 
lite-signal            , createComputations0to1                                       , 46.29    , 46.29    , 46.29    , 0.000    , creation       , computed creation        ,                                                                                                 
lite-signal            , createComputations1to1                                       , 33.80    , 33.80    , 33.80    , 0.000    , creation       , computed creation        ,                                                                                                 
lite-signal            , createComputations2to1                                       , 18.11    , 18.11    , 18.11    , 0.000    , creation       , computed creation        ,                                                                                                 
lite-signal            , createComputations4to1                                       , 11.88    , 11.88    , 11.88    , 0.000    , creation       , computed creation        ,                                                                                                 
lite-signal            , createComputations1000to1                                    , 0.08     , 0.08     , 0.08     , 0.000    , creation       , computed creation        ,                                                                                                 
lite-signal            , createComputations1to2                                       , 44.71    , 44.71    , 44.71    , 0.000    , creation       , computed creation        ,                                                                                                 
lite-signal            , createComputations1to4                                       , 55.68    , 55.68    , 55.68    , 0.000    , creation       , computed creation        ,                                                                                                 
lite-signal            , createComputations1to8                                       , 59.00    , 59.00    , 59.00    , 0.000    , creation       , computed creation        ,                                                                                                 
lite-signal            , createComputations1to1000                                    , 43.73    , 43.73    , 43.73    , 0.000    , creation       , computed creation        ,                                                                                                 
lite-signal            , updateComputations1to1                                       , 4.63     , 4.63     , 4.63     , 0.000    , update         , stable update            ,                                                                                                 
lite-signal            , updateComputations2to1                                       , 2.36     , 2.36     , 2.36     , 0.000    , update         , stable update            ,                                                                                                 
lite-signal            , updateComputations4to1                                       , 3.02     , 3.02     , 3.02     , 0.000    , update         , stable update            ,                                                                                                 
lite-signal            , updateComputations1000to1                                    , 0.33     , 0.33     , 0.33     , 0.000    , update         , stable update            ,                                                                                                 
lite-signal            , updateComputations1to2                                       , 6.50     , 6.50     , 6.50     , 0.000    , update         , stable update            ,                                                                                                 
lite-signal            , updateComputations1to4                                       , 3.61     , 3.61     , 3.61     , 0.000    , update         , stable update            ,                                                                                                 
lite-signal            , updateComputations1to1000                                    , 0.49     , 0.49     , 0.49     , 0.000    , update         , stable update            ,                                                                                                 
lite-signal            , 64x6 - 4 sources - dynamic - read 12% (dashboard selective r , 538.26   , 538.26   , 538.26   , 0.000    , dynamic        , dynamic rectangular DAG  , nodesRecomputed=2642029 nodesVisited=2642029 edgesTraversed=10568081 sinkReads=960008           
lite-signal            , 24x8 - 3 sources - dynamic - read 40% (editor derived state) , 775.29   , 775.29   , 775.29   , 0.000    , dynamic        , dynamic rectangular DAG  , nodesRecomputed=4736332 nodesVisited=4736332 edgesTraversed=14208887 sinkReads=900010           
lite-signal            , 120x7 - 5 sources - dynamic - read 18% (kanban board)        , 434.74   , 434.74   , 434.74   , 0.000    , dynamic        , dynamic rectangular DAG  , nodesRecomputed=1765496 nodesVisited=1765496 edgesTraversed=8827231 sinkReads=660022            
lite-signal            , 40x10 - 4 sources - dynamic - read 60% (entity detail page)  , 824.19   , 824.19   , 824.19   , 0.000    , dynamic        , dynamic rectangular DAG  , nodesRecomputed=3984210 nodesVisited=3984210 edgesTraversed=15936789 sinkReads=720024           
lite-signal            , 256->512x32 - fanIn 4 - layered-dag - 4 sources (layered ful , 185.31   , 185.31   , 185.31   , 0.000    , large_graph    , layered DAG              , nodesRecomputed=249624 nodesVisited=249624 edgesTraversed=998496 sinkReads=61952                
lite-signal            , 256->512x32 - fanIn 4 - layered-dag - 4 sources - warm 320 ( , 237.81   , 237.81   , 237.81   , 0.000    , large_graph    , layered DAG              , nodesRecomputed=235200 nodesVisited=235200 edgesTraversed=940800 sinkReads=61952                
lite-signal            , 256->512x32 - fanIn 8 - layered-dag - 8 sources - burst 16 - , 2951.26  , 2951.26  , 2951.26  , 0.000    , large_graph    , layered DAG              , nodesRecomputed=1529088 nodesVisited=1529088 edgesTraversed=12232704 sinkReads=49664            
lite-signal            , 256->512x32 - fanIn 8 - diamond-mesh - 8 sources - warm 256  , 11.07    , 11.07    , 11.07    , 0.000    , large_graph    , diamond mesh             , nodesRecomputed=24576 nodesVisited=24576 edgesTraversed=196608 sinkReads=49664                  
lite-signal            , 32x8 - 4 sources - pull (pure pull)                          , 33.75    , 33.75    , 33.75    , 0.000    , pull           , stable rectangular DAG   , nodesRecomputed=224 nodesVisited=224 edgesTraversed=896 sinkReads=32                            
lite-signal            , 8x64 - 1 sources - pull (linear chain - 1 source - pull (lin , 51.56    , 51.56    , 51.56    , 0.000    , pull           , stable rectangular DAG   , nodesRecomputed=504 nodesVisited=504 edgesTraversed=504 sinkReads=8                             
lite-signal            , 64x4 - 8 sources - pull (wide tree - 8 sources - pull (branc , 36.15    , 36.15    , 36.15    , 0.000    , pull           , stable rectangular DAG   , nodesRecomputed=192 nodesVisited=192 edgesTraversed=1536 sinkReads=64                           
lite-signal            , 32x8 - 4 sources - push (pure push)                          , 228.54   , 228.54   , 228.54   , 0.000    , pull           , stable rectangular DAG   , nodesRecomputed=910133 nodesVisited=910133 edgesTraversed=3640532 sinkReads=220010              
lite-signal            , 10x5 - 2 sources - read 20% (simple component)               , 360.02   , 360.02   , 360.02   , 0.000    , pull           , stable rectangular DAG   , nodesRecomputed=3180010 nodesVisited=3180010 edgesTraversed=6360020 sinkReads=1200002           
lite-signal            , 10x10 - 6 sources - dynamic - read 20% (dynamic component)   , 297.46   , 297.46   , 297.46   , 0.000    , dynamic        , dynamic rectangular DAG  , nodesRecomputed=1140004 nodesVisited=1140004 edgesTraversed=6839936 sinkReads=30002             
lite-signal            , 1000x12 - 4 sources - dynamic (large web app)                , 586.86   , 586.86   , 586.86   , 0.000    , dynamic        , dynamic rectangular DAG  , nodesRecomputed=1473786 nodesVisited=1473786 edgesTraversed=5891713 sinkReads=7001000           
lite-signal            , 1000x5 - 25 sources (wide dense)                             , 751.58   , 751.58   , 751.58   , 0.000    , pull           , stable rectangular DAG   , nodesRecomputed=735756 nodesVisited=735756 edgesTraversed=18393900 sinkReads=3001000            
lite-signal            , 5x500 - 3 sources (deep)                                     , 349.89   , 349.89   , 349.89   , 0.000    , pull           , stable rectangular DAG   , nodesRecomputed=1246502 nodesVisited=1246502 edgesTraversed=3739506 sinkReads=2505              
reflex                 , avoidablePropagation                                         , 581.05   , 581.05   , 581.05   , 0.000    , baseline       , selective propagation    ,                                                                                                 
reflex                 , broadPropagation                                             , 539.56   , 539.56   , 539.56   , 0.000    , baseline       , wide fan-out             ,                                                                                                 
reflex                 , deepPropagation                                              , 221.54   , 221.54   , 221.54   , 0.000    , pull           , linear chain             ,                                                                                                 
reflex                 , diamond                                                      , 464.29   , 464.29   , 464.29   , 0.000    , baseline       , diamond                  ,                                                                                                 
reflex                 , mux                                                          , 545.36   , 545.36   , 545.36   , 0.000    , dynamic        , dynamic branch           ,                                                                                                 
reflex                 , repeatedObservers                                            , 125.51   , 125.51   , 125.51   , 0.000    , baseline       , duplicate observer       ,                                                                                                 
reflex                 , triangle                                                     , 171.78   , 171.78   , 171.78   , 0.000    , baseline       , glitch-free triangle     ,                                                                                                 
reflex                 , unstable                                                     , 146.17   , 146.17   , 146.17   , 0.000    , dynamic        , dynamic dependency churn ,                                                                                                 
reflex                 , manyEffectsFromOneSource                                     , 461.14   , 461.14   , 461.14   , 0.000    , push           , wide fan-out             , checksum=180075672000                                                                           
reflex                 , manySourcesIntoOneComputedEffectWithDirect                   , 194.52   , 194.52   , 194.52   , 0.000    , pull           , wide fan-in              , checksum=1372929289844                                                                          
reflex                 , manySourcesIntoOneComputedEffect                             , 182.51   , 182.51   , 182.51   , 0.000    , pull           , wide fan-in              , checksum=1331323690944                                                                          
reflex                 , manySourcesIntoOneDirectEffect                               , 77.65    , 77.65    , 77.65    , 0.000    , pull           , wide fan-in              , checksum=41605598900                                                                            
reflex                 , molBench                                                     , 522.49   , 522.49   , 522.49   , 0.000    , dynamic        , mixed app graph          ,                                                                                                 
reflex                 , createDataSignals                                            , 10.06    , 10.06    , 10.06    , 0.000    , creation       , signal creation          ,                                                                                                 
reflex                 , createComputations0to1                                       , 7.76     , 7.76     , 7.76     , 0.000    , creation       , computed creation        ,                                                                                                 
reflex                 , createComputations1to1                                       , 1.65     , 1.65     , 1.65     , 0.000    , creation       , computed creation        ,                                                                                                 
reflex                 , createComputations2to1                                       , 8.54     , 8.54     , 8.54     , 0.000    , creation       , computed creation        ,                                                                                                 
reflex                 , createComputations4to1                                       , 10.19    , 10.19    , 10.19    , 0.000    , creation       , computed creation        ,                                                                                                 
reflex                 , createComputations1000to1                                    , 0.05     , 0.05     , 0.05     , 0.000    , creation       , computed creation        ,                                                                                                 
reflex                 , createComputations1to2                                       , 7.56     , 7.56     , 7.56     , 0.000    , creation       , computed creation        ,                                                                                                 
reflex                 , createComputations1to4                                       , 7.84     , 7.84     , 7.84     , 0.000    , creation       , computed creation        ,                                                                                                 
reflex                 , createComputations1to8                                       , 12.73    , 12.73    , 12.73    , 0.000    , creation       , computed creation        ,                                                                                                 
reflex                 , createComputations1to1000                                    , 9.18     , 9.18     , 9.18     , 0.000    , creation       , computed creation        ,                                                                                                 
reflex                 , updateComputations1to1                                       , 6.85     , 6.85     , 6.85     , 0.000    , update         , stable update            ,                                                                                                 
reflex                 , updateComputations2to1                                       , 6.68     , 6.68     , 6.68     , 0.000    , update         , stable update            ,                                                                                                 
reflex                 , updateComputations4to1                                       , 4.83     , 4.83     , 4.83     , 0.000    , update         , stable update            ,                                                                                                 
reflex                 , updateComputations1000to1                                    , 0.25     , 0.25     , 0.25     , 0.000    , update         , stable update            ,                                                                                                 
reflex                 , updateComputations1to2                                       , 4.78     , 4.78     , 4.78     , 0.000    , update         , stable update            ,                                                                                                 
reflex                 , updateComputations1to4                                       , 6.04     , 6.04     , 6.04     , 0.000    , update         , stable update            ,                                                                                                 
reflex                 , updateComputations1to1000                                    , 0.36     , 0.36     , 0.36     , 0.000    , update         , stable update            ,                                                                                                 
reflex                 , 64x6 - 4 sources - dynamic - read 12% (dashboard selective r , 482.15   , 482.15   , 482.15   , 0.000    , dynamic        , dynamic rectangular DAG  , nodesRecomputed=2642029 nodesVisited=2642029 edgesTraversed=10568081 sinkReads=960008           
reflex                 , 24x8 - 3 sources - dynamic - read 40% (editor derived state) , 712.80   , 712.80   , 712.80   , 0.000    , dynamic        , dynamic rectangular DAG  , nodesRecomputed=4736332 nodesVisited=4736332 edgesTraversed=14208887 sinkReads=900010           
reflex                 , 120x7 - 5 sources - dynamic - read 18% (kanban board)        , 410.73   , 410.73   , 410.73   , 0.000    , dynamic        , dynamic rectangular DAG  , nodesRecomputed=1765496 nodesVisited=1765496 edgesTraversed=8827231 sinkReads=660022            
reflex                 , 40x10 - 4 sources - dynamic - read 60% (entity detail page)  , 719.16   , 719.16   , 719.16   , 0.000    , dynamic        , dynamic rectangular DAG  , nodesRecomputed=3984210 nodesVisited=3984210 edgesTraversed=15936789 sinkReads=720024           
reflex                 , 256->512x32 - fanIn 4 - layered-dag - 4 sources (layered ful , 160.49   , 160.49   , 160.49   , 0.000    , large_graph    , layered DAG              , nodesRecomputed=249624 nodesVisited=249624 edgesTraversed=998496 sinkReads=61952                
reflex                 , 256->512x32 - fanIn 4 - layered-dag - 4 sources - warm 320 ( , 122.18   , 122.18   , 122.18   , 0.000    , large_graph    , layered DAG              , nodesRecomputed=235200 nodesVisited=235200 edgesTraversed=940800 sinkReads=61952                
reflex                 , 256->512x32 - fanIn 8 - layered-dag - 8 sources - burst 16 - , 1301.40  , 1301.40  , 1301.40  , 0.000    , large_graph    , layered DAG              , nodesRecomputed=1529088 nodesVisited=1529088 edgesTraversed=12232704 sinkReads=49664            
reflex                 , 256->512x32 - fanIn 8 - diamond-mesh - 8 sources - warm 256  , 8.60     , 8.60     , 8.60     , 0.000    , large_graph    , diamond mesh             , nodesRecomputed=24576 nodesVisited=24576 edgesTraversed=196608 sinkReads=49664                  
reflex                 , 32x8 - 4 sources - pull (pure pull)                          , 32.81    , 32.81    , 32.81    , 0.000    , pull           , stable rectangular DAG   , nodesRecomputed=224 nodesVisited=224 edgesTraversed=896 sinkReads=32                            
reflex                 , 8x64 - 1 sources - pull (linear chain - 1 source - pull (lin , 58.61    , 58.61    , 58.61    , 0.000    , pull           , stable rectangular DAG   , nodesRecomputed=504 nodesVisited=504 edgesTraversed=504 sinkReads=8                             
reflex                 , 64x4 - 8 sources - pull (wide tree - 8 sources - pull (branc , 34.30    , 34.30    , 34.30    , 0.000    , pull           , stable rectangular DAG   , nodesRecomputed=192 nodesVisited=192 edgesTraversed=1536 sinkReads=64                           
reflex                 , 32x8 - 4 sources - push (pure push)                          , 206.76   , 206.76   , 206.76   , 0.000    , pull           , stable rectangular DAG   , nodesRecomputed=910133 nodesVisited=910133 edgesTraversed=3640532 sinkReads=220010              
reflex                 , 10x5 - 2 sources - read 20% (simple component)               , 372.12   , 372.12   , 372.12   , 0.000    , pull           , stable rectangular DAG   , nodesRecomputed=3180010 nodesVisited=3180010 edgesTraversed=6360020 sinkReads=1200002           
reflex                 , 10x10 - 6 sources - dynamic - read 20% (dynamic component)   , 306.90   , 306.90   , 306.90   , 0.000    , dynamic        , dynamic rectangular DAG  , nodesRecomputed=1140004 nodesVisited=1140004 edgesTraversed=6839936 sinkReads=30002             
reflex                 , 1000x12 - 4 sources - dynamic (large web app)                , 489.58   , 489.58   , 489.58   , 0.000    , dynamic        , dynamic rectangular DAG  , nodesRecomputed=1473786 nodesVisited=1473786 edgesTraversed=5891713 sinkReads=7001000           
reflex                 , 1000x5 - 25 sources (wide dense)                             , 803.97   , 803.97   , 803.97   , 0.000    , pull           , stable rectangular DAG   , nodesRecomputed=735756 nodesVisited=735756 edgesTraversed=18393900 sinkReads=3001000            
reflex                 , 5x500 - 3 sources (deep)                                     , 257.94   , 257.94   , 257.94   , 0.000    , pull           , stable rectangular DAG   , nodesRecomputed=1246502 nodesVisited=1246502 edgesTraversed=3739506 sinkReads=2505              
alien-signals          , avoidablePropagation                                         , 513.17   , 513.17   , 513.17   , 0.000    , baseline       , selective propagation    ,                                                                                                 
alien-signals          , broadPropagation                                             , 519.36   , 519.36   , 519.36   , 0.000    , baseline       , wide fan-out             ,                                                                                                 
alien-signals          , deepPropagation                                              , 182.30   , 182.30   , 182.30   , 0.000    , pull           , linear chain             ,                                                                                                 
alien-signals          , diamond                                                      , 438.82   , 438.82   , 438.82   , 0.000    , baseline       , diamond                  ,                                                                                                 
alien-signals          , mux                                                          , 504.37   , 504.37   , 504.37   , 0.000    , dynamic        , dynamic branch           ,                                                                                                 
alien-signals          , repeatedObservers                                            , 130.57   , 130.57   , 130.57   , 0.000    , baseline       , duplicate observer       ,                                                                                                 
alien-signals          , triangle                                                     , 160.49   , 160.49   , 160.49   , 0.000    , baseline       , glitch-free triangle     ,                                                                                                 
alien-signals          , unstable                                                     , 137.94   , 137.94   , 137.94   , 0.000    , dynamic        , dynamic dependency churn ,                                                                                                 
alien-signals          , manyEffectsFromOneSource                                     , 342.35   , 342.35   , 342.35   , 0.000    , push           , wide fan-out             , checksum=180075672000                                                                           
alien-signals          , manySourcesIntoOneComputedEffectWithDirect                   , 233.66   , 233.66   , 233.66   , 0.000    , pull           , wide fan-in              , checksum=1372929289844                                                                          
alien-signals          , manySourcesIntoOneComputedEffect                             , 222.70   , 222.70   , 222.70   , 0.000    , pull           , wide fan-in              , checksum=1331323690944                                                                          
alien-signals          , manySourcesIntoOneDirectEffect                               , 84.84    , 84.84    , 84.84    , 0.000    , pull           , wide fan-in              , checksum=41605598900                                                                            
alien-signals          , molBench                                                     , 514.67   , 514.67   , 514.67   , 0.000    , dynamic        , mixed app graph          ,                                                                                                 
alien-signals          , createDataSignals                                            , 7.65     , 7.65     , 7.65     , 0.000    , creation       , signal creation          ,                                                                                                 
alien-signals          , createComputations0to1                                       , 5.99     , 5.99     , 5.99     , 0.000    , creation       , computed creation        ,                                                                                                 
alien-signals          , createComputations1to1                                       , 1.04     , 1.04     , 1.04     , 0.000    , creation       , computed creation        ,                                                                                                 
alien-signals          , createComputations2to1                                       , 4.57     , 4.57     , 4.57     , 0.000    , creation       , computed creation        ,                                                                                                 
alien-signals          , createComputations4to1                                       , 4.03     , 4.03     , 4.03     , 0.000    , creation       , computed creation        ,                                                                                                 
alien-signals          , createComputations1000to1                                    , 0.08     , 0.08     , 0.08     , 0.000    , creation       , computed creation        ,                                                                                                 
alien-signals          , createComputations1to2                                       , 6.04     , 6.04     , 6.04     , 0.000    , creation       , computed creation        ,                                                                                                 
alien-signals          , createComputations1to4                                       , 7.08     , 7.08     , 7.08     , 0.000    , creation       , computed creation        ,                                                                                                 
alien-signals          , createComputations1to8                                       , 7.13     , 7.13     , 7.13     , 0.000    , creation       , computed creation        ,                                                                                                 
alien-signals          , createComputations1to1000                                    , 6.29     , 6.29     , 6.29     , 0.000    , creation       , computed creation        ,                                                                                                 
alien-signals          , updateComputations1to1                                       , 8.08     , 8.08     , 8.08     , 0.000    , update         , stable update            ,                                                                                                 
alien-signals          , updateComputations2to1                                       , 5.24     , 5.24     , 5.24     , 0.000    , update         , stable update            ,                                                                                                 
alien-signals          , updateComputations4to1                                       , 6.33     , 6.33     , 6.33     , 0.000    , update         , stable update            ,                                                                                                 
alien-signals          , updateComputations1000to1                                    , 0.10     , 0.10     , 0.10     , 0.000    , update         , stable update            ,                                                                                                 
alien-signals          , updateComputations1to2                                       , 5.45     , 5.45     , 5.45     , 0.000    , update         , stable update            ,                                                                                                 
alien-signals          , updateComputations1to4                                       , 2.42     , 2.42     , 2.42     , 0.000    , update         , stable update            ,                                                                                                 
alien-signals          , updateComputations1to1000                                    , 0.09     , 0.09     , 0.09     , 0.000    , update         , stable update            ,                                                                                                 
alien-signals          , 64x6 - 4 sources - dynamic - read 12% (dashboard selective r , 462.81   , 462.81   , 462.81   , 0.000    , dynamic        , dynamic rectangular DAG  , nodesRecomputed=2642029 nodesVisited=2642029 edgesTraversed=10568081 sinkReads=960008           
alien-signals          , 24x8 - 3 sources - dynamic - read 40% (editor derived state) , 675.20   , 675.20   , 675.20   , 0.000    , dynamic        , dynamic rectangular DAG  , nodesRecomputed=4736332 nodesVisited=4736332 edgesTraversed=14208887 sinkReads=900010           
alien-signals          , 120x7 - 5 sources - dynamic - read 18% (kanban board)        , 387.31   , 387.31   , 387.31   , 0.000    , dynamic        , dynamic rectangular DAG  , nodesRecomputed=1765496 nodesVisited=1765496 edgesTraversed=8827231 sinkReads=660022            
alien-signals          , 40x10 - 4 sources - dynamic - read 60% (entity detail page)  , 763.31   , 763.31   , 763.31   , 0.000    , dynamic        , dynamic rectangular DAG  , nodesRecomputed=3984210 nodesVisited=3984210 edgesTraversed=15936789 sinkReads=720024           
alien-signals          , 256->512x32 - fanIn 4 - layered-dag - 4 sources (layered ful , 192.93   , 192.93   , 192.93   , 0.000    , large_graph    , layered DAG              , nodesRecomputed=249624 nodesVisited=249624 edgesTraversed=998496 sinkReads=61952                
alien-signals          , 256->512x32 - fanIn 4 - layered-dag - 4 sources - warm 320 ( , 161.51   , 161.51   , 161.51   , 0.000    , large_graph    , layered DAG              , nodesRecomputed=235200 nodesVisited=235200 edgesTraversed=940800 sinkReads=61952                
alien-signals          , 256->512x32 - fanIn 8 - layered-dag - 8 sources - burst 16 - , 1523.95  , 1523.95  , 1523.95  , 0.000    , large_graph    , layered DAG              , nodesRecomputed=1529088 nodesVisited=1529088 edgesTraversed=12232704 sinkReads=49664            
alien-signals          , 256->512x32 - fanIn 8 - diamond-mesh - 8 sources - warm 256  , 8.11     , 8.11     , 8.11     , 0.000    , large_graph    , diamond mesh             , nodesRecomputed=24576 nodesVisited=24576 edgesTraversed=196608 sinkReads=49664                  
alien-signals          , 32x8 - 4 sources - pull (pure pull)                          , 32.86    , 32.86    , 32.86    , 0.000    , pull           , stable rectangular DAG   , nodesRecomputed=224 nodesVisited=224 edgesTraversed=896 sinkReads=32                            
alien-signals          , 8x64 - 1 sources - pull (linear chain - 1 source - pull (lin , 38.76    , 38.76    , 38.76    , 0.000    , pull           , stable rectangular DAG   , nodesRecomputed=504 nodesVisited=504 edgesTraversed=504 sinkReads=8                             
alien-signals          , 64x4 - 8 sources - pull (wide tree - 8 sources - pull (branc , 31.36    , 31.36    , 31.36    , 0.000    , pull           , stable rectangular DAG   , nodesRecomputed=192 nodesVisited=192 edgesTraversed=1536 sinkReads=64                           
alien-signals          , 32x8 - 4 sources - push (pure push)                          , 182.66   , 182.66   , 182.66   , 0.000    , pull           , stable rectangular DAG   , nodesRecomputed=910133 nodesVisited=910133 edgesTraversed=3640532 sinkReads=220010              
alien-signals          , 10x5 - 2 sources - read 20% (simple component)               , 325.27   , 325.27   , 325.27   , 0.000    , pull           , stable rectangular DAG   , nodesRecomputed=3180010 nodesVisited=3180010 edgesTraversed=6360020 sinkReads=1200002           
alien-signals          , 10x10 - 6 sources - dynamic - read 20% (dynamic component)   , 295.34   , 295.34   , 295.34   , 0.000    , dynamic        , dynamic rectangular DAG  , nodesRecomputed=1140004 nodesVisited=1140004 edgesTraversed=6839936 sinkReads=30002             
alien-signals          , 1000x12 - 4 sources - dynamic (large web app)                , 471.71   , 471.71   , 471.71   , 0.000    , dynamic        , dynamic rectangular DAG  , nodesRecomputed=1473786 nodesVisited=1473786 edgesTraversed=5891713 sinkReads=7001000           
alien-signals          , 1000x5 - 25 sources (wide dense)                             , 761.00   , 761.00   , 761.00   , 0.000    , pull           , stable rectangular DAG   , nodesRecomputed=735756 nodesVisited=735756 edgesTraversed=18393900 sinkReads=3001000            
alien-signals          , 5x500 - 3 sources (deep)                                     , 242.86   , 242.86   , 242.86   , 0.000    , pull           , stable rectangular DAG   , nodesRecomputed=1246502 nodesVisited=1246502 edgesTraversed=3739506 sinkReads=2505              
@solidjs/signals       , avoidablePropagation                                         , 2000.83  , 2000.83  , 2000.83  , 0.000    , baseline       , selective propagation    ,                                                                                                 
@solidjs/signals       , broadPropagation                                             , 3150.60  , 3150.60  , 3150.60  , 0.000    , baseline       , wide fan-out             ,                                                                                                 
@solidjs/signals       , deepPropagation                                              , 1077.03  , 1077.03  , 1077.03  , 0.000    , pull           , linear chain             ,                                                                                                 
@solidjs/signals       , diamond                                                      , 2462.55  , 2462.55  , 2462.55  , 0.000    , baseline       , diamond                  ,                                                                                                 
@solidjs/signals       , mux                                                          , 1133.00  , 1133.00  , 1133.00  , 0.000    , dynamic        , dynamic branch           ,                                                                                                 
@solidjs/signals       , repeatedObservers                                            , 475.98   , 475.98   , 475.98   , 0.000    , baseline       , duplicate observer       ,                                                                                                 
@solidjs/signals       , triangle                                                     , 775.96   , 775.96   , 775.96   , 0.000    , baseline       , glitch-free triangle     ,                                                                                                 
@solidjs/signals       , unstable                                                     , 601.07   , 601.07   , 601.07   , 0.000    , dynamic        , dynamic dependency churn ,                                                                                                 
@solidjs/signals       , manyEffectsFromOneSource                                     , 2556.76  , 2556.76  , 2556.76  , 0.000    , push           , wide fan-out             , checksum=180075672000                                                                           
@solidjs/signals       , manySourcesIntoOneComputedEffectWithDirect                   , 633.15   , 633.15   , 633.15   , 0.000    , pull           , wide fan-in              , checksum=1372929289844                                                                          
@solidjs/signals       , manySourcesIntoOneComputedEffect                             , 606.27   , 606.27   , 606.27   , 0.000    , pull           , wide fan-in              , checksum=1331323690944                                                                          
@solidjs/signals       , manySourcesIntoOneDirectEffect                               , 171.77   , 171.77   , 171.77   , 0.000    , pull           , wide fan-in              , checksum=41605598900                                                                            
@solidjs/signals       , molBench                                                     , 786.07   , 786.07   , 786.07   , 0.000    , dynamic        , mixed app graph          ,                                                                                                 
@solidjs/signals       , createDataSignals                                            , 18.98    , 18.98    , 18.98    , 0.000    , creation       , signal creation          ,                                                                                                 
@solidjs/signals       , createComputations0to1                                       , 59.86    , 59.86    , 59.86    , 0.000    , creation       , computed creation        ,                                                                                                 
@solidjs/signals       , createComputations1to1                                       , 65.98    , 65.98    , 65.98    , 0.000    , creation       , computed creation        ,                                                                                                 
@solidjs/signals       , createComputations2to1                                       , 72.74    , 72.74    , 72.74    , 0.000    , creation       , computed creation        ,                                                                                                 
@solidjs/signals       , createComputations4to1                                       , 42.51    , 42.51    , 42.51    , 0.000    , creation       , computed creation        ,                                                                                                 
@solidjs/signals       , createComputations1000to1                                    , 25.37    , 25.37    , 25.37    , 0.000    , creation       , computed creation        ,                                                                                                 
@solidjs/signals       , createComputations1to2                                       , 57.73    , 57.73    , 57.73    , 0.000    , creation       , computed creation        ,                                                                                                 
@solidjs/signals       , createComputations1to4                                       , 66.63    , 66.63    , 66.63    , 0.000    , creation       , computed creation        ,                                                                                                 
@solidjs/signals       , createComputations1to8                                       , 73.03    , 73.03    , 73.03    , 0.000    , creation       , computed creation        ,                                                                                                 
@solidjs/signals       , createComputations1to1000                                    , 76.33    , 76.33    , 76.33    , 0.000    , creation       , computed creation        ,                                                                                                 
@solidjs/signals       , updateComputations1to1                                       , 16.77    , 16.77    , 16.77    , 0.000    , update         , stable update            ,                                                                                                 
@solidjs/signals       , updateComputations2to1                                       , 11.38    , 11.38    , 11.38    , 0.000    , update         , stable update            ,                                                                                                 
@solidjs/signals       , updateComputations4to1                                       , 7.70     , 7.70     , 7.70     , 0.000    , update         , stable update            ,                                                                                                 
@solidjs/signals       , updateComputations1000to1                                    , 0.83     , 0.83     , 0.83     , 0.000    , update         , stable update            ,                                                                                                 
@solidjs/signals       , updateComputations1to2                                       , 13.03    , 13.03    , 13.03    , 0.000    , update         , stable update            ,                                                                                                 
@solidjs/signals       , updateComputations1to4                                       , 8.58     , 8.58     , 8.58     , 0.000    , update         , stable update            ,                                                                                                 
@solidjs/signals       , updateComputations1to1000                                    , 7.94     , 7.94     , 7.94     , 0.000    , update         , stable update            ,                                                                                                 
@solidjs/signals       , 64x6 - 4 sources - dynamic - read 12% (dashboard selective r , 3034.28  , 3034.28  , 3034.28  , 0.000    , dynamic        , dynamic rectangular DAG  , nodesRecomputed=6000270 nodesVisited=6000270 edgesTraversed=24001017 sinkReads=960008 fallbackCo
@solidjs/signals       , 24x8 - 3 sources - dynamic - read 40% (editor derived state) , 2413.30  , 2413.30  , 2413.30  , 0.000    , dynamic        , dynamic rectangular DAG  , nodesRecomputed=5670087 nodesVisited=5670087 edgesTraversed=17010146 sinkReads=900010 fallbackCo
@solidjs/signals       , 120x7 - 5 sources - dynamic - read 18% (kanban board)        , 1575.89  , 1575.89  , 1575.89  , 0.000    , dynamic        , dynamic rectangular DAG  , nodesRecomputed=2700620 nodesVisited=2700620 edgesTraversed=13502767 sinkReads=660022 fallbackCo
@solidjs/signals       , 40x10 - 4 sources - dynamic - read 60% (entity detail page)  , 2308.10  , 2308.10  , 2308.10  , 0.000    , dynamic        , dynamic rectangular DAG  , nodesRecomputed=4320213 nodesVisited=4320213 edgesTraversed=17280788 sinkReads=720024 fallbackCo
@solidjs/signals       , 256->512x32 - fanIn 4 - layered-dag - 4 sources (layered ful , 346.96   , 346.96   , 346.96   , 0.000    , large_graph    , layered DAG              , nodesRecomputed=233240 nodesVisited=233240 edgesTraversed=932960 sinkReads=61952 fallbackCount=0
@solidjs/signals       , 256->512x32 - fanIn 4 - layered-dag - 4 sources - warm 320 ( , 312.75   , 312.75   , 312.75   , 0.000    , large_graph    , layered DAG              , nodesRecomputed=235200 nodesVisited=235200 edgesTraversed=940800 sinkReads=61952 fallbackCount=0
@solidjs/signals       , 256->512x32 - fanIn 8 - layered-dag - 8 sources - burst 16 - , 2260.24  , 2260.24  , 2260.24  , 0.000    , large_graph    , layered DAG              , nodesRecomputed=1529088 nodesVisited=1529088 edgesTraversed=12232704 sinkReads=49664 fallbackCou
@solidjs/signals       , 256->512x32 - fanIn 8 - diamond-mesh - 8 sources - warm 256  , 36.31    , 36.31    , 36.31    , 0.000    , large_graph    , diamond mesh             , nodesRecomputed=24576 nodesVisited=24576 edgesTraversed=196608 sinkReads=49664 fallbackCount=0 h
@solidjs/signals       , 32x8 - 4 sources - pull (pure pull)                          , 40.91    , 40.91    , 40.91    , 0.000    , pull           , stable rectangular DAG   , nodesRecomputed=448 nodesVisited=448 edgesTraversed=1792 sinkReads=32 fallbackCount=0 heightAdju
@solidjs/signals       , 8x64 - 1 sources - pull (linear chain - 1 source - pull (lin , 40.62    , 40.62    , 40.62    , 0.000    , pull           , stable rectangular DAG   , nodesRecomputed=1008 nodesVisited=1008 edgesTraversed=1008 sinkReads=8 fallbackCount=0 heightAdj
@solidjs/signals       , 64x4 - 8 sources - pull (wide tree - 8 sources - pull (branc , 38.16    , 38.16    , 38.16    , 0.000    , pull           , stable rectangular DAG   , nodesRecomputed=384 nodesVisited=384 edgesTraversed=3072 sinkReads=64 fallbackCount=0 heightAdju
@solidjs/signals       , 32x8 - 4 sources - push (pure push)                          , 793.80   , 793.80   , 793.80   , 0.000    , pull           , stable rectangular DAG   , nodesRecomputed=910133 nodesVisited=910133 edgesTraversed=3640532 sinkReads=220010 fallbackCount
@solidjs/signals       , 10x5 - 2 sources - read 20% (simple component)               , 3522.45  , 3522.45  , 3522.45  , 0.000    , pull           , stable rectangular DAG   , nodesRecomputed=8400026 nodesVisited=8400026 edgesTraversed=16800052 sinkReads=1200002 fallbackC
@solidjs/signals       , 10x10 - 6 sources - dynamic - read 20% (dynamic component)   , 893.79   , 893.79   , 893.79   , 0.000    , dynamic        , dynamic rectangular DAG  , nodesRecomputed=1290004 nodesVisited=1290004 edgesTraversed=7739922 sinkReads=30002 fallbackCoun
@solidjs/signals       , 1000x12 - 4 sources - dynamic (large web app)                , 1113.02  , 1113.02  , 1113.02  , 0.000    , dynamic        , dynamic rectangular DAG  , nodesRecomputed=1473786 nodesVisited=1473786 edgesTraversed=5891713 sinkReads=7001000 fallbackCo
@solidjs/signals       , 1000x5 - 25 sources (wide dense)                             , 1631.61  , 1631.61  , 1631.61  , 0.000    , pull           , stable rectangular DAG   , nodesRecomputed=735756 nodesVisited=735756 edgesTraversed=18393900 sinkReads=3001000 fallbackCou
@solidjs/signals       , 5x500 - 3 sources (deep)                                     , 710.76   , 710.76   , 710.76   , 0.000    , pull           , stable rectangular DAG   , nodesRecomputed=1246502 nodesVisited=1246502 edgesTraversed=3739506 sinkReads=2505 fallbackCount
Preact Signals         , avoidablePropagation                                         , 581.45   , 581.45   , 581.45   , 0.000    , baseline       , selective propagation    ,                                                                                                 
Preact Signals         , broadPropagation                                             , 592.48   , 592.48   , 592.48   , 0.000    , baseline       , wide fan-out             ,                                                                                                 
Preact Signals         , deepPropagation                                              , 278.67   , 278.67   , 278.67   , 0.000    , pull           , linear chain             ,                                                                                                 
Preact Signals         , diamond                                                      , 512.44   , 512.44   , 512.44   , 0.000    , baseline       , diamond                  ,                                                                                                 
Preact Signals         , mux                                                          , 573.75   , 573.75   , 573.75   , 0.000    , dynamic        , dynamic branch           ,                                                                                                 
Preact Signals         , repeatedObservers                                            , 133.00   , 133.00   , 133.00   , 0.000    , baseline       , duplicate observer       ,                                                                                                 
Preact Signals         , triangle                                                     , 244.99   , 244.99   , 244.99   , 0.000    , baseline       , glitch-free triangle     ,                                                                                                 
Preact Signals         , unstable                                                     , 164.13   , 164.13   , 164.13   , 0.000    , dynamic        , dynamic dependency churn ,                                                                                                 
Preact Signals         , manyEffectsFromOneSource                                     , 354.44   , 354.44   , 354.44   , 0.000    , push           , wide fan-out             , checksum=180075672000                                                                           
Preact Signals         , manySourcesIntoOneComputedEffectWithDirect                   , 312.18   , 312.18   , 312.18   , 0.000    , pull           , wide fan-in              , checksum=1372929289844                                                                          
Preact Signals         , manySourcesIntoOneComputedEffect                             , 372.60   , 372.60   , 372.60   , 0.000    , pull           , wide fan-in              , checksum=1331323690944                                                                          
Preact Signals         , manySourcesIntoOneDirectEffect                               , 105.29   , 105.29   , 105.29   , 0.000    , pull           , wide fan-in              , checksum=41605598900                                                                            
Preact Signals         , molBench                                                     , 520.64   , 520.64   , 520.64   , 0.000    , dynamic        , mixed app graph          ,                                                                                                 
Preact Signals         , createDataSignals                                            , 13.36    , 13.36    , 13.36    , 0.000    , creation       , signal creation          ,                                                                                                 
Preact Signals         , createComputations0to1                                       , 10.15    , 10.15    , 10.15    , 0.000    , creation       , computed creation        ,                                                                                                 
Preact Signals         , createComputations1to1                                       , 20.05    , 20.05    , 20.05    , 0.000    , creation       , computed creation        ,                                                                                                 
Preact Signals         , createComputations2to1                                       , 15.26    , 15.26    , 15.26    , 0.000    , creation       , computed creation        ,                                                                                                 
Preact Signals         , createComputations4to1                                       , 7.21     , 7.21     , 7.21     , 0.000    , creation       , computed creation        ,                                                                                                 
Preact Signals         , createComputations1000to1                                    , 5.27     , 5.27     , 5.27     , 0.000    , creation       , computed creation        ,                                                                                                 
Preact Signals         , createComputations1to2                                       , 11.03    , 11.03    , 11.03    , 0.000    , creation       , computed creation        ,                                                                                                 
Preact Signals         , createComputations1to4                                       , 9.85     , 9.85     , 9.85     , 0.000    , creation       , computed creation        ,                                                                                                 
Preact Signals         , createComputations1to8                                       , 6.69     , 6.69     , 6.69     , 0.000    , creation       , computed creation        ,                                                                                                 
Preact Signals         , createComputations1to1000                                    , 11.02    , 11.02    , 11.02    , 0.000    , creation       , computed creation        ,                                                                                                 
Preact Signals         , updateComputations1to1                                       , 9.37     , 9.37     , 9.37     , 0.000    , update         , stable update            ,                                                                                                 
Preact Signals         , updateComputations2to1                                       , 8.24     , 8.24     , 8.24     , 0.000    , update         , stable update            ,                                                                                                 
Preact Signals         , updateComputations4to1                                       , 3.82     , 3.82     , 3.82     , 0.000    , update         , stable update            ,                                                                                                 
Preact Signals         , updateComputations1000to1                                    , 0.24     , 0.24     , 0.24     , 0.000    , update         , stable update            ,                                                                                                 
Preact Signals         , updateComputations1to2                                       , 6.92     , 6.92     , 6.92     , 0.000    , update         , stable update            ,                                                                                                 
Preact Signals         , updateComputations1to4                                       , 3.58     , 3.58     , 3.58     , 0.000    , update         , stable update            ,                                                                                                 
Preact Signals         , updateComputations1to1000                                    , 0.37     , 0.37     , 0.37     , 0.000    , update         , stable update            ,                                                                                                 
Preact Signals         , 64x6 - 4 sources - dynamic - read 12% (dashboard selective r , 1285.46  , 1285.46  , 1285.46  , 0.000    , dynamic        , dynamic rectangular DAG  , nodesRecomputed=2642029 nodesVisited=2642029 edgesTraversed=10568081 sinkReads=960008           
Preact Signals         , 24x8 - 3 sources - dynamic - read 40% (editor derived state) , 1144.39  , 1144.39  , 1144.39  , 0.000    , dynamic        , dynamic rectangular DAG  , nodesRecomputed=4736332 nodesVisited=4736332 edgesTraversed=14208887 sinkReads=900010           
Preact Signals         , 120x7 - 5 sources - dynamic - read 18% (kanban board)        , 1329.19  , 1329.19  , 1329.19  , 0.000    , dynamic        , dynamic rectangular DAG  , nodesRecomputed=1765496 nodesVisited=1765496 edgesTraversed=8827231 sinkReads=660022            
Preact Signals         , 40x10 - 4 sources - dynamic - read 60% (entity detail page)  , 1198.78  , 1198.78  , 1198.78  , 0.000    , dynamic        , dynamic rectangular DAG  , nodesRecomputed=3984210 nodesVisited=3984210 edgesTraversed=15936789 sinkReads=720024           
Preact Signals         , 256->512x32 - fanIn 4 - layered-dag - 4 sources (layered ful , 452.36   , 452.36   , 452.36   , 0.000    , large_graph    , layered DAG              , nodesRecomputed=249624 nodesVisited=249624 edgesTraversed=998496 sinkReads=61952                
Preact Signals         , 256->512x32 - fanIn 4 - layered-dag - 4 sources - warm 320 ( , 290.48   , 290.48   , 290.48   , 0.000    , large_graph    , layered DAG              , nodesRecomputed=235200 nodesVisited=235200 edgesTraversed=940800 sinkReads=61952                
Preact Signals         , 256->512x32 - fanIn 8 - layered-dag - 8 sources - burst 16 - , 1271.99  , 1271.99  , 1271.99  , 0.000    , large_graph    , layered DAG              , nodesRecomputed=1529088 nodesVisited=1529088 edgesTraversed=12232704 sinkReads=49664            
Preact Signals         , 256->512x32 - fanIn 8 - diamond-mesh - 8 sources - warm 256  , 206.64   , 206.64   , 206.64   , 0.000    , large_graph    , diamond mesh             , nodesRecomputed=24576 nodesVisited=24576 edgesTraversed=196608 sinkReads=49664                  
Preact Signals         , 32x8 - 4 sources - pull (pure pull)                          , 37.09    , 37.09    , 37.09    , 0.000    , pull           , stable rectangular DAG   , nodesRecomputed=224 nodesVisited=224 edgesTraversed=896 sinkReads=32                            
Preact Signals         , 8x64 - 1 sources - pull (linear chain - 1 source - pull (lin , 47.79    , 47.79    , 47.79    , 0.000    , pull           , stable rectangular DAG   , nodesRecomputed=504 nodesVisited=504 edgesTraversed=504 sinkReads=8                             
Preact Signals         , 64x4 - 8 sources - pull (wide tree - 8 sources - pull (branc , 31.00    , 31.00    , 31.00    , 0.000    , pull           , stable rectangular DAG   , nodesRecomputed=192 nodesVisited=192 edgesTraversed=1536 sinkReads=64                           
Preact Signals         , 32x8 - 4 sources - push (pure push)                          , 289.12   , 289.12   , 289.12   , 0.000    , pull           , stable rectangular DAG   , nodesRecomputed=910133 nodesVisited=910133 edgesTraversed=3640532 sinkReads=220010              
Preact Signals         , 10x5 - 2 sources - read 20% (simple component)               , 610.28   , 610.28   , 610.28   , 0.000    , pull           , stable rectangular DAG   , nodesRecomputed=3180010 nodesVisited=3180010 edgesTraversed=6360020 sinkReads=1200002           
Preact Signals         , 10x10 - 6 sources - dynamic - read 20% (dynamic component)   , 350.00   , 350.00   , 350.00   , 0.000    , dynamic        , dynamic rectangular DAG  , nodesRecomputed=1140004 nodesVisited=1140004 edgesTraversed=6839936 sinkReads=30002             
Preact Signals         , 1000x12 - 4 sources - dynamic (large web app)                , 6035.33  , 6035.33  , 6035.33  , 0.000    , dynamic        , dynamic rectangular DAG  , nodesRecomputed=1473786 nodesVisited=1473786 edgesTraversed=5891713 sinkReads=7001000           
Preact Signals         , 1000x5 - 25 sources (wide dense)                             , 4602.08  , 4602.08  , 4602.08  , 0.000    , pull           , stable rectangular DAG   , nodesRecomputed=735756 nodesVisited=735756 edgesTraversed=18393900 sinkReads=3001000            
Preact Signals         , 5x500 - 3 sources (deep)                                     , 323.23   , 323.23   , 323.23   , 0.000    , pull           , stable rectangular DAG   , nodesRecomputed=1246502 nodesVisited=1246502 edgesTraversed=3739506 sinkReads=2505              
@reactively            , avoidablePropagation                                         , 697.54   , 697.54   , 697.54   , 0.000    , baseline       , selective propagation    ,                                                                                                 
@reactively            , broadPropagation                                             , 652.91   , 652.91   , 652.91   , 0.000    , baseline       , wide fan-out             ,                                                                                                 
@reactively            , deepPropagation                                              , 289.65   , 289.65   , 289.65   , 0.000    , pull           , linear chain             ,                                                                                                 
@reactively            , diamond                                                      , 552.23   , 552.23   , 552.23   , 0.000    , baseline       , diamond                  ,                                                                                                 
@reactively            , mux                                                          , 680.09   , 680.09   , 680.09   , 0.000    , dynamic        , dynamic branch           ,                                                                                                 
@reactively            , repeatedObservers                                            , 147.92   , 147.92   , 147.92   , 0.000    , baseline       , duplicate observer       ,                                                                                                 
@reactively            , triangle                                                     , 202.78   , 202.78   , 202.78   , 0.000    , baseline       , glitch-free triangle     ,                                                                                                 
@reactively            , unstable                                                     , 271.21   , 271.21   , 271.21   , 0.000    , dynamic        , dynamic dependency churn ,                                                                                                 
@reactively            , manyEffectsFromOneSource                                     , 379.18   , 379.18   , 379.18   , 0.000    , push           , wide fan-out             , checksum=180075672000                                                                           
@reactively            , manySourcesIntoOneComputedEffectWithDirect                   , 187.42   , 187.42   , 187.42   , 0.000    , pull           , wide fan-in              , checksum=1372929290292                                                                          
@reactively            , manySourcesIntoOneComputedEffect                             , 187.63   , 187.63   , 187.63   , 0.000    , pull           , wide fan-in              , checksum=1331323690944                                                                          
@reactively            , manySourcesIntoOneDirectEffect                               , 80.14    , 80.14    , 80.14    , 0.000    , pull           , wide fan-in              , checksum=41605599348                                                                            
@reactively            , molBench                                                     , 529.95   , 529.95   , 529.95   , 0.000    , dynamic        , mixed app graph          ,                                                                                                 
@reactively            , createDataSignals                                            , 13.88    , 13.88    , 13.88    , 0.000    , creation       , signal creation          ,                                                                                                 
@reactively            , createComputations0to1                                       , 11.01    , 11.01    , 11.01    , 0.000    , creation       , computed creation        ,                                                                                                 
@reactively            , createComputations1to1                                       , 15.27    , 15.27    , 15.27    , 0.000    , creation       , computed creation        ,                                                                                                 
@reactively            , createComputations2to1                                       , 12.87    , 12.87    , 12.87    , 0.000    , creation       , computed creation        ,                                                                                                 
@reactively            , createComputations4to1                                       , 9.27     , 9.27     , 9.27     , 0.000    , creation       , computed creation        ,                                                                                                 
@reactively            , createComputations1000to1                                    , 0.05     , 0.05     , 0.05     , 0.000    , creation       , computed creation        ,                                                                                                 
@reactively            , createComputations1to2                                       , 12.53    , 12.53    , 12.53    , 0.000    , creation       , computed creation        ,                                                                                                 
@reactively            , createComputations1to4                                       , 6.87     , 6.87     , 6.87     , 0.000    , creation       , computed creation        ,                                                                                                 
@reactively            , createComputations1to8                                       , 7.33     , 7.33     , 7.33     , 0.000    , creation       , computed creation        ,                                                                                                 
@reactively            , createComputations1to1000                                    , 11.03    , 11.03    , 11.03    , 0.000    , creation       , computed creation        ,                                                                                                 
@reactively            , updateComputations1to1                                       , 3.85     , 3.85     , 3.85     , 0.000    , update         , stable update            ,                                                                                                 
@reactively            , updateComputations2to1                                       , 3.26     , 3.26     , 3.26     , 0.000    , update         , stable update            ,                                                                                                 
@reactively            , updateComputations4to1                                       , 3.07     , 3.07     , 3.07     , 0.000    , update         , stable update            ,                                                                                                 
@reactively            , updateComputations1000to1                                    , 0.14     , 0.14     , 0.14     , 0.000    , update         , stable update            ,                                                                                                 
@reactively            , updateComputations1to2                                       , 3.30     , 3.30     , 3.30     , 0.000    , update         , stable update            ,                                                                                                 
@reactively            , updateComputations1to4                                       , 4.41     , 4.41     , 4.41     , 0.000    , update         , stable update            ,                                                                                                 
@reactively            , updateComputations1to1000                                    , 0.33     , 0.33     , 0.33     , 0.000    , update         , stable update            ,                                                                                                 
@reactively            , 64x6 - 4 sources - dynamic - read 12% (dashboard selective r , 622.78   , 622.78   , 622.78   , 0.000    , dynamic        , dynamic rectangular DAG  , nodesRecomputed=2642029 nodesVisited=2642029 edgesTraversed=10568081 sinkReads=960008           
@reactively            , 24x8 - 3 sources - dynamic - read 40% (editor derived state) , 901.40   , 901.40   , 901.40   , 0.000    , dynamic        , dynamic rectangular DAG  , nodesRecomputed=4736332 nodesVisited=4736332 edgesTraversed=14208887 sinkReads=900010           
@reactively            , 120x7 - 5 sources - dynamic - read 18% (kanban board)        , 485.15   , 485.15   , 485.15   , 0.000    , dynamic        , dynamic rectangular DAG  , nodesRecomputed=1765496 nodesVisited=1765496 edgesTraversed=8827231 sinkReads=660022            
@reactively            , 40x10 - 4 sources - dynamic - read 60% (entity detail page)  , 1071.90  , 1071.90  , 1071.90  , 0.000    , dynamic        , dynamic rectangular DAG  , nodesRecomputed=3984210 nodesVisited=3984210 edgesTraversed=15936789 sinkReads=720024           
@reactively            , 256->512x32 - fanIn 4 - layered-dag - 4 sources (layered ful , 258.58   , 258.58   , 258.58   , 0.000    , large_graph    , layered DAG              , nodesRecomputed=249624 nodesVisited=249624 edgesTraversed=998496 sinkReads=61952                
@reactively            , 256->512x32 - fanIn 4 - layered-dag - 4 sources - warm 320 ( , 153.04   , 153.04   , 153.04   , 0.000    , large_graph    , layered DAG              , nodesRecomputed=235200 nodesVisited=235200 edgesTraversed=940800 sinkReads=61952                
@reactively            , 256->512x32 - fanIn 8 - layered-dag - 8 sources - burst 16 - , 1215.81  , 1215.81  , 1215.81  , 0.000    , large_graph    , layered DAG              , nodesRecomputed=1529088 nodesVisited=1529088 edgesTraversed=12232704 sinkReads=49664            
@reactively            , 256->512x32 - fanIn 8 - diamond-mesh - 8 sources - warm 256  , 11.28    , 11.28    , 11.28    , 0.000    , large_graph    , diamond mesh             , nodesRecomputed=24576 nodesVisited=24576 edgesTraversed=196608 sinkReads=49664                  
@reactively            , 32x8 - 4 sources - pull (pure pull)                          , 33.93    , 33.93    , 33.93    , 0.000    , pull           , stable rectangular DAG   , nodesRecomputed=224 nodesVisited=224 edgesTraversed=896 sinkReads=32                            
@reactively            , 8x64 - 1 sources - pull (linear chain - 1 source - pull (lin , 39.34    , 39.34    , 39.34    , 0.000    , pull           , stable rectangular DAG   , nodesRecomputed=504 nodesVisited=504 edgesTraversed=504 sinkReads=8                             
@reactively            , 64x4 - 8 sources - pull (wide tree - 8 sources - pull (branc , 31.27    , 31.27    , 31.27    , 0.000    , pull           , stable rectangular DAG   , nodesRecomputed=192 nodesVisited=192 edgesTraversed=1536 sinkReads=64                           
@reactively            , 32x8 - 4 sources - push (pure push)                          , 259.83   , 259.83   , 259.83   , 0.000    , pull           , stable rectangular DAG   , nodesRecomputed=910133 nodesVisited=910133 edgesTraversed=3640532 sinkReads=220042              
@reactively            , 10x5 - 2 sources - read 20% (simple component)               , 412.76   , 412.76   , 412.76   , 0.000    , pull           , stable rectangular DAG   , nodesRecomputed=3180010 nodesVisited=3180010 edgesTraversed=6360020 sinkReads=1200002           
@reactively            , 10x10 - 6 sources - dynamic - read 20% (dynamic component)   , 358.64   , 358.64   , 358.64   , 0.000    , dynamic        , dynamic rectangular DAG  , nodesRecomputed=1140004 nodesVisited=1140004 edgesTraversed=6839936 sinkReads=30002             
@reactively            , 1000x12 - 4 sources - dynamic (large web app)                , 588.82   , 588.82   , 588.82   , 0.000    , dynamic        , dynamic rectangular DAG  , nodesRecomputed=1473786 nodesVisited=1473786 edgesTraversed=5891713 sinkReads=7001000           
@reactively            , 1000x5 - 25 sources (wide dense)                             , 795.90   , 795.90   , 795.90   , 0.000    , pull           , stable rectangular DAG   , nodesRecomputed=735756 nodesVisited=735756 edgesTraversed=18393900 sinkReads=3001000            
@reactively            , 5x500 - 3 sources (deep)                                     , 416.45   , 416.45   , 416.45   , 0.000    , pull           , stable rectangular DAG   , nodesRecomputed=1246502 nodesVisited=1246502 edgesTraversed=3739506 sinkReads=2505              
s-js                   , avoidablePropagation                                         , 820.52   , 820.52   , 820.52   , 0.000    , baseline       , selective propagation    ,                                                                                                 
s-js                   , broadPropagation                                             , 584.05   , 584.05   , 584.05   , 0.000    , baseline       , wide fan-out             ,                                                                                                 
s-js                   , deepPropagation                                              , 228.80   , 228.80   , 228.80   , 0.000    , pull           , linear chain             ,                                                                                                 
s-js                   , diamond                                                      , 515.24   , 515.24   , 515.24   , 0.000    , baseline       , diamond                  ,                                                                                                 
s-js                   , mux                                                          , 833.31   , 833.31   , 833.31   , 0.000    , dynamic        , dynamic branch           ,                                                                                                 
s-js                   , repeatedObservers                                            , 202.18   , 202.18   , 202.18   , 0.000    , baseline       , duplicate observer       ,                                                                                                 
s-js                   , triangle                                                     , 231.73   , 231.73   , 231.73   , 0.000    , baseline       , glitch-free triangle     ,                                                                                                 
s-js                   , unstable                                                     , 235.65   , 235.65   , 235.65   , 0.000    , dynamic        , dynamic dependency churn ,                                                                                                 
s-js                   , manyEffectsFromOneSource                                     , 399.35   , 399.35   , 399.35   , 0.000    , push           , wide fan-out             , checksum=180075672000                                                                           
s-js                   , manySourcesIntoOneComputedEffectWithDirect                   , 281.48   , 281.48   , 281.48   , 0.000    , pull           , wide fan-in              , checksum=1372929289844                                                                          
s-js                   , manySourcesIntoOneComputedEffect                             , 254.05   , 254.05   , 254.05   , 0.000    , pull           , wide fan-in              , checksum=1331323690944                                                                          
s-js                   , manySourcesIntoOneDirectEffect                               , 97.35    , 97.35    , 97.35    , 0.000    , pull           , wide fan-in              , checksum=41605598900                                                                            
s-js                   , molBench                                                     , 1301.32  , 1301.32  , 1301.32  , 0.000    , dynamic        , mixed app graph          ,                                                                                                 
s-js                   , createDataSignals                                            , 42.06    , 42.06    , 42.06    , 0.000    , creation       , signal creation          ,                                                                                                 
s-js                   , createComputations0to1                                       , 8.63     , 8.63     , 8.63     , 0.000    , creation       , computed creation        ,                                                                                                 
s-js                   , createComputations1to1                                       , 42.59    , 42.59    , 42.59    , 0.000    , creation       , computed creation        ,                                                                                                 
s-js                   , createComputations2to1                                       , 50.02    , 50.02    , 50.02    , 0.000    , creation       , computed creation        ,                                                                                                 
s-js                   , createComputations4to1                                       , 61.55    , 61.55    , 61.55    , 0.000    , creation       , computed creation        ,                                                                                                 
s-js                   , createComputations1000to1                                    , 14.68    , 14.68    , 14.68    , 0.000    , creation       , computed creation        ,                                                                                                 
s-js                   , createComputations1to2                                       , 47.37    , 47.37    , 47.37    , 0.000    , creation       , computed creation        ,                                                                                                 
s-js                   , createComputations1to4                                       , 56.24    , 56.24    , 56.24    , 0.000    , creation       , computed creation        ,                                                                                                 
s-js                   , createComputations1to8                                       , 83.82    , 83.82    , 83.82    , 0.000    , creation       , computed creation        ,                                                                                                 
s-js                   , createComputations1to1000                                    , 51.25    , 51.25    , 51.25    , 0.000    , creation       , computed creation        ,                                                                                                 
s-js                   , updateComputations1to1                                       , 48.92    , 48.92    , 48.92    , 0.000    , update         , stable update            ,                                                                                                 
s-js                   , updateComputations2to1                                       , 30.20    , 30.20    , 30.20    , 0.000    , update         , stable update            ,                                                                                                 
s-js                   , updateComputations4to1                                       , 27.49    , 27.49    , 27.49    , 0.000    , update         , stable update            ,                                                                                                 
s-js                   , updateComputations1000to1                                    , 31.37    , 31.37    , 31.37    , 0.000    , update         , stable update            ,                                                                                                 
s-js                   , updateComputations1to2                                       , 41.15    , 41.15    , 41.15    , 0.000    , update         , stable update            ,                                                                                                 
s-js                   , updateComputations1to4                                       , 51.00    , 51.00    , 51.00    , 0.000    , update         , stable update            ,                                                                                                 
s-js                   , updateComputations1to1000                                    , 29.80    , 29.80    , 29.80    , 0.000    , update         , stable update            ,                                                                                                 
s-js                   , 64x6 - 4 sources - dynamic - read 12% (dashboard selective r , 1687.79  , 1687.79  , 1687.79  , 0.000    , dynamic        , dynamic rectangular DAG  , nodesRecomputed=6000270 nodesVisited=6000270 edgesTraversed=24001017 sinkReads=960008           
s-js                   , 24x8 - 3 sources - dynamic - read 40% (editor derived state) , 1384.98  , 1384.98  , 1384.98  , 0.000    , dynamic        , dynamic rectangular DAG  , nodesRecomputed=5670087 nodesVisited=5670087 edgesTraversed=17010146 sinkReads=900010           
s-js                   , 120x7 - 5 sources - dynamic - read 18% (kanban board)        , 1027.52  , 1027.52  , 1027.52  , 0.000    , dynamic        , dynamic rectangular DAG  , nodesRecomputed=2700620 nodesVisited=2700620 edgesTraversed=13502767 sinkReads=660022           
s-js                   , 40x10 - 4 sources - dynamic - read 60% (entity detail page)  , 1429.81  , 1429.81  , 1429.81  , 0.000    , dynamic        , dynamic rectangular DAG  , nodesRecomputed=4320213 nodesVisited=4320213 edgesTraversed=17280788 sinkReads=720024           
s-js                   , 256->512x32 - fanIn 4 - layered-dag - 4 sources (layered ful , 317.88   , 317.88   , 317.88   , 0.000    , large_graph    , layered DAG              , nodesRecomputed=233240 nodesVisited=233240 edgesTraversed=932960 sinkReads=61952                
s-js                   , 256->512x32 - fanIn 4 - layered-dag - 4 sources - warm 320 ( , 340.09   , 340.09   , 340.09   , 0.000    , large_graph    , layered DAG              , nodesRecomputed=235200 nodesVisited=235200 edgesTraversed=940800 sinkReads=61952                
s-js                   , 256->512x32 - fanIn 8 - layered-dag - 8 sources - burst 16 - , 2660.21  , 2660.21  , 2660.21  , 0.000    , large_graph    , layered DAG              , nodesRecomputed=1529088 nodesVisited=1529088 edgesTraversed=12232704 sinkReads=49664            
s-js                   , 256->512x32 - fanIn 8 - diamond-mesh - 8 sources - warm 256  , 16.57    , 16.57    , 16.57    , 0.000    , large_graph    , diamond mesh             , nodesRecomputed=24576 nodesVisited=24576 edgesTraversed=196608 sinkReads=49664                  
s-js                   , 32x8 - 4 sources - pull (pure pull)                          , 315.45   , 315.45   , 315.45   , 0.000    , pull           , stable rectangular DAG   , nodesRecomputed=910133 nodesVisited=910133 edgesTraversed=3640532 sinkReads=32                  
s-js                   , 8x64 - 1 sources - pull (linear chain - 1 source - pull (lin , 108.56   , 108.56   , 108.56   , 0.000    , pull           , stable rectangular DAG   , nodesRecomputed=630441 nodesVisited=630441 edgesTraversed=630441 sinkReads=8                    
s-js                   , 64x4 - 8 sources - pull (wide tree - 8 sources - pull (branc , 248.51   , 248.51   , 248.51   , 0.000    , pull           , stable rectangular DAG   , nodesRecomputed=450147 nodesVisited=450147 edgesTraversed=3601176 sinkReads=64                  
s-js                   , 32x8 - 4 sources - push (pure push)                          , 344.31   , 344.31   , 344.31   , 0.000    , pull           , stable rectangular DAG   , nodesRecomputed=910133 nodesVisited=910133 edgesTraversed=3640532 sinkReads=220010              
s-js                   , 10x5 - 2 sources - read 20% (simple component)               , 1192.57  , 1192.57  , 1192.57  , 0.000    , pull           , stable rectangular DAG   , nodesRecomputed=8400026 nodesVisited=8400026 edgesTraversed=16800052 sinkReads=1200002          
s-js                   , 10x10 - 6 sources - dynamic - read 20% (dynamic component)   , 533.22   , 533.22   , 533.22   , 0.000    , dynamic        , dynamic rectangular DAG  , nodesRecomputed=1290004 nodesVisited=1290004 edgesTraversed=7739922 sinkReads=30002             
s-js                   , 1000x12 - 4 sources - dynamic (large web app)                , 715.30   , 715.30   , 715.30   , 0.000    , dynamic        , dynamic rectangular DAG  , nodesRecomputed=1473786 nodesVisited=1473786 edgesTraversed=5891713 sinkReads=7001000           
s-js                   , 1000x5 - 25 sources (wide dense)                             , 1451.10  , 1451.10  , 1451.10  , 0.000    , pull           , stable rectangular DAG   , nodesRecomputed=735756 nodesVisited=735756 edgesTraversed=18393900 sinkReads=3001000            
s-js                   , 5x500 - 3 sources (deep)                                     , 623.74   , 623.74   , 623.74   , 0.000    , pull           , stable rectangular DAG   , nodesRecomputed=1246502 nodesVisited=1246502 edgesTraversed=3739506 sinkReads=2505              
@amadeus-it-group/tans , avoidablePropagation                                         , 1142.42  , 1142.42  , 1142.42  , 0.000    , baseline       , selective propagation    ,                                                                                                 
@amadeus-it-group/tans , broadPropagation                                             , 1787.91  , 1787.91  , 1787.91  , 0.000    , baseline       , wide fan-out             ,                                                                                                 
@amadeus-it-group/tans , deepPropagation                                              , 560.79   , 560.79   , 560.79   , 0.000    , pull           , linear chain             ,                                                                                                 
@amadeus-it-group/tans , diamond                                                      , 930.60   , 930.60   , 930.60   , 0.000    , baseline       , diamond                  ,                                                                                                 
@amadeus-it-group/tans , mux                                                          , 1027.83  , 1027.83  , 1027.83  , 0.000    , dynamic        , dynamic branch           ,                                                                                                 
@amadeus-it-group/tans , repeatedObservers                                            , 241.09   , 241.09   , 241.09   , 0.000    , baseline       , duplicate observer       ,                                                                                                 
@amadeus-it-group/tans , triangle                                                     , 324.87   , 324.87   , 324.87   , 0.000    , baseline       , glitch-free triangle     ,                                                                                                 
@amadeus-it-group/tans , unstable                                                     , 406.14   , 406.14   , 406.14   , 0.000    , dynamic        , dynamic dependency churn ,                                                                                                 
@amadeus-it-group/tans , manyEffectsFromOneSource                                     , 1034.03  , 1034.03  , 1034.03  , 0.000    , push           , wide fan-out             , checksum=180075672000                                                                           
@amadeus-it-group/tans , manySourcesIntoOneComputedEffectWithDirect                   , 362.02   , 362.02   , 362.02   , 0.000    , pull           , wide fan-in              , checksum=1372929289844                                                                          
@amadeus-it-group/tans , manySourcesIntoOneComputedEffect                             , 340.28   , 340.28   , 340.28   , 0.000    , pull           , wide fan-in              , checksum=1331323690944                                                                          
@amadeus-it-group/tans , manySourcesIntoOneDirectEffect                               , 100.72   , 100.72   , 100.72   , 0.000    , pull           , wide fan-in              , checksum=41605598900                                                                            
@amadeus-it-group/tans , molBench                                                     , 877.35   , 877.35   , 877.35   , 0.000    , dynamic        , mixed app graph          ,                                                                                                 
@amadeus-it-group/tans , createDataSignals                                            , 13.89    , 13.89    , 13.89    , 0.000    , creation       , signal creation          ,                                                                                                 
@amadeus-it-group/tans , createComputations0to1                                       , 20.77    , 20.77    , 20.77    , 0.000    , creation       , computed creation        ,                                                                                                 
@amadeus-it-group/tans , createComputations1to1                                       , 33.08    , 33.08    , 33.08    , 0.000    , creation       , computed creation        ,                                                                                                 
@amadeus-it-group/tans , createComputations2to1                                       , 22.45    , 22.45    , 22.45    , 0.000    , creation       , computed creation        ,                                                                                                 
@amadeus-it-group/tans , createComputations4to1                                       , 24.28    , 24.28    , 24.28    , 0.000    , creation       , computed creation        ,                                                                                                 
@amadeus-it-group/tans , createComputations1000to1                                    , 0.22     , 0.22     , 0.22     , 0.000    , creation       , computed creation        ,                                                                                                 
@amadeus-it-group/tans , createComputations1to2                                       , 44.87    , 44.87    , 44.87    , 0.000    , creation       , computed creation        ,                                                                                                 
@amadeus-it-group/tans , createComputations1to4                                       , 26.29    , 26.29    , 26.29    , 0.000    , creation       , computed creation        ,                                                                                                 
@amadeus-it-group/tans , createComputations1to8                                       , 28.20    , 28.20    , 28.20    , 0.000    , creation       , computed creation        ,                                                                                                 
@amadeus-it-group/tans , createComputations1to1000                                    , 25.11    , 25.11    , 25.11    , 0.000    , creation       , computed creation        ,                                                                                                 
@amadeus-it-group/tans , updateComputations1to1                                       , 9.70     , 9.70     , 9.70     , 0.000    , update         , stable update            ,                                                                                                 
@amadeus-it-group/tans , updateComputations2to1                                       , 8.15     , 8.15     , 8.15     , 0.000    , update         , stable update            ,                                                                                                 
@amadeus-it-group/tans , updateComputations4to1                                       , 6.31     , 6.31     , 6.31     , 0.000    , update         , stable update            ,                                                                                                 
@amadeus-it-group/tans , updateComputations1000to1                                    , 0.38     , 0.38     , 0.38     , 0.000    , update         , stable update            ,                                                                                                 
@amadeus-it-group/tans , updateComputations1to2                                       , 8.26     , 8.26     , 8.26     , 0.000    , update         , stable update            ,                                                                                                 
@amadeus-it-group/tans , updateComputations1to4                                       , 4.23     , 4.23     , 4.23     , 0.000    , update         , stable update            ,                                                                                                 
@amadeus-it-group/tans , updateComputations1to1000                                    , 1.17     , 1.17     , 1.17     , 0.000    , update         , stable update            ,                                                                                                 
@amadeus-it-group/tans , 64x6 - 4 sources - dynamic - read 12% (dashboard selective r , 1012.32  , 1012.32  , 1012.32  , 0.000    , dynamic        , dynamic rectangular DAG  , nodesRecomputed=2642029 nodesVisited=2642029 edgesTraversed=10568081 sinkReads=960008           
@amadeus-it-group/tans , 24x8 - 3 sources - dynamic - read 40% (editor derived state) , 1597.68  , 1597.68  , 1597.68  , 0.000    , dynamic        , dynamic rectangular DAG  , nodesRecomputed=4736332 nodesVisited=4736332 edgesTraversed=14208887 sinkReads=900010           
@amadeus-it-group/tans , 120x7 - 5 sources - dynamic - read 18% (kanban board)        , 793.58   , 793.58   , 793.58   , 0.000    , dynamic        , dynamic rectangular DAG  , nodesRecomputed=1765496 nodesVisited=1765496 edgesTraversed=8827231 sinkReads=660022            
@amadeus-it-group/tans , 40x10 - 4 sources - dynamic - read 60% (entity detail page)  , 1658.37  , 1658.37  , 1658.37  , 0.000    , dynamic        , dynamic rectangular DAG  , nodesRecomputed=3984210 nodesVisited=3984210 edgesTraversed=15936789 sinkReads=720024           
@amadeus-it-group/tans , 256->512x32 - fanIn 4 - layered-dag - 4 sources (layered ful , 288.02   , 288.02   , 288.02   , 0.000    , large_graph    , layered DAG              , nodesRecomputed=249624 nodesVisited=249624 edgesTraversed=998496 sinkReads=61952                
@amadeus-it-group/tans , 256->512x32 - fanIn 4 - layered-dag - 4 sources - warm 320 ( , 243.94   , 243.94   , 243.94   , 0.000    , large_graph    , layered DAG              , nodesRecomputed=235200 nodesVisited=235200 edgesTraversed=940800 sinkReads=61952                
@amadeus-it-group/tans , 256->512x32 - fanIn 8 - layered-dag - 8 sources - burst 16 - , 1995.98  , 1995.98  , 1995.98  , 0.000    , large_graph    , layered DAG              , nodesRecomputed=1529088 nodesVisited=1529088 edgesTraversed=12232704 sinkReads=49664            
@amadeus-it-group/tans , 256->512x32 - fanIn 8 - diamond-mesh - 8 sources - warm 256  , 16.77    , 16.77    , 16.77    , 0.000    , large_graph    , diamond mesh             , nodesRecomputed=24576 nodesVisited=24576 edgesTraversed=196608 sinkReads=49664                  
@amadeus-it-group/tans , 32x8 - 4 sources - pull (pure pull)                          , 36.42    , 36.42    , 36.42    , 0.000    , pull           , stable rectangular DAG   , nodesRecomputed=224 nodesVisited=224 edgesTraversed=896 sinkReads=32                            
@amadeus-it-group/tans , 8x64 - 1 sources - pull (linear chain - 1 source - pull (lin , 41.81    , 41.81    , 41.81    , 0.000    , pull           , stable rectangular DAG   , nodesRecomputed=504 nodesVisited=504 edgesTraversed=504 sinkReads=8                             
@amadeus-it-group/tans , 64x4 - 8 sources - pull (wide tree - 8 sources - pull (branc , 34.02    , 34.02    , 34.02    , 0.000    , pull           , stable rectangular DAG   , nodesRecomputed=192 nodesVisited=192 edgesTraversed=1536 sinkReads=64                           
@amadeus-it-group/tans , 32x8 - 4 sources - push (pure push)                          , 428.91   , 428.91   , 428.91   , 0.000    , pull           , stable rectangular DAG   , nodesRecomputed=910133 nodesVisited=910133 edgesTraversed=3640532 sinkReads=220010              
@amadeus-it-group/tans , 10x5 - 2 sources - read 20% (simple component)               , 811.73   , 811.73   , 811.73   , 0.000    , pull           , stable rectangular DAG   , nodesRecomputed=3180010 nodesVisited=3180010 edgesTraversed=6360020 sinkReads=1200002           
@amadeus-it-group/tans , 10x10 - 6 sources - dynamic - read 20% (dynamic component)   , 539.99   , 539.99   , 539.99   , 0.000    , dynamic        , dynamic rectangular DAG  , nodesRecomputed=1140004 nodesVisited=1140004 edgesTraversed=6839936 sinkReads=30002             
@amadeus-it-group/tans , 1000x12 - 4 sources - dynamic (large web app)                , 967.24   , 967.24   , 967.24   , 0.000    , dynamic        , dynamic rectangular DAG  , nodesRecomputed=1473786 nodesVisited=1473786 edgesTraversed=5891713 sinkReads=7001000           
@amadeus-it-group/tans , 1000x5 - 25 sources (wide dense)                             , 1111.36  , 1111.36  , 1111.36  , 0.000    , pull           , stable rectangular DAG   , nodesRecomputed=735756 nodesVisited=735756 edgesTraversed=18393900 sinkReads=3001000            
@amadeus-it-group/tans , 5x500 - 3 sources (deep)                                     , 735.70   , 735.70   , 735.70   , 0.000    , pull           , stable rectangular DAG   , nodesRecomputed=1246502 nodesVisited=1246502 edgesTraversed=3739506 sinkReads=2505              
$mol_wire              , avoidablePropagation                                         , 1078.95  , 1078.95  , 1078.95  , 0.000    , baseline       , selective propagation    ,                                                                                                 
$mol_wire              , broadPropagation                                             , 2227.10  , 2227.10  , 2227.10  , 0.000    , baseline       , wide fan-out             ,                                                                                                 
$mol_wire              , deepPropagation                                              , 680.87   , 680.87   , 680.87   , 0.000    , pull           , linear chain             ,                                                                                                 
$mol_wire              , diamond                                                      , 1311.18  , 1311.18  , 1311.18  , 0.000    , baseline       , diamond                  ,                                                                                                 
$mol_wire              , mux                                                          , 1498.86  , 1498.86  , 1498.86  , 0.000    , dynamic        , dynamic branch           ,                                                                                                 
$mol_wire              , repeatedObservers                                            , 363.33   , 363.33   , 363.33   , 0.000    , baseline       , duplicate observer       ,                                                                                                 
$mol_wire              , triangle                                                     , 500.22   , 500.22   , 500.22   , 0.000    , baseline       , glitch-free triangle     ,                                                                                                 
$mol_wire              , unstable                                                     , 690.53   , 690.53   , 690.53   , 0.000    , dynamic        , dynamic dependency churn ,                                                                                                 
$mol_wire              , manyEffectsFromOneSource                                     , 1672.17  , 1672.17  , 1672.17  , 0.000    , push           , wide fan-out             , checksum=180075672000                                                                           
$mol_wire              , manySourcesIntoOneComputedEffectWithDirect                   , 359.37   , 359.37   , 359.37   , 0.000    , pull           , wide fan-in              , checksum=1372929289844                                                                          
$mol_wire              , manySourcesIntoOneComputedEffect                             , 331.08   , 331.08   , 331.08   , 0.000    , pull           , wide fan-in              , checksum=1331323690944                                                                          
$mol_wire              , manySourcesIntoOneDirectEffect                               , 107.59   , 107.59   , 107.59   , 0.000    , pull           , wide fan-in              , checksum=41605598900                                                                            
$mol_wire              , molBench                                                     , 562.48   , 562.48   , 562.48   , 0.000    , dynamic        , mixed app graph          ,                                                                                                 
$mol_wire              , createDataSignals                                            , 38.08    , 38.08    , 38.08    , 0.000    , creation       , signal creation          ,                                                                                                 
$mol_wire              , createComputations0to1                                       , 11.83    , 11.83    , 11.83    , 0.000    , creation       , computed creation        ,                                                                                                 
$mol_wire              , createComputations1to1                                       , 20.01    , 20.01    , 20.01    , 0.000    , creation       , computed creation        ,                                                                                                 
$mol_wire              , createComputations2to1                                       , 12.87    , 12.87    , 12.87    , 0.000    , creation       , computed creation        ,                                                                                                 
$mol_wire              , createComputations4to1                                       , 8.35     , 8.35     , 8.35     , 0.000    , creation       , computed creation        ,                                                                                                 
$mol_wire              , createComputations1000to1                                    , 0.07     , 0.07     , 0.07     , 0.000    , creation       , computed creation        ,                                                                                                 
$mol_wire              , createComputations1to2                                       , 17.15    , 17.15    , 17.15    , 0.000    , creation       , computed creation        ,                                                                                                 
$mol_wire              , createComputations1to4                                       , 16.93    , 16.93    , 16.93    , 0.000    , creation       , computed creation        ,                                                                                                 
$mol_wire              , createComputations1to8                                       , 18.14    , 18.14    , 18.14    , 0.000    , creation       , computed creation        ,                                                                                                 
$mol_wire              , createComputations1to1000                                    , 14.21    , 14.21    , 14.21    , 0.000    , creation       , computed creation        ,                                                                                                 
$mol_wire              , updateComputations1to1                                       , 10.65    , 10.65    , 10.65    , 0.000    , update         , stable update            ,                                                                                                 
$mol_wire              , updateComputations2to1                                       , 8.27     , 8.27     , 8.27     , 0.000    , update         , stable update            ,                                                                                                 
$mol_wire              , updateComputations4to1                                       , 5.81     , 5.81     , 5.81     , 0.000    , update         , stable update            ,                                                                                                 
$mol_wire              , updateComputations1000to1                                    , 0.14     , 0.14     , 0.14     , 0.000    , update         , stable update            ,                                                                                                 
$mol_wire              , updateComputations1to2                                       , 9.15     , 9.15     , 9.15     , 0.000    , update         , stable update            ,                                                                                                 
$mol_wire              , updateComputations1to4                                       , 6.29     , 6.29     , 6.29     , 0.000    , update         , stable update            ,                                                                                                 
$mol_wire              , updateComputations1to1000                                    , 0.64     , 0.64     , 0.64     , 0.000    , update         , stable update            ,                                                                                                 
$mol_wire              , 64x6 - 4 sources - dynamic - read 12% (dashboard selective r , 1162.55  , 1162.55  , 1162.55  , 0.000    , dynamic        , dynamic rectangular DAG  , nodesRecomputed=2642029 nodesVisited=2642029 edgesTraversed=10568081 sinkReads=960008           
$mol_wire              , 24x8 - 3 sources - dynamic - read 40% (editor derived state) , 1835.27  , 1835.27  , 1835.27  , 0.000    , dynamic        , dynamic rectangular DAG  , nodesRecomputed=4736332 nodesVisited=4736332 edgesTraversed=14208887 sinkReads=900010           
$mol_wire              , 120x7 - 5 sources - dynamic - read 18% (kanban board)        , 882.44   , 882.44   , 882.44   , 0.000    , dynamic        , dynamic rectangular DAG  , nodesRecomputed=1765496 nodesVisited=1765496 edgesTraversed=8827231 sinkReads=660022            
$mol_wire              , 40x10 - 4 sources - dynamic - read 60% (entity detail page)  , 1825.22  , 1825.22  , 1825.22  , 0.000    , dynamic        , dynamic rectangular DAG  , nodesRecomputed=3984210 nodesVisited=3984210 edgesTraversed=15936789 sinkReads=720024           
$mol_wire              , 256->512x32 - fanIn 4 - layered-dag - 4 sources (layered ful , 250.00   , 250.00   , 250.00   , 0.000    , large_graph    , layered DAG              , nodesRecomputed=249624 nodesVisited=249624 edgesTraversed=998496 sinkReads=61952                
$mol_wire              , 256->512x32 - fanIn 4 - layered-dag - 4 sources - warm 320 ( , 278.94   , 278.94   , 278.94   , 0.000    , large_graph    , layered DAG              , nodesRecomputed=235200 nodesVisited=235200 edgesTraversed=940800 sinkReads=61952                
$mol_wire              , 256->512x32 - fanIn 8 - layered-dag - 8 sources - burst 16 - , 2143.57  , 2143.57  , 2143.57  , 0.000    , large_graph    , layered DAG              , nodesRecomputed=1529088 nodesVisited=1529088 edgesTraversed=12232704 sinkReads=49664            
$mol_wire              , 256->512x32 - fanIn 8 - diamond-mesh - 8 sources - warm 256  , 20.67    , 20.67    , 20.67    , 0.000    , large_graph    , diamond mesh             , nodesRecomputed=24576 nodesVisited=24576 edgesTraversed=196608 sinkReads=49664                  
$mol_wire              , 32x8 - 4 sources - pull (pure pull)                          , 33.06    , 33.06    , 33.06    , 0.000    , pull           , stable rectangular DAG   , nodesRecomputed=224 nodesVisited=224 edgesTraversed=896 sinkReads=32                            
$mol_wire              , 8x64 - 1 sources - pull (linear chain - 1 source - pull (lin , 38.80    , 38.80    , 38.80    , 0.000    , pull           , stable rectangular DAG   , nodesRecomputed=504 nodesVisited=504 edgesTraversed=504 sinkReads=8                             
$mol_wire              , 64x4 - 8 sources - pull (wide tree - 8 sources - pull (branc , 33.56    , 33.56    , 33.56    , 0.000    , pull           , stable rectangular DAG   , nodesRecomputed=192 nodesVisited=192 edgesTraversed=1536 sinkReads=64                           
$mol_wire              , 32x8 - 4 sources - push (pure push)                          , 554.38   , 554.38   , 554.38   , 0.000    , pull           , stable rectangular DAG   , nodesRecomputed=910133 nodesVisited=910133 edgesTraversed=3640532 sinkReads=220010              
$mol_wire              , 10x5 - 2 sources - read 20% (simple component)               , 1055.18  , 1055.18  , 1055.18  , 0.000    , pull           , stable rectangular DAG   , nodesRecomputed=3180010 nodesVisited=3180010 edgesTraversed=6360020 sinkReads=1200002           
$mol_wire              , 10x10 - 6 sources - dynamic - read 20% (dynamic component)   , 631.03   , 631.03   , 631.03   , 0.000    , dynamic        , dynamic rectangular DAG  , nodesRecomputed=1140004 nodesVisited=1140004 edgesTraversed=6839936 sinkReads=30002             
$mol_wire              , 1000x12 - 4 sources - dynamic (large web app)                , 1005.97  , 1005.97  , 1005.97  , 0.000    , dynamic        , dynamic rectangular DAG  , nodesRecomputed=1473786 nodesVisited=1473786 edgesTraversed=5891713 sinkReads=7001000           
$mol_wire              , 1000x5 - 25 sources (wide dense)                             , 1194.17  , 1194.17  , 1194.17  , 0.000    , pull           , stable rectangular DAG   , nodesRecomputed=735756 nodesVisited=735756 edgesTraversed=18393900 sinkReads=3001000            
$mol_wire              , 5x500 - 3 sources (deep)                                     , 608.59   , 608.59   , 608.59   , 0.000    , pull           , stable rectangular DAG   , nodesRecomputed=1246502 nodesVisited=1246502 edgesTraversed=3739506 sinkReads=2505              
Oby                    , avoidablePropagation                                         , 792.62   , 792.62   , 792.62   , 0.000    , baseline       , selective propagation    ,                                                                                                 
Oby                    , broadPropagation                                             , 1465.15  , 1465.15  , 1465.15  , 0.000    , baseline       , wide fan-out             ,                                                                                                 
Oby                    , deepPropagation                                              , 534.01   , 534.01   , 534.01   , 0.000    , pull           , linear chain             ,                                                                                                 
Oby                    , diamond                                                      , 875.34   , 875.34   , 875.34   , 0.000    , baseline       , diamond                  ,                                                                                                 
Oby                    , mux                                                          , 945.64   , 945.64   , 945.64   , 0.000    , dynamic        , dynamic branch           ,                                                                                                 
Oby                    , repeatedObservers                                            , 219.87   , 219.87   , 219.87   , 0.000    , baseline       , duplicate observer       ,                                                                                                 
Oby                    , triangle                                                     , 351.83   , 351.83   , 351.83   , 0.000    , baseline       , glitch-free triangle     ,                                                                                                 
Oby                    , unstable                                                     , 233.56   , 233.56   , 233.56   , 0.000    , dynamic        , dynamic dependency churn ,                                                                                                 
Oby                    , manyEffectsFromOneSource                                     , 546.39   , 546.39   , 546.39   , 0.000    , push           , wide fan-out             , checksum=180075672000                                                                           
Oby                    , manySourcesIntoOneComputedEffectWithDirect                   , 329.60   , 329.60   , 329.60   , 0.000    , pull           , wide fan-in              , checksum=1372929290292                                                                          
Oby                    , manySourcesIntoOneComputedEffect                             , 306.19   , 306.19   , 306.19   , 0.000    , pull           , wide fan-in              , checksum=1331323690944                                                                          
Oby                    , manySourcesIntoOneDirectEffect                               , 83.45    , 83.45    , 83.45    , 0.000    , pull           , wide fan-in              , checksum=41605599348                                                                            
Oby                    , molBench                                                     , 700.85   , 700.85   , 700.85   , 0.000    , dynamic        , mixed app graph          ,                                                                                                 
Oby                    , createDataSignals                                            , 41.40    , 41.40    , 41.40    , 0.000    , creation       , signal creation          ,                                                                                                 
Oby                    , createComputations0to1                                       , 74.33    , 74.33    , 74.33    , 0.000    , creation       , computed creation        ,                                                                                                 
Oby                    , createComputations1to1                                       , 76.33    , 76.33    , 76.33    , 0.000    , creation       , computed creation        ,                                                                                                 
Oby                    , createComputations2to1                                       , 44.32    , 44.32    , 44.32    , 0.000    , creation       , computed creation        ,                                                                                                 
Oby                    , createComputations4to1                                       , 28.31    , 28.31    , 28.31    , 0.000    , creation       , computed creation        ,                                                                                                 
Oby                    , createComputations1000to1                                    , 0.30     , 0.30     , 0.30     , 0.000    , creation       , computed creation        ,                                                                                                 
Oby                    , createComputations1to2                                       , 82.06    , 82.06    , 82.06    , 0.000    , creation       , computed creation        ,                                                                                                 
Oby                    , createComputations1to4                                       , 84.82    , 84.82    , 84.82    , 0.000    , creation       , computed creation        ,                                                                                                 
Oby                    , createComputations1to8                                       , 95.11    , 95.11    , 95.11    , 0.000    , creation       , computed creation        ,                                                                                                 
Oby                    , createComputations1to1000                                    , 87.33    , 87.33    , 87.33    , 0.000    , creation       , computed creation        ,                                                                                                 
Oby                    , updateComputations1to1                                       , 14.25    , 14.25    , 14.25    , 0.000    , update         , stable update            ,                                                                                                 
Oby                    , updateComputations2to1                                       , 12.92    , 12.92    , 12.92    , 0.000    , update         , stable update            ,                                                                                                 
Oby                    , updateComputations4to1                                       , 7.03     , 7.03     , 7.03     , 0.000    , update         , stable update            ,                                                                                                 
Oby                    , updateComputations1000to1                                    , 0.40     , 0.40     , 0.40     , 0.000    , update         , stable update            ,                                                                                                 
Oby                    , updateComputations1to2                                       , 10.17    , 10.17    , 10.17    , 0.000    , update         , stable update            ,                                                                                                 
Oby                    , updateComputations1to4                                       , 5.06     , 5.06     , 5.06     , 0.000    , update         , stable update            ,                                                                                                 
Oby                    , updateComputations1to1000                                    , 0.95     , 0.95     , 0.95     , 0.000    , update         , stable update            ,                                                                                                 
Oby                    , 64x6 - 4 sources - dynamic - read 12% (dashboard selective r , 913.10   , 913.10   , 913.10   , 0.000    , dynamic        , dynamic rectangular DAG  , nodesRecomputed=2642029 nodesVisited=2642029 edgesTraversed=10568081 sinkReads=960008           
Oby                    , 24x8 - 3 sources - dynamic - read 40% (editor derived state) , 1426.38  , 1426.38  , 1426.38  , 0.000    , dynamic        , dynamic rectangular DAG  , nodesRecomputed=4736332 nodesVisited=4736332 edgesTraversed=14208887 sinkReads=900010           
Oby                    , 120x7 - 5 sources - dynamic - read 18% (kanban board)        , 870.28   , 870.28   , 870.28   , 0.000    , dynamic        , dynamic rectangular DAG  , nodesRecomputed=1765496 nodesVisited=1765496 edgesTraversed=8827231 sinkReads=660022            
Oby                    , 40x10 - 4 sources - dynamic - read 60% (entity detail page)  , 1648.79  , 1648.79  , 1648.79  , 0.000    , dynamic        , dynamic rectangular DAG  , nodesRecomputed=3984210 nodesVisited=3984210 edgesTraversed=15936789 sinkReads=720024           
Oby                    , 256->512x32 - fanIn 4 - layered-dag - 4 sources (layered ful , 459.74   , 459.74   , 459.74   , 0.000    , large_graph    , layered DAG              , nodesRecomputed=249624 nodesVisited=249624 edgesTraversed=998496 sinkReads=61952                
Oby                    , 256->512x32 - fanIn 4 - layered-dag - 4 sources - warm 320 ( , 289.28   , 289.28   , 289.28   , 0.000    , large_graph    , layered DAG              , nodesRecomputed=235200 nodesVisited=235200 edgesTraversed=940800 sinkReads=61952                
Oby                    , 256->512x32 - fanIn 8 - layered-dag - 8 sources - burst 16 - , 2661.70  , 2661.70  , 2661.70  , 0.000    , large_graph    , layered DAG              , nodesRecomputed=1529088 nodesVisited=1529088 edgesTraversed=12232704 sinkReads=49664            
Oby                    , 256->512x32 - fanIn 8 - diamond-mesh - 8 sources - warm 256  , 15.83    , 15.83    , 15.83    , 0.000    , large_graph    , diamond mesh             , nodesRecomputed=24576 nodesVisited=24576 edgesTraversed=196608 sinkReads=49664                  
Oby                    , 32x8 - 4 sources - pull (pure pull)                          , 34.55    , 34.55    , 34.55    , 0.000    , pull           , stable rectangular DAG   , nodesRecomputed=224 nodesVisited=224 edgesTraversed=896 sinkReads=32                            
Oby                    , 8x64 - 1 sources - pull (linear chain - 1 source - pull (lin , 38.53    , 38.53    , 38.53    , 0.000    , pull           , stable rectangular DAG   , nodesRecomputed=504 nodesVisited=504 edgesTraversed=504 sinkReads=8                             
Oby                    , 64x4 - 8 sources - pull (wide tree - 8 sources - pull (branc , 33.51    , 33.51    , 33.51    , 0.000    , pull           , stable rectangular DAG   , nodesRecomputed=192 nodesVisited=192 edgesTraversed=1536 sinkReads=64                           
Oby                    , 32x8 - 4 sources - push (pure push)                          , 425.84   , 425.84   , 425.84   , 0.000    , pull           , stable rectangular DAG   , nodesRecomputed=910133 nodesVisited=910133 edgesTraversed=3640532 sinkReads=220042              
Oby                    , 10x5 - 2 sources - read 20% (simple component)               , 710.81   , 710.81   , 710.81   , 0.000    , pull           , stable rectangular DAG   , nodesRecomputed=3180010 nodesVisited=3180010 edgesTraversed=6360020 sinkReads=1200002           
Oby                    , 10x10 - 6 sources - dynamic - read 20% (dynamic component)   , 540.35   , 540.35   , 540.35   , 0.000    , dynamic        , dynamic rectangular DAG  , nodesRecomputed=1140004 nodesVisited=1140004 edgesTraversed=6839936 sinkReads=30002             
Oby                    , 1000x12 - 4 sources - dynamic (large web app)                , 947.65   , 947.65   , 947.65   , 0.000    , dynamic        , dynamic rectangular DAG  , nodesRecomputed=1473786 nodesVisited=1473786 edgesTraversed=5891713 sinkReads=7001000           
Oby                    , 1000x5 - 25 sources (wide dense)                             , 1078.53  , 1078.53  , 1078.53  , 0.000    , pull           , stable rectangular DAG   , nodesRecomputed=735756 nodesVisited=735756 edgesTraversed=18393900 sinkReads=3001000            
Oby                    , 5x500 - 3 sources (deep)                                     , 656.64   , 656.64   , 656.64   , 0.000    , pull           , stable rectangular DAG   , nodesRecomputed=1246502 nodesVisited=1246502 edgesTraversed=3739506 sinkReads=2505              
Signia                 , avoidablePropagation                                         , 953.82   , 953.82   , 953.82   , 0.000    , baseline       , selective propagation    ,                                                                                                 
Signia                 , broadPropagation                                             , 1373.53  , 1373.53  , 1373.53  , 0.000    , baseline       , wide fan-out             ,                                                                                                 
Signia                 , deepPropagation                                              , 450.88   , 450.88   , 450.88   , 0.000    , pull           , linear chain             ,                                                                                                 
Signia                 , diamond                                                      , 799.96   , 799.96   , 799.96   , 0.000    , baseline       , diamond                  ,                                                                                                 
Signia                 , mux                                                          , 1031.80  , 1031.80  , 1031.80  , 0.000    , dynamic        , dynamic branch           ,                                                                                                 
Signia                 , repeatedObservers                                            , 196.05   , 196.05   , 196.05   , 0.000    , baseline       , duplicate observer       ,                                                                                                 
Signia                 , triangle                                                     , 320.35   , 320.35   , 320.35   , 0.000    , baseline       , glitch-free triangle     ,                                                                                                 
Signia                 , unstable                                                     , 233.22   , 233.22   , 233.22   , 0.000    , dynamic        , dynamic dependency churn ,                                                                                                 
Signia                 , manyEffectsFromOneSource                                     , 731.15   , 731.15   , 731.15   , 0.000    , push           , wide fan-out             , checksum=180075672000                                                                           
Signia                 , manySourcesIntoOneComputedEffectWithDirect                   , 460.66   , 460.66   , 460.66   , 0.000    , pull           , wide fan-in              , checksum=1372929289844                                                                          
Signia                 , manySourcesIntoOneComputedEffect                             , 458.96   , 458.96   , 458.96   , 0.000    , pull           , wide fan-in              , checksum=1331323690944                                                                          
Signia                 , manySourcesIntoOneDirectEffect                               , 112.50   , 112.50   , 112.50   , 0.000    , pull           , wide fan-in              , checksum=41605598900                                                                            
Signia                 , molBench                                                     , 557.34   , 557.34   , 557.34   , 0.000    , dynamic        , mixed app graph          ,                                                                                                 
Signia                 , createDataSignals                                            , 11.74    , 11.74    , 11.74    , 0.000    , creation       , signal creation          ,                                                                                                 
Signia                 , createComputations0to1                                       , 14.37    , 14.37    , 14.37    , 0.000    , creation       , computed creation        ,                                                                                                 
Signia                 , createComputations1to1                                       , 25.58    , 25.58    , 25.58    , 0.000    , creation       , computed creation        ,                                                                                                 
Signia                 , createComputations2to1                                       , 19.56    , 19.56    , 19.56    , 0.000    , creation       , computed creation        ,                                                                                                 
Signia                 , createComputations4to1                                       , 16.86    , 16.86    , 16.86    , 0.000    , creation       , computed creation        ,                                                                                                 
Signia                 , createComputations1000to1                                    , 0.13     , 0.13     , 0.13     , 0.000    , creation       , computed creation        ,                                                                                                 
Signia                 , createComputations1to2                                       , 19.89    , 19.89    , 19.89    , 0.000    , creation       , computed creation        ,                                                                                                 
Signia                 , createComputations1to4                                       , 18.54    , 18.54    , 18.54    , 0.000    , creation       , computed creation        ,                                                                                                 
Signia                 , createComputations1to8                                       , 19.59    , 19.59    , 19.59    , 0.000    , creation       , computed creation        ,                                                                                                 
Signia                 , createComputations1to1000                                    , 17.33    , 17.33    , 17.33    , 0.000    , creation       , computed creation        ,                                                                                                 
Signia                 , updateComputations1to1                                       , 26.82    , 26.82    , 26.82    , 0.000    , update         , stable update            ,                                                                                                 
Signia                 , updateComputations2to1                                       , 19.70    , 19.70    , 19.70    , 0.000    , update         , stable update            ,                                                                                                 
Signia                 , updateComputations4to1                                       , 19.26    , 19.26    , 19.26    , 0.000    , update         , stable update            ,                                                                                                 
Signia                 , updateComputations1000to1                                    , 0.76     , 0.76     , 0.76     , 0.000    , update         , stable update            ,                                                                                                 
Signia                 , updateComputations1to2                                       , 19.79    , 19.79    , 19.79    , 0.000    , update         , stable update            ,                                                                                                 
Signia                 , updateComputations1to4                                       , 19.49    , 19.49    , 19.49    , 0.000    , update         , stable update            ,                                                                                                 
Signia                 , updateComputations1to1000                                    , 0.39     , 0.39     , 0.39     , 0.000    , update         , stable update            ,                                                                                                 
Signia                 , 64x6 - 4 sources - dynamic - read 12% (dashboard selective r , 1675.96  , 1675.96  , 1675.96  , 0.000    , dynamic        , dynamic rectangular DAG  , nodesRecomputed=2642029 nodesVisited=2642029 edgesTraversed=10568081 sinkReads=960008           
Signia                 , 24x8 - 3 sources - dynamic - read 40% (editor derived state) , 1450.82  , 1450.82  , 1450.82  , 0.000    , dynamic        , dynamic rectangular DAG  , nodesRecomputed=4736332 nodesVisited=4736332 edgesTraversed=14208887 sinkReads=900010           
Signia                 , 120x7 - 5 sources - dynamic - read 18% (kanban board)        , 1508.40  , 1508.40  , 1508.40  , 0.000    , dynamic        , dynamic rectangular DAG  , nodesRecomputed=1765496 nodesVisited=1765496 edgesTraversed=8827231 sinkReads=660022            
Signia                 , 40x10 - 4 sources - dynamic - read 60% (entity detail page)  , 1593.89  , 1593.89  , 1593.89  , 0.000    , dynamic        , dynamic rectangular DAG  , nodesRecomputed=3984210 nodesVisited=3984210 edgesTraversed=15936789 sinkReads=720024           
Signia                 , 256->512x32 - fanIn 4 - layered-dag - 4 sources (layered ful , 631.16   , 631.16   , 631.16   , 0.000    , large_graph    , layered DAG              , nodesRecomputed=249624 nodesVisited=249624 edgesTraversed=998496 sinkReads=61952                
Signia                 , 256->512x32 - fanIn 4 - layered-dag - 4 sources - warm 320 ( , 741.43   , 741.43   , 741.43   , 0.000    , large_graph    , layered DAG              , nodesRecomputed=235200 nodesVisited=235200 edgesTraversed=940800 sinkReads=61952                
Signia                 , 256->512x32 - fanIn 8 - layered-dag - 8 sources - burst 16 - , 1847.95  , 1847.95  , 1847.95  , 0.000    , large_graph    , layered DAG              , nodesRecomputed=1529088 nodesVisited=1529088 edgesTraversed=12232704 sinkReads=49664            
Signia                 , 256->512x32 - fanIn 8 - diamond-mesh - 8 sources - warm 256  , 234.73   , 234.73   , 234.73   , 0.000    , large_graph    , diamond mesh             , nodesRecomputed=24576 nodesVisited=24576 edgesTraversed=196608 sinkReads=49664                  
Signia                 , 32x8 - 4 sources - pull (pure pull)                          , 33.19    , 33.19    , 33.19    , 0.000    , pull           , stable rectangular DAG   , nodesRecomputed=224 nodesVisited=224 edgesTraversed=896 sinkReads=32                            
Signia                 , 8x64 - 1 sources - pull (linear chain - 1 source - pull (lin , 41.35    , 41.35    , 41.35    , 0.000    , pull           , stable rectangular DAG   , nodesRecomputed=504 nodesVisited=504 edgesTraversed=504 sinkReads=8                             
Signia                 , 64x4 - 8 sources - pull (wide tree - 8 sources - pull (branc , 35.43    , 35.43    , 35.43    , 0.000    , pull           , stable rectangular DAG   , nodesRecomputed=192 nodesVisited=192 edgesTraversed=1536 sinkReads=64                           
Signia                 , 32x8 - 4 sources - push (pure push)                          , 511.16   , 511.16   , 511.16   , 0.000    , pull           , stable rectangular DAG   , nodesRecomputed=910133 nodesVisited=910133 edgesTraversed=3640532 sinkReads=220010              
Signia                 , 10x5 - 2 sources - read 20% (simple component)               , 719.64   , 719.64   , 719.64   , 0.000    , pull           , stable rectangular DAG   , nodesRecomputed=3180010 nodesVisited=3180010 edgesTraversed=6360020 sinkReads=1200002           
Signia                 , 10x10 - 6 sources - dynamic - read 20% (dynamic component)   , 427.73   , 427.73   , 427.73   , 0.000    , dynamic        , dynamic rectangular DAG  , nodesRecomputed=1140004 nodesVisited=1140004 edgesTraversed=6839936 sinkReads=30002             
Signia                 , 1000x12 - 4 sources - dynamic (large web app)                , 13053.11 , 13053.11 , 13053.11 , 0.000    , dynamic        , dynamic rectangular DAG  , nodesRecomputed=1473786 nodesVisited=1473786 edgesTraversed=5891713 sinkReads=7001000           
Signia                 , 1000x5 - 25 sources (wide dense)                             , 4483.99  , 4483.99  , 4483.99  , 0.000    , pull           , stable rectangular DAG   , nodesRecomputed=735756 nodesVisited=735756 edgesTraversed=18393900 sinkReads=3001000            
Signia                 , 5x500 - 3 sources (deep)                                     , 481.89   , 481.89   , 481.89   , 0.000    , pull           , stable rectangular DAG   , nodesRecomputed=1246502 nodesVisited=1246502 edgesTraversed=3739506 sinkReads=2505              
@solidjs/signals       , avoidablePropagation                                         , 2224.67  , 2224.67  , 2224.67  , 0.000    , baseline       , selective propagation    ,                                                                                                 
@solidjs/signals       , broadPropagation                                             , 3340.36  , 3340.36  , 3340.36  , 0.000    , baseline       , wide fan-out             ,                                                                                                 
@solidjs/signals       , deepPropagation                                              , 1071.92  , 1071.92  , 1071.92  , 0.000    , pull           , linear chain             ,                                                                                                 
@solidjs/signals       , diamond                                                      , 2310.59  , 2310.59  , 2310.59  , 0.000    , baseline       , diamond                  ,                                                                                                 
@solidjs/signals       , mux                                                          , 1108.16  , 1108.16  , 1108.16  , 0.000    , dynamic        , dynamic branch           ,                                                                                                 
@solidjs/signals       , repeatedObservers                                            , 483.12   , 483.12   , 483.12   , 0.000    , baseline       , duplicate observer       ,                                                                                                 
@solidjs/signals       , triangle                                                     , 750.26   , 750.26   , 750.26   , 0.000    , baseline       , glitch-free triangle     ,                                                                                                 
@solidjs/signals       , unstable                                                     , 599.34   , 599.34   , 599.34   , 0.000    , dynamic        , dynamic dependency churn ,                                                                                                 
@solidjs/signals       , manyEffectsFromOneSource                                     , 2466.37  , 2466.37  , 2466.37  , 0.000    , push           , wide fan-out             , checksum=180075672000                                                                           
@solidjs/signals       , manySourcesIntoOneComputedEffectWithDirect                   , 636.03   , 636.03   , 636.03   , 0.000    , pull           , wide fan-in              , checksum=1372929289844                                                                          
@solidjs/signals       , manySourcesIntoOneComputedEffect                             , 600.24   , 600.24   , 600.24   , 0.000    , pull           , wide fan-in              , checksum=1331323690944                                                                          
@solidjs/signals       , manySourcesIntoOneDirectEffect                               , 184.86   , 184.86   , 184.86   , 0.000    , pull           , wide fan-in              , checksum=41605598900                                                                            
@solidjs/signals       , molBench                                                     , 785.24   , 785.24   , 785.24   , 0.000    , dynamic        , mixed app graph          ,                                                                                                 
@solidjs/signals       , createDataSignals                                            , 20.97    , 20.97    , 20.97    , 0.000    , creation       , signal creation          ,                                                                                                 
@solidjs/signals       , createComputations0to1                                       , 62.02    , 62.02    , 62.02    , 0.000    , creation       , computed creation        ,                                                                                                 
@solidjs/signals       , createComputations1to1                                       , 75.54    , 75.54    , 75.54    , 0.000    , creation       , computed creation        ,                                                                                                 
@solidjs/signals       , createComputations2to1                                       , 69.08    , 69.08    , 69.08    , 0.000    , creation       , computed creation        ,                                                                                                 
@solidjs/signals       , createComputations4to1                                       , 50.54    , 50.54    , 50.54    , 0.000    , creation       , computed creation        ,                                                                                                 
@solidjs/signals       , createComputations1000to1                                    , 36.71    , 36.71    , 36.71    , 0.000    , creation       , computed creation        ,                                                                                                 
@solidjs/signals       , createComputations1to2                                       , 74.37    , 74.37    , 74.37    , 0.000    , creation       , computed creation        ,                                                                                                 
@solidjs/signals       , createComputations1to4                                       , 68.66    , 68.66    , 68.66    , 0.000    , creation       , computed creation        ,                                                                                                 
@solidjs/signals       , createComputations1to8                                       , 75.75    , 75.75    , 75.75    , 0.000    , creation       , computed creation        ,                                                                                                 
@solidjs/signals       , createComputations1to1000                                    , 75.17    , 75.17    , 75.17    , 0.000    , creation       , computed creation        ,                                                                                                 
@solidjs/signals       , updateComputations1to1                                       , 13.27    , 13.27    , 13.27    , 0.000    , update         , stable update            ,                                                                                                 
@solidjs/signals       , updateComputations2to1                                       , 11.91    , 11.91    , 11.91    , 0.000    , update         , stable update            ,                                                                                                 
@solidjs/signals       , updateComputations4to1                                       , 8.04     , 8.04     , 8.04     , 0.000    , update         , stable update            ,                                                                                                 
@solidjs/signals       , updateComputations1000to1                                    , 1.07     , 1.07     , 1.07     , 0.000    , update         , stable update            ,                                                                                                 
@solidjs/signals       , updateComputations1to2                                       , 13.27    , 13.27    , 13.27    , 0.000    , update         , stable update            ,                                                                                                 
@solidjs/signals       , updateComputations1to4                                       , 10.45    , 10.45    , 10.45    , 0.000    , update         , stable update            ,                                                                                                 
@solidjs/signals       , updateComputations1to1000                                    , 8.46     , 8.46     , 8.46     , 0.000    , update         , stable update            ,                                                                                                 
@solidjs/signals       , 64x6 - 4 sources - dynamic - read 12% (dashboard selective r , 3032.00  , 3032.00  , 3032.00  , 0.000    , dynamic        , dynamic rectangular DAG  , nodesRecomputed=6000270 nodesVisited=6000270 edgesTraversed=24001017 sinkReads=960008 fallbackCo
@solidjs/signals       , 24x8 - 3 sources - dynamic - read 40% (editor derived state) , 2476.27  , 2476.27  , 2476.27  , 0.000    , dynamic        , dynamic rectangular DAG  , nodesRecomputed=5670087 nodesVisited=5670087 edgesTraversed=17010146 sinkReads=900010 fallbackCo
@solidjs/signals       , 120x7 - 5 sources - dynamic - read 18% (kanban board)        , 1591.24  , 1591.24  , 1591.24  , 0.000    , dynamic        , dynamic rectangular DAG  , nodesRecomputed=2700620 nodesVisited=2700620 edgesTraversed=13502767 sinkReads=660022 fallbackCo
@solidjs/signals       , 40x10 - 4 sources - dynamic - read 60% (entity detail page)  , 2204.41  , 2204.41  , 2204.41  , 0.000    , dynamic        , dynamic rectangular DAG  , nodesRecomputed=4320213 nodesVisited=4320213 edgesTraversed=17280788 sinkReads=720024 fallbackCo
@solidjs/signals       , 256->512x32 - fanIn 4 - layered-dag - 4 sources (layered ful , 340.08   , 340.08   , 340.08   , 0.000    , large_graph    , layered DAG              , nodesRecomputed=233240 nodesVisited=233240 edgesTraversed=932960 sinkReads=61952 fallbackCount=0
@solidjs/signals       , 256->512x32 - fanIn 4 - layered-dag - 4 sources - warm 320 ( , 318.54   , 318.54   , 318.54   , 0.000    , large_graph    , layered DAG              , nodesRecomputed=235200 nodesVisited=235200 edgesTraversed=940800 sinkReads=61952 fallbackCount=0
@solidjs/signals       , 256->512x32 - fanIn 8 - layered-dag - 8 sources - burst 16 - , 2170.52  , 2170.52  , 2170.52  , 0.000    , large_graph    , layered DAG              , nodesRecomputed=1529088 nodesVisited=1529088 edgesTraversed=12232704 sinkReads=49664 fallbackCou
@solidjs/signals       , 256->512x32 - fanIn 8 - diamond-mesh - 8 sources - warm 256  , 38.67    , 38.67    , 38.67    , 0.000    , large_graph    , diamond mesh             , nodesRecomputed=24576 nodesVisited=24576 edgesTraversed=196608 sinkReads=49664 fallbackCount=0 h
@solidjs/signals       , 32x8 - 4 sources - pull (pure pull)                          , 36.62    , 36.62    , 36.62    , 0.000    , pull           , stable rectangular DAG   , nodesRecomputed=448 nodesVisited=448 edgesTraversed=1792 sinkReads=32 fallbackCount=0 heightAdju
@solidjs/signals       , 8x64 - 1 sources - pull (linear chain - 1 source - pull (lin , 39.27    , 39.27    , 39.27    , 0.000    , pull           , stable rectangular DAG   , nodesRecomputed=1008 nodesVisited=1008 edgesTraversed=1008 sinkReads=8 fallbackCount=0 heightAdj
@solidjs/signals       , 64x4 - 8 sources - pull (wide tree - 8 sources - pull (branc , 40.04    , 40.04    , 40.04    , 0.000    , pull           , stable rectangular DAG   , nodesRecomputed=384 nodesVisited=384 edgesTraversed=3072 sinkReads=64 fallbackCount=0 heightAdju
@solidjs/signals       , 32x8 - 4 sources - push (pure push)                          , 765.21   , 765.21   , 765.21   , 0.000    , pull           , stable rectangular DAG   , nodesRecomputed=910133 nodesVisited=910133 edgesTraversed=3640532 sinkReads=220010 fallbackCount
@solidjs/signals       , 10x5 - 2 sources - read 20% (simple component)               , 3486.13  , 3486.13  , 3486.13  , 0.000    , pull           , stable rectangular DAG   , nodesRecomputed=8400026 nodesVisited=8400026 edgesTraversed=16800052 sinkReads=1200002 fallbackC
@solidjs/signals       , 10x10 - 6 sources - dynamic - read 20% (dynamic component)   , 827.10   , 827.10   , 827.10   , 0.000    , dynamic        , dynamic rectangular DAG  , nodesRecomputed=1290004 nodesVisited=1290004 edgesTraversed=7739922 sinkReads=30002 fallbackCoun
@solidjs/signals       , 1000x12 - 4 sources - dynamic (large web app)                , 1104.40  , 1104.40  , 1104.40  , 0.000    , dynamic        , dynamic rectangular DAG  , nodesRecomputed=1473786 nodesVisited=1473786 edgesTraversed=5891713 sinkReads=7001000 fallbackCo
@solidjs/signals       , 1000x5 - 25 sources (wide dense)                             , 1592.46  , 1592.46  , 1592.46  , 0.000    , pull           , stable rectangular DAG   , nodesRecomputed=735756 nodesVisited=735756 edgesTraversed=18393900 sinkReads=3001000 fallbackCou
@solidjs/signals       , 5x500 - 3 sources (deep)                                     , 735.43   , 735.43   , 735.43   , 0.000    , pull           , stable rectangular DAG   , nodesRecomputed=1246502 nodesVisited=1246502 edgesTraversed=3739506 sinkReads=2505 fallbackCount
SolidJS                , avoidablePropagation                                         , 1329.64  , 1329.64  , 1329.64  , 0.000    , baseline       , selective propagation    ,                                                                                                 
SolidJS                , broadPropagation                                             , 2264.21  , 2264.21  , 2264.21  , 0.000    , baseline       , wide fan-out             ,                                                                                                 
SolidJS                , deepPropagation                                              , 926.85   , 926.85   , 926.85   , 0.000    , pull           , linear chain             ,                                                                                                 
SolidJS                , diamond                                                      , 1475.78  , 1475.78  , 1475.78  , 0.000    , baseline       , diamond                  ,                                                                                                 
SolidJS                , mux                                                          , 1339.25  , 1339.25  , 1339.25  , 0.000    , dynamic        , dynamic branch           ,                                                                                                 
SolidJS                , repeatedObservers                                            , 269.13   , 269.13   , 269.13   , 0.000    , baseline       , duplicate observer       ,                                                                                                 
SolidJS                , triangle                                                     , 477.60   , 477.60   , 477.60   , 0.000    , baseline       , glitch-free triangle     ,                                                                                                 
SolidJS                , unstable                                                     , 317.52   , 317.52   , 317.52   , 0.000    , dynamic        , dynamic dependency churn ,                                                                                                 
SolidJS                , manyEffectsFromOneSource                                     , 877.83   , 877.83   , 877.83   , 0.000    , push           , wide fan-out             , checksum=180075672000                                                                           
SolidJS                , manySourcesIntoOneComputedEffectWithDirect                   , 1265.62  , 1265.62  , 1265.62  , 0.000    , pull           , wide fan-in              , checksum=1372929289844                                                                          
SolidJS                , manySourcesIntoOneComputedEffect                             , 1165.98  , 1165.98  , 1165.98  , 0.000    , pull           , wide fan-in              , checksum=1331323690944                                                                          
SolidJS                , manySourcesIntoOneDirectEffect                               , 114.95   , 114.95   , 114.95   , 0.000    , pull           , wide fan-in              , checksum=41605598900                                                                            
SolidJS                , molBench                                                     , 714.79   , 714.79   , 714.79   , 0.000    , dynamic        , mixed app graph          ,                                                                                                 
SolidJS                , createDataSignals                                            , 16.63    , 16.63    , 16.63    , 0.000    , creation       , signal creation          ,                                                                                                 
SolidJS                , createComputations0to1                                       , 12.27    , 12.27    , 12.27    , 0.000    , creation       , computed creation        ,                                                                                                 
SolidJS                , createComputations1to1                                       , 22.57    , 22.57    , 22.57    , 0.000    , creation       , computed creation        ,                                                                                                 
SolidJS                , createComputations2to1                                       , 45.88    , 45.88    , 45.88    , 0.000    , creation       , computed creation        ,                                                                                                 
SolidJS                , createComputations4to1                                       , 25.78    , 25.78    , 25.78    , 0.000    , creation       , computed creation        ,                                                                                                 
SolidJS                , createComputations1000to1                                    , 14.32    , 14.32    , 14.32    , 0.000    , creation       , computed creation        ,                                                                                                 
SolidJS                , createComputations1to2                                       , 95.13    , 95.13    , 95.13    , 0.000    , creation       , computed creation        ,                                                                                                 
SolidJS                , createComputations1to4                                       , 55.78    , 55.78    , 55.78    , 0.000    , creation       , computed creation        ,                                                                                                 
SolidJS                , createComputations1to8                                       , 57.08    , 57.08    , 57.08    , 0.000    , creation       , computed creation        ,                                                                                                 
SolidJS                , createComputations1to1000                                    , 64.15    , 64.15    , 64.15    , 0.000    , creation       , computed creation        ,                                                                                                 
SolidJS                , updateComputations1to1                                       , 129.97   , 129.97   , 129.97   , 0.000    , update         , stable update            ,                                                                                                 
SolidJS                , updateComputations2to1                                       , 94.37    , 94.37    , 94.37    , 0.000    , update         , stable update            ,                                                                                                 
SolidJS                , updateComputations4to1                                       , 84.16    , 84.16    , 84.16    , 0.000    , update         , stable update            ,                                                                                                 
SolidJS                , updateComputations1000to1                                    , 167.19   , 167.19   , 167.19   , 0.000    , update         , stable update            ,                                                                                                 
SolidJS                , updateComputations1to2                                       , 85.40    , 85.40    , 85.40    , 0.000    , update         , stable update            ,                                                                                                 
SolidJS                , updateComputations1to4                                       , 85.80    , 85.80    , 85.80    , 0.000    , update         , stable update            ,                                                                                                 
SolidJS                , updateComputations1to1000                                    , 66.82    , 66.82    , 66.82    , 0.000    , update         , stable update            ,                                                                                                 
SolidJS                , 64x6 - 4 sources - dynamic - read 12% (dashboard selective r , 3236.59  , 3236.59  , 3236.59  , 0.000    , dynamic        , dynamic rectangular DAG  , nodesRecomputed=6000270 nodesVisited=6000270 edgesTraversed=24001017 sinkReads=960008           
SolidJS                , 24x8 - 3 sources - dynamic - read 40% (editor derived state) , 2727.44  , 2727.44  , 2727.44  , 0.000    , dynamic        , dynamic rectangular DAG  , nodesRecomputed=5670087 nodesVisited=5670087 edgesTraversed=17010146 sinkReads=900010           
SolidJS                , 120x7 - 5 sources - dynamic - read 18% (kanban board)        , 1760.74  , 1760.74  , 1760.74  , 0.000    , dynamic        , dynamic rectangular DAG  , nodesRecomputed=2700620 nodesVisited=2700620 edgesTraversed=13502767 sinkReads=660022           
SolidJS                , 40x10 - 4 sources - dynamic - read 60% (entity detail page)  , 2570.85  , 2570.85  , 2570.85  , 0.000    , dynamic        , dynamic rectangular DAG  , nodesRecomputed=4320213 nodesVisited=4320213 edgesTraversed=17280788 sinkReads=720024           
SolidJS                , 256->512x32 - fanIn 4 - layered-dag - 4 sources (layered ful , 393.30   , 393.30   , 393.30   , 0.000    , large_graph    , layered DAG              , nodesRecomputed=233240 nodesVisited=233240 edgesTraversed=932960 sinkReads=61952                
SolidJS                , 256->512x32 - fanIn 4 - layered-dag - 4 sources - warm 320 ( , 384.41   , 384.41   , 384.41   , 0.000    , large_graph    , layered DAG              , nodesRecomputed=235200 nodesVisited=235200 edgesTraversed=940800 sinkReads=61952                
SolidJS                , 256->512x32 - fanIn 8 - layered-dag - 8 sources - burst 16 - , 3440.54  , 3440.54  , 3440.54  , 0.000    , large_graph    , layered DAG              , nodesRecomputed=1529088 nodesVisited=1529088 edgesTraversed=12232704 sinkReads=49664            
SolidJS                , 256->512x32 - fanIn 8 - diamond-mesh - 8 sources - warm 256  , 24.00    , 24.00    , 24.00    , 0.000    , large_graph    , diamond mesh             , nodesRecomputed=24576 nodesVisited=24576 edgesTraversed=196608 sinkReads=49664                  
SolidJS                , 32x8 - 4 sources - pull (pure pull)                          , 516.54   , 516.54   , 516.54   , 0.000    , pull           , stable rectangular DAG   , nodesRecomputed=910133 nodesVisited=910133 edgesTraversed=3640532 sinkReads=32                  
SolidJS                , 8x64 - 1 sources - pull (linear chain - 1 source - pull (lin , 274.09   , 274.09   , 274.09   , 0.000    , pull           , stable rectangular DAG   , nodesRecomputed=630441 nodesVisited=630441 edgesTraversed=630441 sinkReads=8                    
SolidJS                , 64x4 - 8 sources - pull (wide tree - 8 sources - pull (branc , 400.69   , 400.69   , 400.69   , 0.000    , pull           , stable rectangular DAG   , nodesRecomputed=450147 nodesVisited=450147 edgesTraversed=3601176 sinkReads=64                  
SolidJS                , 32x8 - 4 sources - push (pure push)                          , 664.00   , 664.00   , 664.00   , 0.000    , pull           , stable rectangular DAG   , nodesRecomputed=910133 nodesVisited=910133 edgesTraversed=3640532 sinkReads=220010              
SolidJS                , 10x5 - 2 sources - read 20% (simple component)               , 2756.77  , 2756.77  , 2756.77  , 0.000    , pull           , stable rectangular DAG   , nodesRecomputed=8400026 nodesVisited=8400026 edgesTraversed=16800052 sinkReads=1200002          
SolidJS                , 10x10 - 6 sources - dynamic - read 20% (dynamic component)   , 974.01   , 974.01   , 974.01   , 0.000    , dynamic        , dynamic rectangular DAG  , nodesRecomputed=1290004 nodesVisited=1290004 edgesTraversed=7739922 sinkReads=30002             
SolidJS                , 1000x12 - 4 sources - dynamic (large web app)                , 1186.59  , 1186.59  , 1186.59  , 0.000    , dynamic        , dynamic rectangular DAG  , nodesRecomputed=1473786 nodesVisited=1473786 edgesTraversed=5891713 sinkReads=7001000           
SolidJS                , 1000x5 - 25 sources (wide dense)                             , 2807.11  , 2807.11  , 2807.11  , 0.000    , pull           , stable rectangular DAG   , nodesRecomputed=735756 nodesVisited=735756 edgesTraversed=18393900 sinkReads=3001000            
SolidJS                , 5x500 - 3 sources (deep)                                     , 1130.08  , 1130.08  , 1130.08  , 0.000    , pull           , stable rectangular DAG   , nodesRecomputed=1246502 nodesVisited=1246502 edgesTraversed=3739506 sinkReads=2505              
uSignal                , avoidablePropagation                                         , 1622.25  , 1622.25  , 1622.25  , 0.000    , baseline       , selective propagation    ,                                                                                                 
uSignal                , broadPropagation                                             , 1676.56  , 1676.56  , 1676.56  , 0.000    , baseline       , wide fan-out             ,                                                                                                 
uSignal                , deepPropagation                                              , 616.64   , 616.64   , 616.64   , 0.000    , pull           , linear chain             ,                                                                                                 
uSignal                , diamond                                                      , 1066.23  , 1066.23  , 1066.23  , 0.000    , baseline       , diamond                  ,                                                                                                 
uSignal                , mux                                                          , 1668.79  , 1668.79  , 1668.79  , 0.000    , dynamic        , dynamic branch           ,                                                                                                 
uSignal                , repeatedObservers                                            , 191.41   , 191.41   , 191.41   , 0.000    , baseline       , duplicate observer       ,                                                                                                 
uSignal                , triangle                                                     , 383.60   , 383.60   , 383.60   , 0.000    , baseline       , glitch-free triangle     ,                                                                                                 
uSignal                , unstable                                                     , 204.65   , 204.65   , 204.65   , 0.000    , dynamic        , dynamic dependency churn ,                                                                                                 
uSignal                , manyEffectsFromOneSource                                     , 1017.83  , 1017.83  , 1017.83  , 0.000    , push           , wide fan-out             , checksum=180075672000                                                                           
uSignal                , manySourcesIntoOneComputedEffectWithDirect                   , 480.62   , 480.62   , 480.62   , 0.000    , pull           , wide fan-in              , checksum=1372929289844                                                                          
uSignal                , manySourcesIntoOneComputedEffect                             , 461.65   , 461.65   , 461.65   , 0.000    , pull           , wide fan-in              , checksum=1331323690944                                                                          
uSignal                , manySourcesIntoOneDirectEffect                               , 96.06    , 96.06    , 96.06    , 0.000    , pull           , wide fan-in              , checksum=41605598900                                                                            
uSignal                , molBench                                                     , 1155.02  , 1155.02  , 1155.02  , 0.000    , dynamic        , mixed app graph          ,                                                                                                 
uSignal                , createDataSignals                                            , 35.58    , 35.58    , 35.58    , 0.000    , creation       , signal creation          ,                                                                                                 
uSignal                , createComputations0to1                                       , 14.61    , 14.61    , 14.61    , 0.000    , creation       , computed creation        ,                                                                                                 
uSignal                , createComputations1to1                                       , 17.11    , 17.11    , 17.11    , 0.000    , creation       , computed creation        ,                                                                                                 
uSignal                , createComputations2to1                                       , 13.79    , 13.79    , 13.79    , 0.000    , creation       , computed creation        ,                                                                                                 
uSignal                , createComputations4to1                                       , 9.62     , 9.62     , 9.62     , 0.000    , creation       , computed creation        ,                                                                                                 
uSignal                , createComputations1000to1                                    , 0.11     , 0.11     , 0.11     , 0.000    , creation       , computed creation        ,                                                                                                 
uSignal                , createComputations1to2                                       , 18.96    , 18.96    , 18.96    , 0.000    , creation       , computed creation        ,                                                                                                 
uSignal                , createComputations1to4                                       , 18.22    , 18.22    , 18.22    , 0.000    , creation       , computed creation        ,                                                                                                 
uSignal                , createComputations1to8                                       , 19.29    , 19.29    , 19.29    , 0.000    , creation       , computed creation        ,                                                                                                 
uSignal                , createComputations1to1000                                    , 17.02    , 17.02    , 17.02    , 0.000    , creation       , computed creation        ,                                                                                                 
uSignal                , updateComputations1to1                                       , 5.28     , 5.28     , 5.28     , 0.000    , update         , stable update            ,                                                                                                 
uSignal                , updateComputations2to1                                       , 5.06     , 5.06     , 5.06     , 0.000    , update         , stable update            ,                                                                                                 
uSignal                , updateComputations4to1                                       , 2.37     , 2.37     , 2.37     , 0.000    , update         , stable update            ,                                                                                                 
uSignal                , updateComputations1000to1                                    , 0.18     , 0.18     , 0.18     , 0.000    , update         , stable update            ,                                                                                                 
uSignal                , updateComputations1to2                                       , 8.82     , 8.82     , 8.82     , 0.000    , update         , stable update            ,                                                                                                 
uSignal                , updateComputations1to4                                       , 3.51     , 3.51     , 3.51     , 0.000    , update         , stable update            ,                                                                                                 
uSignal                , updateComputations1to1000                                    , 0.33     , 0.33     , 0.33     , 0.000    , update         , stable update            ,                                                                                                 
uSignal                , 64x6 - 4 sources - dynamic - read 12% (dashboard selective r , 1061.06  , 1061.06  , 1061.06  , 0.000    , dynamic        , dynamic rectangular DAG  , nodesRecomputed=2642029 nodesVisited=2642029 edgesTraversed=10568081 sinkReads=960008           
uSignal                , 24x8 - 3 sources - dynamic - read 40% (editor derived state) , 1742.86  , 1742.86  , 1742.86  , 0.000    , dynamic        , dynamic rectangular DAG  , nodesRecomputed=4736332 nodesVisited=4736332 edgesTraversed=14208887 sinkReads=900010           
uSignal                , 120x7 - 5 sources - dynamic - read 18% (kanban board)        , 1114.00  , 1114.00  , 1114.00  , 0.000    , dynamic        , dynamic rectangular DAG  , nodesRecomputed=1765496 nodesVisited=1765496 edgesTraversed=8827231 sinkReads=660022            
uSignal                , 40x10 - 4 sources - dynamic - read 60% (entity detail page)  , 1786.81  , 1786.81  , 1786.81  , 0.000    , dynamic        , dynamic rectangular DAG  , nodesRecomputed=3984210 nodesVisited=3984210 edgesTraversed=15936789 sinkReads=720024           
uSignal                , 256->512x32 - fanIn 4 - layered-dag - 4 sources (layered ful , 338.98   , 338.98   , 338.98   , 0.000    , large_graph    , layered DAG              , nodesRecomputed=249624 nodesVisited=249624 edgesTraversed=998496 sinkReads=61952                
uSignal                , 256->512x32 - fanIn 4 - layered-dag - 4 sources - warm 320 ( , 262.70   , 262.70   , 262.70   , 0.000    , large_graph    , layered DAG              , nodesRecomputed=235200 nodesVisited=235200 edgesTraversed=940800 sinkReads=61952                
uSignal                , 256->512x32 - fanIn 8 - layered-dag - 8 sources - burst 16 - , 3318.82  , 3318.82  , 3318.82  , 0.000    , large_graph    , layered DAG              , nodesRecomputed=1529088 nodesVisited=1529088 edgesTraversed=12232704 sinkReads=49664            
uSignal                , 256->512x32 - fanIn 8 - diamond-mesh - 8 sources - warm 256  , 16.99    , 16.99    , 16.99    , 0.000    , large_graph    , diamond mesh             , nodesRecomputed=24576 nodesVisited=24576 edgesTraversed=196608 sinkReads=49664                  
uSignal                , 32x8 - 4 sources - pull (pure pull)                          , 34.53    , 34.53    , 34.53    , 0.000    , pull           , stable rectangular DAG   , nodesRecomputed=224 nodesVisited=224 edgesTraversed=896 sinkReads=32                            
uSignal                , 8x64 - 1 sources - pull (linear chain - 1 source - pull (lin , 38.84    , 38.84    , 38.84    , 0.000    , pull           , stable rectangular DAG   , nodesRecomputed=504 nodesVisited=504 edgesTraversed=504 sinkReads=8                             
uSignal                , 64x4 - 8 sources - pull (wide tree - 8 sources - pull (branc , 53.95    , 53.95    , 53.95    , 0.000    , pull           , stable rectangular DAG   , nodesRecomputed=192 nodesVisited=192 edgesTraversed=1536 sinkReads=64                           
uSignal                , 32x8 - 4 sources - push (pure push)                          , 487.91   , 487.91   , 487.91   , 0.000    , pull           , stable rectangular DAG   , nodesRecomputed=910133 nodesVisited=910133 edgesTraversed=3640532 sinkReads=220010              
uSignal                , 10x5 - 2 sources - read 20% (simple component)               , 769.58   , 769.58   , 769.58   , 0.000    , pull           , stable rectangular DAG   , nodesRecomputed=3180010 nodesVisited=3180010 edgesTraversed=6360020 sinkReads=1200002           
uSignal                , 10x10 - 6 sources - dynamic - read 20% (dynamic component)   , 773.92   , 773.92   , 773.92   , 0.000    , dynamic        , dynamic rectangular DAG  , nodesRecomputed=1140004 nodesVisited=1140004 edgesTraversed=6839936 sinkReads=30002             
uSignal                , 1000x12 - 4 sources - dynamic (large web app)                , 830.12   , 830.12   , 830.12   , 0.000    , dynamic        , dynamic rectangular DAG  , nodesRecomputed=1473786 nodesVisited=1473786 edgesTraversed=5891713 sinkReads=7001000           
uSignal                , 1000x5 - 25 sources (wide dense)                             , 2139.91  , 2139.91  , 2139.91  , 0.000    , pull           , stable rectangular DAG   , nodesRecomputed=735756 nodesVisited=735756 edgesTraversed=18393900 sinkReads=3001000            
uSignal                , 5x500 - 3 sources (deep)                                     , 585.88   , 585.88   , 585.88   , 0.000    , pull           , stable rectangular DAG   , nodesRecomputed=1246502 nodesVisited=1246502 edgesTraversed=3739506 sinkReads=2505              
@vue/reactivity        , avoidablePropagation                                         , 968.25   , 968.25   , 968.25   , 0.000    , baseline       , selective propagation    ,                                                                                                 
@vue/reactivity        , broadPropagation                                             , 1038.36  , 1038.36  , 1038.36  , 0.000    , baseline       , wide fan-out             ,                                                                                                 
@vue/reactivity        , deepPropagation                                              , 389.29   , 389.29   , 389.29   , 0.000    , pull           , linear chain             ,                                                                                                 
@vue/reactivity        , diamond                                                      , 727.46   , 727.46   , 727.46   , 0.000    , baseline       , diamond                  ,                                                                                                 
@vue/reactivity        , mux                                                          , 1042.60  , 1042.60  , 1042.60  , 0.000    , dynamic        , dynamic branch           ,                                                                                                 
@vue/reactivity        , repeatedObservers                                            , 151.91   , 151.91   , 151.91   , 0.000    , baseline       , duplicate observer       ,                                                                                                 
@vue/reactivity        , triangle                                                     , 297.46   , 297.46   , 297.46   , 0.000    , baseline       , glitch-free triangle     ,                                                                                                 
@vue/reactivity        , unstable                                                     , 190.04   , 190.04   , 190.04   , 0.000    , dynamic        , dynamic dependency churn ,                                                                                                 
@vue/reactivity        , manyEffectsFromOneSource                                     , 506.32   , 506.32   , 506.32   , 0.000    , push           , wide fan-out             , checksum=180075672000                                                                           
@vue/reactivity        , manySourcesIntoOneComputedEffectWithDirect                   , 442.20   , 442.20   , 442.20   , 0.000    , pull           , wide fan-in              , checksum=10692195069556                                                                         
@vue/reactivity        , manySourcesIntoOneComputedEffect                             , 407.13   , 407.13   , 407.13   , 0.000    , pull           , wide fan-in              , checksum=10650589470656                                                                         
@vue/reactivity        , manySourcesIntoOneDirectEffect                               , 97.58    , 97.58    , 97.58    , 0.000    , pull           , wide fan-in              , checksum=41605598900                                                                            
@vue/reactivity        , molBench                                                     , 1457.34  , 1457.34  , 1457.34  , 0.000    , dynamic        , mixed app graph          ,                                                                                                 
@vue/reactivity        , createDataSignals                                            , 11.94    , 11.94    , 11.94    , 0.000    , creation       , signal creation          ,                                                                                                 
@vue/reactivity        , createComputations0to1                                       , 14.15    , 14.15    , 14.15    , 0.000    , creation       , computed creation        ,                                                                                                 
@vue/reactivity        , createComputations1to1                                       , 21.42    , 21.42    , 21.42    , 0.000    , creation       , computed creation        ,                                                                                                 
@vue/reactivity        , createComputations2to1                                       , 22.53    , 22.53    , 22.53    , 0.000    , creation       , computed creation        ,                                                                                                 
@vue/reactivity        , createComputations4to1                                       , 17.90    , 17.90    , 17.90    , 0.000    , creation       , computed creation        ,                                                                                                 
@vue/reactivity        , createComputations1000to1                                    , 0.12     , 0.12     , 0.12     , 0.000    , creation       , computed creation        ,                                                                                                 
@vue/reactivity        , createComputations1to2                                       , 23.42    , 23.42    , 23.42    , 0.000    , creation       , computed creation        ,                                                                                                 
@vue/reactivity        , createComputations1to4                                       , 18.41    , 18.41    , 18.41    , 0.000    , creation       , computed creation        ,                                                                                                 
@vue/reactivity        , createComputations1to8                                       , 20.67    , 20.67    , 20.67    , 0.000    , creation       , computed creation        ,                                                                                                 
@vue/reactivity        , createComputations1to1000                                    , 17.73    , 17.73    , 17.73    , 0.000    , creation       , computed creation        ,                                                                                                 
@vue/reactivity        , updateComputations1to1                                       , 9.20     , 9.20     , 9.20     , 0.000    , update         , stable update            ,                                                                                                 
@vue/reactivity        , updateComputations2to1                                       , 9.19     , 9.19     , 9.19     , 0.000    , update         , stable update            ,                                                                                                 
@vue/reactivity        , updateComputations4to1                                       , 4.97     , 4.97     , 4.97     , 0.000    , update         , stable update            ,                                                                                                 
@vue/reactivity        , updateComputations1000to1                                    , 0.39     , 0.39     , 0.39     , 0.000    , update         , stable update            ,                                                                                                 
@vue/reactivity        , updateComputations1to2                                       , 7.65     , 7.65     , 7.65     , 0.000    , update         , stable update            ,                                                                                                 
@vue/reactivity        , updateComputations1to4                                       , 4.48     , 4.48     , 4.48     , 0.000    , update         , stable update            ,                                                                                                 
@vue/reactivity        , updateComputations1to1000                                    , 0.69     , 0.69     , 0.69     , 0.000    , update         , stable update            ,                                                                                                 
@vue/reactivity        , 64x6 - 4 sources - dynamic - read 12% (dashboard selective r , 1692.76  , 1692.76  , 1692.76  , 0.000    , dynamic        , dynamic rectangular DAG  , nodesRecomputed=2642029 nodesVisited=2642029 edgesTraversed=10568081 sinkReads=960008           
@vue/reactivity        , 24x8 - 3 sources - dynamic - read 40% (editor derived state) , 1731.51  , 1731.51  , 1731.51  , 0.000    , dynamic        , dynamic rectangular DAG  , nodesRecomputed=4736332 nodesVisited=4736332 edgesTraversed=14208887 sinkReads=900010           
@vue/reactivity        , 120x7 - 5 sources - dynamic - read 18% (kanban board)        , 1800.86  , 1800.86  , 1800.86  , 0.000    , dynamic        , dynamic rectangular DAG  , nodesRecomputed=1765496 nodesVisited=1765496 edgesTraversed=8827231 sinkReads=660022            
@vue/reactivity        , 40x10 - 4 sources - dynamic - read 60% (entity detail page)  , 1782.60  , 1782.60  , 1782.60  , 0.000    , dynamic        , dynamic rectangular DAG  , nodesRecomputed=3984210 nodesVisited=3984210 edgesTraversed=15936789 sinkReads=720024           
@vue/reactivity        , 256->512x32 - fanIn 4 - layered-dag - 4 sources (layered ful , 761.87   , 761.87   , 761.87   , 0.000    , large_graph    , layered DAG              , nodesRecomputed=249624 nodesVisited=249624 edgesTraversed=998496 sinkReads=61952                
@vue/reactivity        , 256->512x32 - fanIn 4 - layered-dag - 4 sources - warm 320 ( , 713.63   , 713.63   , 713.63   , 0.000    , large_graph    , layered DAG              , nodesRecomputed=235200 nodesVisited=235200 edgesTraversed=940800 sinkReads=61952                
@vue/reactivity        , 256->512x32 - fanIn 8 - layered-dag - 8 sources - burst 16 - , 2153.65  , 2153.65  , 2153.65  , 0.000    , large_graph    , layered DAG              , nodesRecomputed=1529088 nodesVisited=1529088 edgesTraversed=12232704 sinkReads=49664            
@vue/reactivity        , 256->512x32 - fanIn 8 - diamond-mesh - 8 sources - warm 256  , 315.09   , 315.09   , 315.09   , 0.000    , large_graph    , diamond mesh             , nodesRecomputed=24576 nodesVisited=24576 edgesTraversed=196608 sinkReads=49664                  
@vue/reactivity        , 32x8 - 4 sources - pull (pure pull)                          , 31.81    , 31.81    , 31.81    , 0.000    , pull           , stable rectangular DAG   , nodesRecomputed=224 nodesVisited=224 edgesTraversed=896 sinkReads=32                            
@vue/reactivity        , 8x64 - 1 sources - pull (linear chain - 1 source - pull (lin , 41.74    , 41.74    , 41.74    , 0.000    , pull           , stable rectangular DAG   , nodesRecomputed=504 nodesVisited=504 edgesTraversed=504 sinkReads=8                             
@vue/reactivity        , 64x4 - 8 sources - pull (wide tree - 8 sources - pull (branc , 34.27    , 34.27    , 34.27    , 0.000    , pull           , stable rectangular DAG   , nodesRecomputed=192 nodesVisited=192 edgesTraversed=1536 sinkReads=64                           
@vue/reactivity        , 32x8 - 4 sources - push (pure push)                          , 437.74   , 437.74   , 437.74   , 0.000    , pull           , stable rectangular DAG   , nodesRecomputed=910133 nodesVisited=910133 edgesTraversed=3640532 sinkReads=220010              
@vue/reactivity        , 10x5 - 2 sources - read 20% (simple component)               , 764.84   , 764.84   , 764.84   , 0.000    , pull           , stable rectangular DAG   , nodesRecomputed=3180010 nodesVisited=3180010 edgesTraversed=6360020 sinkReads=1200002           
@vue/reactivity        , 10x10 - 6 sources - dynamic - read 20% (dynamic component)   , 512.27   , 512.27   , 512.27   , 0.000    , dynamic        , dynamic rectangular DAG  , nodesRecomputed=1140004 nodesVisited=1140004 edgesTraversed=6839936 sinkReads=30002             
@vue/reactivity        , 1000x12 - 4 sources - dynamic (large web app)                , 15040.38 , 15040.38 , 15040.38 , 0.000    , dynamic        , dynamic rectangular DAG  , nodesRecomputed=1473786 nodesVisited=1473786 edgesTraversed=5891713 sinkReads=7001000           
@vue/reactivity        , 1000x5 - 25 sources (wide dense)                             , 11938.77 , 11938.77 , 11938.77 , 0.000    , pull           , stable rectangular DAG   , nodesRecomputed=735756 nodesVisited=735756 edgesTraversed=18393900 sinkReads=3001000            
@vue/reactivity        , 5x500 - 3 sources (deep)                                     , 501.40   , 501.40   , 501.40   , 0.000    , pull           , stable rectangular DAG   , nodesRecomputed=1246502 nodesVisited=1246502 edgesTraversed=3739506 sinkReads=2505              
MobX                   , avoidablePropagation                                         , 2069.30  , 2069.30  , 2069.30  , 0.000    , baseline       , selective propagation    ,                                                                                                 
MobX                   , broadPropagation                                             , 3639.19  , 3639.19  , 3639.19  , 0.000    , baseline       , wide fan-out             ,                                                                                                 
MobX                   , deepPropagation                                              , 1283.13  , 1283.13  , 1283.13  , 0.000    , pull           , linear chain             ,                                                                                                 
MobX                   , diamond                                                      , 1897.97  , 1897.97  , 1897.97  , 0.000    , baseline       , diamond                  ,                                                                                                 
MobX                   , mux                                                          , 1710.51  , 1710.51  , 1710.51  , 0.000    , dynamic        , dynamic branch           ,                                                                                                 
MobX                   , repeatedObservers                                            , 283.34   , 283.34   , 283.34   , 0.000    , baseline       , duplicate observer       ,                                                                                                 
MobX                   , triangle                                                     , 781.98   , 781.98   , 781.98   , 0.000    , baseline       , glitch-free triangle     ,                                                                                                 
MobX                   , unstable                                                     , 511.03   , 511.03   , 511.03   , 0.000    , dynamic        , dynamic dependency churn ,                                                                                                 
MobX                   , manyEffectsFromOneSource                                     , 2243.87  , 2243.87  , 2243.87  , 0.000    , push           , wide fan-out             , checksum=180075672000                                                                           
MobX                   , manySourcesIntoOneComputedEffectWithDirect                   , 422.58   , 422.58   , 422.58   , 0.000    , pull           , wide fan-in              , checksum=1372929289844                                                                          
MobX                   , manySourcesIntoOneComputedEffect                             , 398.10   , 398.10   , 398.10   , 0.000    , pull           , wide fan-in              , checksum=1331323690944                                                                          
MobX                   , manySourcesIntoOneDirectEffect                               , 114.33   , 114.33   , 114.33   , 0.000    , pull           , wide fan-in              , checksum=41605598900                                                                            
MobX                   , molBench                                                     , 629.72   , 629.72   , 629.72   , 0.000    , dynamic        , mixed app graph          ,                                                                                                 
MobX                   , createDataSignals                                            , 57.43    , 57.43    , 57.43    , 0.000    , creation       , signal creation          ,                                                                                                 
MobX                   , createComputations0to1                                       , 31.31    , 31.31    , 31.31    , 0.000    , creation       , computed creation        ,                                                                                                 
MobX                   , createComputations1to1                                       , 32.45    , 32.45    , 32.45    , 0.000    , creation       , computed creation        ,                                                                                                 
MobX                   , createComputations2to1                                       , 21.73    , 21.73    , 21.73    , 0.000    , creation       , computed creation        ,                                                                                                 
MobX                   , createComputations4to1                                       , 15.54    , 15.54    , 15.54    , 0.000    , creation       , computed creation        ,                                                                                                 
MobX                   , createComputations1000to1                                    , 0.31     , 0.31     , 0.31     , 0.000    , creation       , computed creation        ,                                                                                                 
MobX                   , createComputations1to2                                       , 33.03    , 33.03    , 33.03    , 0.000    , creation       , computed creation        ,                                                                                                 
MobX                   , createComputations1to4                                       , 32.46    , 32.46    , 32.46    , 0.000    , creation       , computed creation        ,                                                                                                 
MobX                   , createComputations1to8                                       , 29.64    , 29.64    , 29.64    , 0.000    , creation       , computed creation        ,                                                                                                 
MobX                   , createComputations1to1000                                    , 29.12    , 29.12    , 29.12    , 0.000    , creation       , computed creation        ,                                                                                                 
MobX                   , updateComputations1to1                                       , 19.31    , 19.31    , 19.31    , 0.000    , update         , stable update            ,                                                                                                 
MobX                   , updateComputations2to1                                       , 14.84    , 14.84    , 14.84    , 0.000    , update         , stable update            ,                                                                                                 
MobX                   , updateComputations4to1                                       , 11.41    , 11.41    , 11.41    , 0.000    , update         , stable update            ,                                                                                                 
MobX                   , updateComputations1000to1                                    , 0.85     , 0.85     , 0.85     , 0.000    , update         , stable update            ,                                                                                                 
MobX                   , updateComputations1to2                                       , 13.26    , 13.26    , 13.26    , 0.000    , update         , stable update            ,                                                                                                 
MobX                   , updateComputations1to4                                       , 7.98     , 7.98     , 7.98     , 0.000    , update         , stable update            ,                                                                                                 
MobX                   , updateComputations1to1000                                    , 1.11     , 1.11     , 1.11     , 0.000    , update         , stable update            ,                                                                                                 
MobX                   , 64x6 - 4 sources - dynamic - read 12% (dashboard selective r , 2183.43  , 2183.43  , 2183.43  , 0.000    , dynamic        , dynamic rectangular DAG  , nodesRecomputed=2642029 nodesVisited=2642029 edgesTraversed=10568081 sinkReads=960008           
MobX                   , 24x8 - 3 sources - dynamic - read 40% (editor derived state) , 3504.24  , 3504.24  , 3504.24  , 0.000    , dynamic        , dynamic rectangular DAG  , nodesRecomputed=4736332 nodesVisited=4736332 edgesTraversed=14208887 sinkReads=900010           
MobX                   , 120x7 - 5 sources - dynamic - read 18% (kanban board)        , 1902.81  , 1902.81  , 1902.81  , 0.000    , dynamic        , dynamic rectangular DAG  , nodesRecomputed=1765496 nodesVisited=1765496 edgesTraversed=8827231 sinkReads=660022            
MobX                   , 40x10 - 4 sources - dynamic - read 60% (entity detail page)  , 3619.88  , 3619.88  , 3619.88  , 0.000    , dynamic        , dynamic rectangular DAG  , nodesRecomputed=3984210 nodesVisited=3984210 edgesTraversed=15936789 sinkReads=720024           
MobX                   , 256->512x32 - fanIn 4 - layered-dag - 4 sources (layered ful , 493.19   , 493.19   , 493.19   , 0.000    , large_graph    , layered DAG              , nodesRecomputed=249624 nodesVisited=249624 edgesTraversed=998496 sinkReads=61952                
MobX                   , 256->512x32 - fanIn 4 - layered-dag - 4 sources - warm 320 ( , 524.72   , 524.72   , 524.72   , 0.000    , large_graph    , layered DAG              , nodesRecomputed=249624 nodesVisited=249624 edgesTraversed=998496 sinkReads=61952                
MobX                   , 256->512x32 - fanIn 8 - layered-dag - 8 sources - burst 16 - , 3761.03  , 3761.03  , 3761.03  , 0.000    , large_graph    , layered DAG              , nodesRecomputed=1529544 nodesVisited=1529544 edgesTraversed=12236352 sinkReads=49664            
MobX                   , 256->512x32 - fanIn 8 - diamond-mesh - 8 sources - warm 256  , 73.82    , 73.82    , 73.82    , 0.000    , large_graph    , diamond mesh             , nodesRecomputed=40704 nodesVisited=40704 edgesTraversed=325632 sinkReads=49664                  
MobX                   , 32x8 - 4 sources - pull (pure pull)                          , 45.44    , 45.44    , 45.44    , 0.000    , pull           , stable rectangular DAG   , nodesRecomputed=2240 nodesVisited=2240 edgesTraversed=8960 sinkReads=32                         
MobX                   , 8x64 - 1 sources - pull (linear chain - 1 source - pull (lin , 46.66    , 46.66    , 46.66    , 0.000    , pull           , stable rectangular DAG   , nodesRecomputed=504 nodesVisited=504 edgesTraversed=504 sinkReads=8                             
MobX                   , 64x4 - 8 sources - pull (wide tree - 8 sources - pull (branc , 48.47    , 48.47    , 48.47    , 0.000    , pull           , stable rectangular DAG   , nodesRecomputed=1536 nodesVisited=1536 edgesTraversed=12288 sinkReads=64                        
MobX                   , 32x8 - 4 sources - push (pure push)                          , 1050.80  , 1050.80  , 1050.80  , 0.000    , pull           , stable rectangular DAG   , nodesRecomputed=910133 nodesVisited=910133 edgesTraversed=3640532 sinkReads=220010              
MobX                   , 10x5 - 2 sources - read 20% (simple component)               , 1746.88  , 1746.88  , 1746.88  , 0.000    , pull           , stable rectangular DAG   , nodesRecomputed=3180010 nodesVisited=3180010 edgesTraversed=6360020 sinkReads=1200002           
MobX                   , 10x10 - 6 sources - dynamic - read 20% (dynamic component)   , 1380.23  , 1380.23  , 1380.23  , 0.000    , dynamic        , dynamic rectangular DAG  , nodesRecomputed=1140004 nodesVisited=1140004 edgesTraversed=6839936 sinkReads=30002             
MobX                   , 1000x12 - 4 sources - dynamic (large web app)                , 1917.52  , 1917.52  , 1917.52  , 0.000    , dynamic        , dynamic rectangular DAG  , nodesRecomputed=1473786 nodesVisited=1473786 edgesTraversed=5891713 sinkReads=7001000           
MobX                   , 1000x5 - 25 sources (wide dense)                             , 2729.27  , 2729.27  , 2729.27  , 0.000    , pull           , stable rectangular DAG   , nodesRecomputed=735756 nodesVisited=735756 edgesTraversed=18393900 sinkReads=3001000            
MobX                   , 5x500 - 3 sources (deep)                                     , 1239.56  , 1239.56  , 1239.56  , 0.000    , pull           , stable rectangular DAG   , nodesRecomputed=1246502 nodesVisited=1246502 edgesTraversed=3739506 sinkReads=2505              
